#VRML V2.0 utf8
# 3D model generated by easyeda2kicad.py (https://github.com/uPesy/easyeda2kicad.py)

Shape{
    appearance Appearance {
        material  Material 	{
            diffuseColor 1.0 1.0 1.0
            specularColor 0.5019607843137255 0.5019607843137255 0.5019607843137255
            ambientIntensity 1.0
            transparency 0.0
            shininess 0.5
        }
    }
    geometry IndexedFaceSet {
        ccw TRUE
        solid FALSE
        coord DEF co Coordinate {
            point [
                4.0925 -0.2897 0.0394, 4.1713 -0.2897 0.0394, 4.0925 -0.4275 0.0394, 4.1713 -0.4275 0.0394, 4.1713 -0.8803 0.0394, 4.0925 -0.8803 0.0394, 4.1713 -0.7425 0.0394, 4.0925 -0.7425 0.0394, 4.0925 0.3402 0.3543, 4.1713 0.3402 0.3543, 4.1713 0.2755 0.3543, 4.1713 -0.2897 0.3543, 4.0925 -0.2897 0.3543, 4.1713 0.0844 0.3543, 4.1713 0.2643 0.3543, 4.1713 -1.6874 0.3543, 4.0925 -1.6874 0.3543, 4.1713 -1.2635 0.3543, 4.0925 -0.8803 0.3543, 4.1713 -0.8803 0.3543, -4.0965 -0.8803 0.0394, -4.1752 -0.8803 0.0394, -4.0965 -0.7425 0.0394, -4.1752 -0.7425 0.0394, -4.0965 -0.8803 0.3543, -4.0965 -1.6874 0.3543, -4.1752 -0.8803 0.3543, -4.1752 -1.6874 0.3543, -4.0965 0.3402 0.0394, -4.1752 0.3402 0.0394, -4.0965 0.478 0.0394, -4.1752 0.478 0.0394, -4.1752 -0.2897 0.3543, -4.1752 0.3402 0.3543, -4.0965 -0.2897 0.3543, -4.0965 0.3402 0.3543, 4.1713 0.3402 0.0394, 4.0925 0.3402 0.0394, 4.1713 0.4336 0.0394, 4.0925 0.478 0.0394, 4.1713 0.478 0.0394, 4.0925 1.8286 0.3543, 4.1713 1.8286 0.3543, 4.0925 0.9308 0.3543, 4.1713 0.9308 0.3543, 2.2505 1.1492 1.245, 2.2505 0.9836 1.245, 2.4162 0.9836 1.245, 2.8524 0.8226 1.245, 2.4162 0.926 1.245, 2.8524 0.577 1.245, 2.2505 0.926 1.245, 2.8343 0.9601 1.245, 2.7812 1.0883 1.245, 2.2505 0.7603 1.245, 2.1929 0.7603 1.245, 1.5531 0.577 1.245, 2.1929 0.926 1.245, 2.0273 0.926 1.245, 2.1929 1.1492 1.245, 1.9471 1.3359 1.245, 1.8189 1.2828 1.245, 1.6244 1.0883 1.245, 1.5713 0.9601 1.245, 1.5531 0.8226 1.245, 2.0846 1.3541 1.245, 2.3209 1.3541 1.245, 2.6967 1.1984 1.245, 2.5866 1.2828 1.245, 2.4584 1.3359 1.245, 2.1929 0.9836 1.245, 2.0273 0.9836 1.245, 1.7088 1.1984 1.245, 4.1713 0.0844 0.9236, 4.1713 0.0844 0.8688, 4.1713 0.2643 0.8688, 4.1713 0.3357 1.1119, 4.1713 0.3498 1.1136, 4.1713 0.2755 1.1136, 4.1713 0.0844 0.5532, 4.1713 0.4685 1.0905, 4.1713 0.4685 1.0307, 4.1713 0.519 1.0307, 4.1713 0.48 0.6281, 4.1713 0.4723 0.6272, 4.1713 0.519 0.6272, 4.1713 0.4366 0.6283, 4.1713 0.4336 0.6294, 4.1713 0.4336 0.6272, 4.1713 0.7025 0.7941, 4.1713 0.7025 0.7343, 4.1713 0.7375 0.7343, 4.1713 -0.0775 0.9663, 4.1713 -0.0415 0.9358, 4.1713 0.0844 1.1136, 4.1713 -0.2247 1.1136, 4.1713 -0.1953 1.0931, 4.1713 -0.1484 1.0378, 4.1713 -0.1236 0.9881, 4.1713 -0.117 0.9859, 4.1713 -0.376 1.1621, 4.1713 -0.3113 1.1541, 4.1713 0.0844 1.5354, 4.1713 -0.2455 1.1281, 4.1713 -0.4342 1.1558, 4.1713 -1.2635 1.5354, 4.1713 -0.496 1.134, 4.1713 -0.5299 1.1136, 4.1713 -1.2635 1.1136, 4.1713 -0.5354 1.1103, 4.1713 -1.2635 0.9236, 4.1713 -0.8207 0.9236, 4.1713 -0.809 0.9499, 4.1713 -0.7771 0.9908, 4.1713 -0.6763 1.0482, 4.1713 -0.6244 1.0545, 4.1713 -0.5666 1.0836, 4.1713 -0.6091 1.0537, 4.1713 -0.5938 1.0519, 4.1713 -0.7678 0.9996, 4.1713 -0.7255 1.0292, 4.1713 -0.7432 0.6598, 4.1713 -0.7838 0.6946, 4.1713 -1.2635 0.6272, 4.1713 -0.6953 0.6362, 4.1713 -0.8143 0.7382, 4.1713 -0.8332 0.7877, 4.1713 -1.2635 0.8688, 4.1713 -0.8395 0.8393, 4.1713 -0.8392 0.8522, 4.1713 -0.8362 0.8688, 4.1713 -0.8302 0.9021, 4.1713 -0.6775 0.6308, 4.1713 -0.6758 0.6272, 4.1713 -0.6642 0.6023, 4.1713 -1.2635 0.5532, 4.1713 -0.6444 0.5779, 4.1713 -0.6062 0.5532, 4.1713 -0.6184 0.5583, 4.1713 -0.431 -1.074, 4.1713 -0.4275 -1.0433, 4.1713 -0.5653 -1.1811, 4.1713 -0.6047 -1.1811, 4.1713 -0.7425 -1.0433, 4.1713 -0.6906 -1.151, 4.1713 -0.6645 -1.1675, 4.1713 -0.6353 -1.1776, 4.1713 -0.4963 0.5532, 4.1713 -0.5192 0.5444, 4.1713 -0.5513 0.5405, 4.1713 -0.5564 0.5406, 4.1713 -0.5878 0.5455, 4.1713 -0.739 -1.074, 4.1713 -0.7288 -1.1031, 4.1713 -0.7124 -1.1292, 4.1713 -0.5055 -1.1675, 4.1713 -0.4794 -1.151, 4.1713 -0.5347 -1.1776, 4.1713 -0.4576 -1.1292, 4.1713 -0.4412 -1.1031, 4.1713 -0.4268 0.6272, 4.1713 -0.4269 0.6267, 4.1713 -0.4426 0.5971, 4.1713 -0.4631 0.5742, 4.1713 -0.4895 0.5558, 4.1713 0.0019 0.8574, 4.1713 0.0079 0.8141, 4.1713 -0.2572 0.7056, 4.1713 -0.2481 0.7092, 4.1713 -0.2325 0.7849, 4.1713 -0.4517 0.7623, 4.1713 -0.2737 0.8553, 4.1713 -0.4749 0.7834, 4.1713 -0.5031 0.7985, 4.1713 -0.2654 0.6998, 4.1713 -0.0149 0.7246, 4.1713 -0.0412 0.6879, 4.1713 0.0844 0.6272, 4.1713 -0.0751 0.8244, 4.1713 -0.0813 0.8499, 4.1713 -0.0915 0.8688, 4.1713 -0.7526 0.8688, 4.1713 0.0018 0.7667, 4.1713 -0.2378 0.7105, 4.1713 -0.2365 0.7104, 4.1713 -0.2325 0.7095, 4.1713 -0.7448 0.7891, 4.1713 -0.7289 0.7621, 4.1713 -0.6615 0.7484, 4.1713 -0.7051 0.7376, 4.1713 -0.6762 0.7198, 4.1713 -0.6123 0.7923, 4.1713 -0.6395 0.7735, 4.1713 -0.7559 0.842, 4.1713 -0.7543 0.8216, 4.1713 -0.583 0.8036, 4.1713 -0.5513 0.8075, 4.1713 -0.5351 0.8065, 4.1713 -0.0774 0.6573, 4.1713 -0.1179 0.6375, 4.1713 -0.1621 0.6281, 4.1713 -0.279 0.6693, 4.1713 -0.2787 0.6746, 4.1713 -0.4185 0.6866, 4.1713 -0.276 0.6847, 4.1713 -0.2709 0.6937, 4.1713 -0.1014 0.7425, 4.1713 -0.0868 0.7633, 4.1713 -0.0776 0.7869, 4.1713 -0.0744 0.8128, 4.1713 -0.2405 0.6281, 4.1713 -0.2479 0.6293, 4.1713 -0.2567 0.6328, 4.1713 -0.2654 0.6389, 4.1713 -0.2684 0.6421, 4.1713 -0.2742 0.6504, 4.1713 -0.2777 0.6594, 4.1713 -0.4192 0.6595, 4.1713 -0.4185 0.6733, 4.1713 -0.2298 0.7092, 4.1713 -0.1701 0.7092, 4.1713 -0.1463 0.7137, 4.1713 -0.1228 0.7246, 4.1713 -0.1032 0.7406, 4.1713 -0.1887 0.9164, 4.1713 -0.7405 0.9038, 4.1713 -0.7519 0.8741, 4.1713 -0.178 0.9164, 4.1713 -0.0936 0.8728, 4.1713 -0.109 0.89, 4.1713 -0.1296 0.9043, 4.1713 -0.1528 0.9133, 4.1713 -0.2173 0.9961, 4.1713 -0.2472 1.0319, 4.1713 -0.5526 0.9549, 4.1713 -0.2506 1.0351, 4.1713 -0.288 1.0609, 4.1713 -0.5323 0.9969, 4.1713 -0.7267 0.9236, 4.1713 -0.5622 0.9601, 4.1713 -0.1902 0.9236, 4.1713 -0.1968 0.9533, 4.1713 -0.592 0.971, 4.1713 -0.623 0.9748, 4.1713 -0.6368 0.9741, 4.1713 -0.5026 1.0325, 4.1713 -0.3296 1.0769, 4.1713 -0.4669 1.0586, 4.1713 -0.3746 1.0824, 4.1713 -0.4235 1.0761, 4.1713 -0.6696 0.9664, 4.1713 -0.6992 0.9507, 4.1713 -0.7221 0.9302, 4.1713 -0.0327 0.9236, 4.1713 -0.0144 0.898, 4.1713 -0.0027 0.8688, 4.1713 0.7788 0.6501, 4.1713 0.7788 0.6288, 4.1713 0.7965 0.6272, 4.1713 0.7375 0.6272, 4.1713 0.7965 0.8688, 4.1713 0.7746 0.7941, 4.1713 0.7746 0.8156, 4.1713 0.7025 0.6501, 4.1713 0.7375 0.6501, 4.1713 0.7025 0.7129, 4.1713 0.7375 0.7129, 4.1713 0.7693 0.7129, 4.1713 0.7693 0.7343, 4.1713 0.7375 0.7941, 4.1713 0.7375 0.6288, 4.1713 0.6784 0.6288, 4.1713 0.6657 0.6272, 4.1713 0.6784 0.8156, 4.1713 0.2926 0.6916, 4.1713 0.2969 0.7301, 4.1713 0.2877 0.684, 4.1713 0.2849 0.6754, 4.1713 0.391 0.6288, 4.1713 0.3676 0.6288, 4.1713 0.3391 0.6272, 4.1713 0.3485 0.7454, 4.1713 0.3406 0.7463, 4.1713 0.3281 0.7081, 4.1713 0.4228 0.6576, 4.1713 0.391 0.7147, 4.1713 0.4228 0.6335, 4.1713 0.2994 0.6979, 4.1713 0.3089 0.7031, 4.1713 0.313 0.7403, 4.1713 0.3276 0.745, 4.1713 0.2755 0.5532, 4.1713 0.3126 0.6272, 4.1713 0.2755 0.6272, 4.1713 0.3121 0.6273, 4.1713 0.3032 0.6306, 4.1713 0.3191 0.7624, 4.1713 0.2755 0.8688, 4.1713 0.3017 0.7557, 4.1713 0.2969 0.7529, 4.1713 0.3676 0.6494, 4.1713 0.367 0.6494, 4.1713 0.3616 0.6416, 4.1713 0.354 0.6343, 4.1713 0.3484 0.6308, 4.1713 0.2953 0.6361, 4.1713 0.2927 0.6387, 4.1713 0.2878 0.6459, 4.1713 0.4325 0.6517, 4.1713 0.4336 0.6513, 4.1713 0.4336 0.701, 4.1713 0.285 0.6538, 4.1713 0.2838 0.6645, 4.1713 0.4239 0.7171, 4.1713 0.3888 0.7342, 4.1713 0.4229 0.7262, 4.1713 0.3676 0.7136, 4.1713 0.3668 0.724, 4.1713 0.3644 0.7323, 4.1713 0.3617 0.7371, 4.1713 0.3428 0.7653, 4.1713 0.3586 0.7636, 4.1713 0.3681 0.7604, 4.1713 0.4238 0.7346, 4.1713 0.4266 0.7421, 4.1713 0.385 0.7443, 4.1713 0.4309 0.7484, 4.1713 0.38 0.7515, 4.1713 0.3756 0.7558, 4.1713 0.4334 0.7011, 4.1713 0.4295 0.7051, 4.1713 0.4265 0.71, 4.1713 0.3581 0.7409, 4.1713 0.354 0.7435, 4.1713 0.4458 0.6272, 4.1713 0.4336 0.5532, 4.1713 0.459 0.6256, 4.1713 0.5065 0.7594, 4.1713 0.5065 0.7366, 4.1713 0.4336 0.7508, 4.1713 0.4336 0.8688, 4.1713 0.4379 0.7547, 4.1713 0.4458 0.7593, 4.1713 0.5118 0.6557, 4.1713 0.5089 0.6483, 4.1713 0.5045 0.6421, 4.1713 0.4589 0.7637, 4.1713 0.4749 0.7653, 4.1713 0.519 0.8688, 4.1713 0.4913 0.7638, 4.1713 0.505 0.6871, 4.1713 0.5094 0.6807, 4.1713 0.5119 0.6738, 4.1713 0.5129 0.6651, 4.1713 0.4978 0.6362, 4.1713 0.4923 0.6329, 4.1713 0.4726 0.7463, 4.1713 0.4656 0.7458, 4.1713 0.447 0.7283, 4.1713 0.4594 0.7441, 4.1713 0.4541 0.7413, 4.1713 0.4472 0.7252, 4.1713 0.4482 0.7216, 4.1713 0.4498 0.7184, 4.1713 0.4521 0.7159, 4.1713 0.4604 0.7107, 4.1713 0.4871 0.7447, 4.1713 0.4749 0.7044, 4.1713 0.5004 0.74, 4.1713 0.4839 0.7008, 4.1713 0.4995 0.6921, 4.1713 0.4506 0.7382, 4.1713 0.4486 0.7352, 4.1713 0.4474 0.732, 4.1713 0.4472 0.6463, 4.1713 0.4583 0.6874, 4.1713 0.4444 0.6938, 4.1713 0.4612 0.6447, 4.1713 0.4623 0.6447, 4.1713 0.4737 0.681, 4.1713 0.4743 0.6461, 4.1713 0.4888 0.6628, 4.1713 0.4886 0.6657, 4.1713 0.4803 0.6483, 4.1713 0.4824 0.6496, 4.1713 0.4851 0.652, 4.1713 0.4872 0.655, 4.1713 0.4884 0.6583, 4.1713 0.4876 0.6694, 4.1713 0.4857 0.6725, 4.1713 0.4828 0.6755, 4.1713 0.865 0.9763, 4.1713 0.7965 0.9763, 4.1713 0.8841 0.9252, 4.1713 0.7965 0.9236, 4.1713 0.9107 0.9252, 4.1713 1.8286 0.9236, 4.1713 1.8286 1.1136, 4.1713 0.8396 1.112, 4.1713 0.7965 1.1136, 4.1713 0.7872 0.9763, 4.1713 0.7693 0.9252, 4.1713 0.7375 0.9236, 4.1713 0.7426 0.9252, 4.1713 0.7375 1.1136, 4.1713 0.7965 1.0665, 4.1713 0.8138 1.112, 4.1713 0.6657 0.9236, 4.1713 0.6633 0.929, 4.1713 0.6315 0.9252, 4.1713 0.6335 1.112, 4.1713 0.6657 1.1136, 4.1713 0.5625 1.1136, 4.1713 0.5625 0.9236, 4.1713 0.5802 0.9252, 4.1713 0.5802 1.112, 4.1713 0.7272 0.9872, 4.1713 0.718 0.9679, 4.1713 0.7107 1.0808, 4.1713 0.7222 1.0645, 4.1713 0.7041 0.9513, 4.1713 0.6846 0.9374, 4.1713 0.6657 0.93, 4.1713 0.7041 1.0873, 4.1713 0.662 1.1089, 4.1713 0.6657 1.1075, 4.1713 0.6845 1.1006, 4.1713 0.7292 1.0467, 4.1713 0.7323 1.021, 4.1713 0.7317 1.0091, 4.1713 0.519 1.1136, 4.1713 0.5406 1.112, 4.1713 0.519 1.112, 4.1713 0.4685 0.9465, 4.1713 0.519 0.9465, 4.1713 0.4685 1.0093, 4.1713 0.519 1.0093, 4.1713 0.5353 1.0093, 4.1713 0.5449 0.9465, 4.1713 0.5353 1.0307, 4.1713 0.5406 1.0905, 4.1713 0.519 1.0905, 4.1713 0.4444 0.9252, 4.1713 0.4336 0.9236, 4.1713 0.519 0.9236, 4.1713 0.5449 0.9252, 4.1713 0.519 0.9252, 4.1713 0.4444 1.112, 4.1713 0.4336 1.1136, 4.1713 1.8286 0.5532, 4.1713 0.7965 0.5532, 4.1713 0.9308 0.0394, 4.1713 0.7375 0.5532, 4.1713 0.793 0.0394, 4.1713 0.7965 0.0394, 4.1713 0.7375 -1.1533, 4.1713 0.7411 -1.151, 4.1713 0.793 -1.0433, 4.1713 0.7629 -1.1292, 4.1713 0.7895 -1.074, 4.1713 0.7793 -1.1031, 4.1713 0.7149 -1.1675, 4.1713 0.6657 0.5532, 4.1713 0.6858 -1.1776, 4.1713 0.6158 -1.1811, 4.1713 0.5851 -1.1776, 4.1713 0.5625 0.5532, 4.1713 0.6552 -1.1811, 4.1713 0.6657 -1.1799, 4.1713 0.519 0.5532, 4.1713 0.519 -1.1401, 4.1713 0.5299 -1.151, 4.1713 0.556 -1.1675, 4.1713 0.5625 -1.1697, 4.1713 0.478 -1.0433, 4.1713 0.5081 -1.1292, 4.1713 0.4814 -1.074, 4.1713 0.4916 -1.1031, 4.1713 0.2643 0.5532, 4.1713 0.3828 1.1136, 4.1713 0.3872 1.1132, 4.1713 0.407 1.1075, 4.1713 0.407 1.0823, 4.1713 0.407 0.956, 4.1713 0.407 0.9329, 4.1713 0.4038 0.9313, 4.1713 0.3837 0.9247, 4.1713 0.3718 0.9236, 4.1713 0.386 1.0906, 4.1713 0.363 1.0934, 4.1713 0.4049 1.0834, 4.1713 0.3537 1.0929, 4.1713 0.3377 1.0894, 4.1713 0.3232 1.0821, 4.1713 0.312 1.0727, 4.1713 0.3108 1.0713, 4.1713 0.3018 1.0583, 4.1713 0.2955 1.0422, 4.1713 0.2924 1.0165, 4.1713 0.2928 1.0075, 4.1713 0.2961 0.9893, 4.1713 0.3675 0.9438, 4.1713 0.3886 0.9478, 4.1713 0.3267 0.9509, 4.1713 0.3401 0.9458, 4.1713 0.3588 0.9435, 4.1713 0.3024 0.9745, 4.1713 0.3108 0.9632, 4.1713 0.3145 0.9595, 4.1713 0.3627 1.1152, 4.1713 0.2755 1.5354, 4.1713 0.4336 1.5354, 4.1713 0.2805 1.07, 4.1713 0.2941 1.0876, 4.1713 0.2987 1.092, 4.1713 0.3162 1.1043, 4.1713 0.2755 0.9727, 4.1713 0.2708 0.9846, 4.1713 0.2643 0.9236, 4.1713 0.2671 1.0151, 4.1713 0.2674 1.0248, 4.1713 0.2643 1.1136, 4.1713 0.2717 1.0492, 4.1713 0.2755 1.0581, 4.1713 0.3061 0.935, 4.1713 0.2911 0.9475, 4.1713 0.2755 0.9236, 4.1713 0.2896 0.9492, 4.1713 0.2784 0.9651, 4.1713 0.3553 0.922, 4.1713 0.344 0.9226, 4.1713 0.3389 0.9236, 4.1713 0.3237 0.9267, 4.1713 0.3391 0.6272, 4.1713 0.3261 0.6256, 4.1713 0.6289 0.7622, 4.1713 0.6531 0.7622, 4.1713 0.6657 0.8688, 4.1713 0.7375 0.8156, 4.1713 0.7375 0.8688, 4.1713 0.5999 0.6272, 4.1713 0.5861 0.6619, 4.1713 0.5889 0.6509, 4.1713 0.5896 0.6509, 4.1713 0.5625 0.8688, 4.1713 0.5625 0.7297, 4.1713 0.5924 0.6617, 4.1713 0.5906 0.6555, 4.1713 0.5625 0.6272, 4.1713 0.5625 0.6669, 4.1713 0.525 0.7622, 4.1713 0.5512 0.7622, 4.1713 0.5774 0.6291, 4.1713 0.5766 0.6272, 4.1713 0.5671 0.6048, 4.1713 0.5299 0.5678, 4.1713 0.5299 0.5887, 4.1713 0.5581 0.5914, 4.1713 0.5624 0.5963, 4.1713 0.5625 0.5964, 4.1713 0.5347 0.5871, 4.1713 0.5431 0.586, 4.1713 0.5625 0.5701, 4.1713 0.5544 0.567, 4.1713 0.545 0.5659, 4.1713 0.5398 0.5661, 4.1713 0.5491 0.5867, 4.1713 0.5542 0.5887, 4.1713 0.5926 0.6086, 4.1713 0.582 0.588, 4.1713 0.5734 0.5777, 4.1713 0.5718 0.5763, 4.1713 0.5637 0.5705, 4.1713 -1.6874 0.5532, 4.1713 -1.6874 0.6272, 4.1713 -1.6874 0.8688, 4.1713 -1.6874 0.9236, 4.1713 -1.6874 1.1136, 4.1713 -1.6874 1.5354, 4.1713 0.2595 0.9465, 4.1713 0.2595 0.9252, 4.1713 0.1609 0.9252, 4.1713 0.1851 1.112, 4.1713 0.1851 0.9465, 4.1713 0.1609 1.112, 4.1713 0.2643 0.6272, 4.1713 0.2614 0.6288, 4.1713 0.1609 0.6288, 4.1713 0.2614 0.6501, 4.1713 0.2572 0.7941, 4.1713 0.1851 0.7129, 4.1713 0.1851 0.6501, 4.1713 0.2519 0.7129, 4.1713 0.2519 0.7343, 4.1713 0.1851 0.7343, 4.1713 0.1851 0.7941, 4.1713 0.1609 0.8156, 4.1713 0.2572 0.8156, 4.1713 0.2643 1.5354, 4.1713 0.519 1.5354, 4.1713 0.5625 1.5354, 4.1713 0.6657 1.5354, 4.1713 0.7375 1.5354, 4.1713 0.7965 1.5354, 4.1713 1.8286 1.5354, 4.1713 0.8655 0.6288, 4.1713 0.8141 0.6288, 4.1713 0.8141 0.8156, 4.1713 1.1181 0.6288, 4.1713 1.1447 0.6288, 4.1713 1.8286 0.6272, 4.1713 1.0735 0.8156, 4.1713 1.8286 0.8688, 4.1713 1.099 0.6799, 4.1713 1.0212 0.6799, 4.1713 1.0032 0.6288, 4.1713 0.9766 0.6288, 4.1713 1.0478 0.8156, 4.1713 0.9519 0.6715, 4.1713 0.9381 0.655, 4.1713 0.9186 0.641, 4.1713 0.8973 0.6327, 4.1713 0.9381 0.7909, 4.1713 0.9446 0.7844, 4.1713 0.9562 0.7682, 4.1713 0.9631 0.7503, 4.1713 0.8674 0.8156, 4.1713 0.896 0.8125, 4.1713 0.9185 0.8042, 4.1713 0.9662 0.7246, 4.1713 0.9657 0.7127, 4.1713 0.9611 0.6908, -2.876 -1.1263 1.5354, -2.876 -1.1263 1.6142, -2.8563 -1.1263 1.5354, -2.8563 -1.1263 1.6142, 2.872 -1.1263 1.6142, 2.872 -1.1263 1.5354, 2.8524 -1.1263 1.6142, 2.8524 -1.1263 1.5354, 3.0577 3.0174 1.6142, -3.0616 3.0174 1.6142, 3.002 2.9617 1.6142, -3.006 2.9617 1.6142, 2.8994 -2.8885 1.6142, 4.1713 -1.6874 1.6142, 4.0925 -1.6874 1.6142, 4.0925 1.8712 1.6142, 3.2117 0.849 1.6142, 3.1947 0.6283 1.6142, 2.872 0.0601 1.6142, 3.0207 0.2241 1.6142, 3.13 0.4166 1.6142, 2.1555 -2.6724 1.6142, 1.752 -2.4711 1.6142, 1.5531 -1.1263 1.6142, 2.8524 -0.8009 1.6142, 1.5531 -0.8009 1.6142, 2.5362 -2.914 1.6142, 2.5937 -2.9456 1.6142, 2.6568 -2.9633 1.6142, -0.002 -2.1053 1.6142, 0.4483 -2.1285 1.6142, 1.5335 -1.1263 1.6142, 0.8939 -2.1978 1.6142, 1.33 -2.3124 1.6142, 2.7224 -2.9662 1.6142, 2.7868 -2.9542 1.6142, 2.8469 -2.9278 1.6142, -1.2147 0.6283 1.6142, 1.5335 0.0601 1.6142, 1.3848 0.2241 1.6142, -2.8563 -0.8009 1.6142, -1.5571 -0.8009 1.6142, -1.5571 -1.1263 1.6142, -4.1752 -1.6874 1.6142, -2.9033 -2.8885 1.6142, -4.0965 -1.6874 1.6142, -2.8508 -2.9278 1.6142, -1.5374 -1.1263 1.6142, -0.4523 -2.1285 1.6142, -1.5374 0.0601 1.6142, -1.3888 0.2241 1.6142, -1.2795 0.4166 1.6142, -2.7263 -2.9662 1.6142, -2.6608 -2.9633 1.6142, -2.1594 -2.6724 1.6142, -1.7559 -2.4711 1.6142, -1.3339 -2.3124 1.6142, -0.8978 -2.1978 1.6142, -2.5976 -2.9456 1.6142, -2.5401 -2.914 1.6142, -1.4294 1.46 1.6142, -1.3077 1.2751 1.6142, 1.2755 0.4166 1.6142, 1.2108 0.6283 1.6142, -1.1977 0.849 1.6142, 1.1938 0.849 1.6142, 1.2252 1.0681 1.6142, -2.7908 -2.9542 1.6142, -1.5884 1.6139 1.6142, 2.9801 1.46 1.6142, 2.821 1.6139 1.6142, 3.1018 1.2751 1.6142, 3.1803 1.0681 1.6142, -2.876 0.0601 1.6142, -3.0246 0.2241 1.6142, -2.6362 1.7295 1.6142, -2.4267 1.8011 1.6142, -3.1339 0.4166 1.6142, -3.1986 0.6283 1.6142, -4.0965 1.8712 1.6142, -3.2157 0.849 1.6142, -3.1842 1.0681 1.6142, 1.3037 1.2751 1.6142, 1.4254 1.46 1.6142, -1.2292 1.0681 1.6142, 1.5845 1.6139 1.6142, 1.7733 1.7295 1.6142, 1.9827 1.8011 1.6142, 2.2028 1.8254 1.6142, 2.4228 1.8011 1.6142, 2.6322 1.7295 1.6142, -3.1057 1.2751 1.6142, -2.984 1.46 1.6142, -2.825 1.6139 1.6142, -2.2067 1.8254 1.6142, -1.9867 1.8011 1.6142, -1.7772 1.7295 1.6142, -3.0616 3.0174 1.5354, 3.0577 3.0174 1.5354, -3.006 2.9617 1.5354, 3.002 2.9617 1.5354, -2.9033 -2.8885 1.5354, -4.1752 -1.6874 1.5354, -4.0965 -1.6874 1.5354, -4.0965 1.8286 1.5354, -3.2157 0.849 1.5354, -3.1986 0.6283 1.5354, -2.876 0.0601 1.5354, -3.0246 0.2241 1.5354, -3.1339 0.4166 1.5354, -2.1594 -2.6724 1.5354, -1.7559 -2.4711 1.5354, -1.5571 -1.1263 1.5354, -2.8563 -0.8113 1.5354, -1.5571 -0.8113 1.5354, -2.5401 -2.914 1.5354, -2.5976 -2.9456 1.5354, -2.6608 -2.9633 1.5354, -2.7263 -2.9662 1.5354, -2.7908 -2.9542 1.5354, -2.8508 -2.9278 1.5354, -0.002 -2.1053 1.5354, -0.4523 -2.1285 1.5354, -1.5374 -1.1263 1.5354, -0.8978 -2.1978 1.5354, -1.3339 -2.3124 1.5354, 2.8524 -0.8113 1.5354, 1.5531 -0.8113 1.5354, 1.5531 -1.1263 1.5354, 2.8994 -2.8885 1.5354, 4.0925 -1.6874 1.5354, 2.8469 -2.9278 1.5354, 2.7224 -2.9662 1.5354, 2.6568 -2.9633 1.5354, 2.1555 -2.6724 1.5354, 1.752 -2.4711 1.5354, 1.33 -2.3124 1.5354, 1.5335 -1.1263 1.5354, 0.8939 -2.1978 1.5354, 0.4483 -2.1285 1.5354, 1.5335 0.0601 1.5354, 1.3848 0.2241 1.5354, 1.2755 0.4166 1.5354, 2.5937 -2.9456 1.5354, 2.5362 -2.914 1.5354, 2.7868 -2.9542 1.5354, 2.872 0.0601 1.5354, 3.0207 0.2241 1.5354, 1.2108 0.6283 1.5354, -1.5374 0.0601 1.5354, 1.1938 0.849 1.5354, -1.3888 0.2241 1.5354, -1.2795 0.4166 1.5354, -1.3077 1.2751 1.5354, -1.4294 1.46 1.5354, -2.2067 1.8254 1.5354, -2.4267 1.8011 1.5354, 3.2117 0.849 1.5354, 4.0925 1.8286 1.5354, 3.1947 0.6283 1.5354, 3.13 0.4166 1.5354, 1.4254 1.46 1.5354, 1.3037 1.2751 1.5354, 1.2252 1.0681 1.5354, 2.821 1.6139 1.5354, 2.6322 1.7295 1.5354, 2.4228 1.8011 1.5354, 2.2028 1.8254 1.5354, -1.5884 1.6139 1.5354, -1.7772 1.7295 1.5354, -1.9867 1.8011 1.5354, -2.6362 1.7295 1.5354, -2.825 1.6139 1.5354, -4.0663 1.9013 1.5354, -2.984 1.46 1.5354, -4.0683 1.8994 1.5354, 3.1018 1.2751 1.5354, 4.0861 1.8776 1.5354, 4.0881 1.8756 1.5354, 4.0925 1.8712 1.5354, 4.0925 1.8703 1.5354, 4.0919 1.8718 1.5354, 4.0925 1.865 1.5354, 4.0925 1.8621 1.5354, 1.9827 1.8011 1.5354, 1.7733 1.7295 1.5354, 1.5845 1.6139 1.5354, -1.2147 0.6283 1.5354, -1.1977 0.849 1.5354, -1.2292 1.0681 1.5354, 2.9801 1.46 1.5354, 4.0624 1.9013 1.5354, 4.0643 1.8994 1.5354, 4.0663 1.8974 1.5354, 4.0683 1.8955 1.5354, 4.0702 1.8935 1.5354, 4.0723 1.8914 1.5354, -4.0784 1.8892 1.5354, -3.1057 1.2751 1.5354, -4.0808 1.8868 1.5354, -4.0832 1.8845 1.5354, -4.0722 1.8955 1.5354, -4.0702 1.8974 1.5354, 4.0745 1.8892 1.5354, 4.0769 1.8868 1.5354, 4.0793 1.8845 1.5354, 4.0925 1.8592 1.5354, 4.0925 1.8558 1.5354, 4.0925 1.8524 1.5354, -4.09 1.8776 1.5354, -4.0921 1.8756 1.5354, -4.0958 1.8718 1.5354, -4.0763 1.8914 1.5354, -4.0742 1.8935 1.5354, 4.0817 1.8821 1.5354, 4.0841 1.8797 1.5354, 4.0925 1.8491 1.5354, 4.0925 1.8457 1.5354, 4.0925 1.8427 1.5354, -4.0965 1.8341 1.5354, -4.0965 1.8314 1.5354, -3.1842 1.0681 1.5354, -4.088 1.8797 1.5354, -4.0856 1.8821 1.5354, 4.0925 1.8396 1.5354, 4.0925 1.8369 1.5354, 4.0925 1.8341 1.5354, 3.1803 1.0681 1.5354, 4.0925 1.8314 1.5354, -4.0965 1.8369 1.5354, -4.0965 1.8396 1.5354, -4.0965 1.8427 1.5354, -4.0965 1.8457 1.5354, -4.0965 1.8491 1.5354, -4.0965 1.8524 1.5354, -4.0965 1.8558 1.5354, -4.0965 1.8592 1.5354, -4.0965 1.8621 1.5354, -4.0965 1.865 1.5354, -4.0965 1.8703 1.5354, -4.0965 1.8712 1.5354, 4.1701 -1.6874 1.5486, 4.1646 -1.6874 1.5672, 4.1546 -1.6874 1.5838, 4.1409 -1.6874 1.5975, 4.1243 -1.6874 1.6075, 4.1057 -1.6874 1.6131, -3.0153 2.971 1.6131, -3.0499 3.0056 1.5838, -3.0402 2.9959 1.5975, -3.0284 2.9841 1.6075, -3.0609 3.0166 1.5486, -3.0569 3.0126 1.5672, 3.0363 2.9959 1.5975, 3.0459 3.0056 1.5838, 3.0114 2.971 1.6131, 3.0245 2.9841 1.6075, 3.053 3.0126 1.5672, 3.0569 3.0166 1.5486
            ]
        }
        coordIndex [
            0,1,2,-1,2,1,3,-1,4,5,6,-1,6,5,7,-1,8,9,10,-1,11,12,13,-1,13,12,8,-1,13,8,14,-1,14,8,10,-1,15,16,17,-1,17,16,18,-1,17,18,19,-1,20,21,22,-1,22,21,23,-1,24,25,26,-1,26,25,27,-1,28,29,30,-1,30,29,31,-1,32,33,34,-1,34,33,35,-1,36,37,38,-1,38,37,39,-1,38,39,40,-1,41,42,43,-1,43,42,44,-1,45,46,47,-1,48,49,50,-1,50,49,51,-1,48,52,49,-1,49,52,53,-1,49,53,47,-1,51,54,50,-1,50,54,55,-1,50,55,56,-1,56,55,57,-1,56,57,58,-1,59,60,61,-1,62,63,58,-1,58,63,64,-1,58,64,56,-1,60,59,65,-1,65,59,45,-1,65,45,66,-1,53,67,47,-1,47,67,68,-1,47,68,45,-1,45,68,69,-1,45,69,66,-1,70,59,71,-1,71,59,61,-1,71,61,58,-1,58,61,72,-1,58,72,62,-1,73,74,75,-1,76,77,78,-1,79,13,14,-1,9,36,38,-1,80,81,82,-1,83,84,85,-1,86,87,88,-1,89,90,91,-1,92,93,94,-1,94,93,73,-1,95,96,94,-1,94,96,97,-1,97,98,94,-1,94,98,99,-1,94,99,92,-1,100,101,102,-1,102,101,103,-1,100,102,104,-1,104,102,105,-1,104,105,106,-1,106,105,107,-1,107,105,108,-1,107,108,109,-1,110,111,108,-1,108,111,112,-1,108,112,113,-1,108,114,109,-1,109,114,115,-1,109,115,116,-1,116,115,117,-1,116,117,118,-1,113,119,108,-1,108,119,120,-1,108,120,114,-1,121,122,123,-1,121,123,124,-1,122,125,123,-1,123,125,126,-1,123,126,127,-1,127,126,128,-1,128,129,127,-1,127,129,130,-1,127,130,110,-1,110,130,131,-1,110,131,111,-1,132,124,133,-1,133,124,123,-1,133,123,134,-1,134,123,135,-1,134,135,136,-1,13,79,11,-1,17,137,135,-1,135,137,138,-1,135,138,136,-1,19,4,6,-1,1,11,3,-1,3,11,6,-1,139,140,141,-1,141,140,3,-1,141,3,142,-1,142,3,6,-1,142,6,143,-1,144,145,146,-1,79,147,11,-1,11,147,148,-1,11,148,6,-1,6,148,149,-1,6,149,150,-1,17,19,137,-1,137,19,6,-1,137,6,151,-1,151,6,150,-1,143,152,142,-1,142,152,153,-1,142,153,146,-1,146,153,154,-1,146,154,144,-1,155,156,157,-1,157,156,158,-1,157,158,141,-1,141,158,159,-1,141,159,139,-1,160,161,79,-1,79,161,162,-1,162,163,79,-1,79,163,164,-1,79,164,147,-1,165,166,74,-1,167,168,169,-1,170,171,172,-1,172,171,173,-1,167,169,174,-1,175,176,177,-1,178,179,171,-1,171,179,180,-1,171,180,181,-1,74,166,177,-1,177,166,182,-1,177,182,175,-1,168,183,169,-1,169,183,184,-1,169,184,185,-1,186,187,188,-1,188,187,189,-1,188,189,190,-1,191,181,192,-1,192,181,193,-1,192,193,188,-1,188,193,194,-1,188,194,186,-1,191,195,181,-1,181,195,196,-1,181,196,171,-1,171,196,197,-1,171,197,173,-1,176,198,177,-1,177,198,199,-1,177,199,200,-1,201,202,203,-1,203,202,204,-1,203,204,169,-1,169,204,205,-1,169,205,174,-1,206,207,169,-1,169,207,208,-1,169,208,171,-1,171,208,209,-1,171,209,178,-1,210,211,160,-1,211,212,160,-1,160,212,213,-1,160,213,214,-1,214,215,160,-1,160,215,216,-1,160,216,217,-1,217,216,201,-1,217,201,218,-1,218,201,203,-1,185,219,169,-1,169,219,220,-1,169,220,221,-1,221,222,169,-1,169,222,223,-1,169,223,206,-1,224,225,226,-1,226,181,224,-1,224,181,180,-1,224,180,227,-1,227,180,228,-1,228,229,227,-1,227,229,230,-1,227,230,231,-1,232,233,234,-1,233,235,234,-1,234,235,236,-1,234,236,237,-1,238,234,239,-1,225,224,238,-1,238,224,240,-1,238,240,234,-1,234,240,241,-1,234,241,232,-1,239,242,238,-1,238,242,243,-1,238,243,244,-1,237,236,245,-1,245,236,246,-1,245,246,247,-1,247,246,248,-1,247,248,249,-1,250,251,244,-1,244,251,252,-1,244,252,238,-1,93,253,73,-1,73,253,254,-1,73,254,74,-1,74,254,255,-1,74,255,165,-1,256,257,258,-1,258,257,259,-1,256,260,261,-1,261,260,262,-1,263,264,265,-1,265,264,266,-1,266,264,267,-1,267,264,256,-1,267,256,268,-1,268,256,261,-1,268,261,91,-1,91,261,269,-1,91,269,89,-1,257,270,259,-1,259,270,271,-1,259,271,272,-1,272,271,273,-1,274,275,276,-1,276,275,277,-1,278,279,280,-1,281,282,283,-1,284,285,286,-1,286,285,278,-1,286,278,87,-1,274,287,275,-1,275,287,288,-1,275,288,289,-1,289,288,283,-1,289,283,290,-1,290,283,282,-1,291,292,293,-1,293,292,294,-1,293,294,295,-1,296,297,298,-1,298,297,299,-1,300,301,279,-1,279,301,302,-1,302,303,279,-1,279,303,304,-1,279,304,280,-1,295,305,293,-1,293,305,306,-1,293,306,307,-1,308,309,310,-1,307,311,293,-1,293,311,312,-1,293,312,297,-1,297,312,277,-1,297,277,299,-1,299,277,275,-1,285,313,314,-1,314,313,315,-1,316,317,283,-1,283,317,318,-1,283,318,319,-1,308,310,284,-1,296,320,297,-1,297,320,321,-1,297,321,322,-1,315,323,314,-1,314,323,324,-1,314,324,325,-1,325,324,326,-1,325,326,327,-1,327,326,328,-1,310,329,284,-1,284,329,330,-1,284,330,285,-1,285,330,331,-1,285,331,313,-1,319,332,283,-1,283,332,333,-1,283,333,281,-1,86,88,334,-1,334,88,335,-1,334,335,336,-1,337,338,85,-1,326,339,340,-1,340,339,341,-1,340,341,342,-1,343,344,85,-1,85,344,345,-1,342,346,340,-1,340,346,347,-1,340,347,348,-1,348,347,349,-1,348,349,337,-1,350,351,338,-1,338,351,352,-1,338,352,85,-1,85,352,353,-1,85,353,343,-1,345,354,85,-1,85,354,355,-1,85,355,83,-1,356,357,358,-1,358,357,359,-1,358,359,360,-1,358,361,356,-1,356,361,362,-1,356,362,363,-1,363,364,356,-1,356,364,365,-1,356,365,366,-1,366,365,367,-1,366,367,368,-1,368,367,369,-1,368,369,338,-1,338,369,370,-1,338,370,350,-1,371,372,360,-1,360,372,373,-1,360,373,358,-1,374,375,309,-1,309,375,376,-1,309,376,310,-1,374,377,375,-1,375,377,378,-1,375,378,379,-1,379,378,380,-1,379,381,382,-1,380,383,379,-1,379,383,384,-1,379,384,385,-1,385,386,379,-1,379,386,387,-1,379,387,381,-1,382,388,379,-1,379,388,389,-1,379,389,390,-1,391,392,393,-1,393,392,394,-1,393,394,395,-1,396,397,398,-1,398,397,399,-1,392,400,394,-1,394,400,401,-1,394,401,402,-1,402,401,403,-1,402,403,404,-1,404,403,405,-1,404,405,399,-1,399,405,406,-1,399,406,398,-1,407,408,409,-1,410,411,412,-1,407,409,413,-1,413,409,414,-1,413,414,412,-1,412,414,415,-1,412,415,410,-1,416,417,402,-1,418,419,404,-1,417,420,402,-1,402,420,421,-1,402,421,407,-1,407,421,422,-1,407,422,408,-1,418,404,423,-1,410,424,411,-1,411,424,425,-1,411,425,404,-1,404,425,426,-1,404,426,423,-1,419,427,404,-1,404,427,428,-1,404,428,402,-1,402,428,429,-1,402,429,416,-1,412,430,431,-1,431,430,432,-1,433,434,435,-1,435,434,436,-1,436,434,437,-1,437,434,438,-1,437,438,439,-1,439,438,440,-1,439,440,82,-1,82,440,441,-1,82,441,80,-1,442,443,444,-1,431,440,412,-1,412,440,438,-1,412,438,413,-1,413,438,445,-1,413,445,444,-1,444,445,446,-1,444,446,442,-1,432,430,447,-1,447,430,448,-1,447,448,442,-1,42,449,44,-1,44,449,450,-1,44,450,451,-1,452,453,450,-1,450,453,454,-1,450,454,451,-1,455,456,457,-1,457,456,458,-1,457,458,459,-1,459,458,460,-1,457,453,455,-1,455,453,452,-1,455,452,461,-1,461,452,462,-1,461,462,463,-1,464,462,465,-1,465,462,466,-1,464,467,462,-1,462,467,468,-1,462,468,463,-1,469,470,466,-1,466,470,471,-1,471,472,466,-1,466,472,473,-1,466,473,465,-1,335,291,10,-1,10,9,335,-1,335,9,38,-1,335,38,469,-1,469,38,40,-1,469,40,470,-1,470,40,474,-1,470,474,475,-1,475,474,476,-1,475,476,477,-1,14,478,79,-1,79,478,177,-1,79,177,160,-1,160,177,200,-1,160,200,210,-1,479,480,448,-1,448,480,481,-1,448,481,482,-1,483,484,443,-1,484,485,443,-1,443,485,486,-1,443,486,487,-1,488,489,483,-1,442,448,443,-1,443,448,482,-1,443,482,483,-1,483,482,490,-1,483,490,488,-1,489,491,483,-1,483,491,492,-1,483,492,493,-1,493,494,483,-1,483,494,495,-1,483,495,496,-1,496,497,483,-1,483,497,498,-1,483,498,499,-1,500,501,499,-1,499,501,502,-1,499,502,483,-1,503,504,505,-1,500,506,501,-1,501,506,507,-1,501,507,505,-1,505,507,508,-1,505,508,503,-1,77,509,510,-1,510,509,479,-1,510,479,511,-1,78,512,513,-1,513,514,78,-1,78,514,515,-1,78,515,76,-1,516,517,518,-1,519,520,521,-1,521,520,522,-1,521,522,78,-1,78,522,523,-1,78,523,512,-1,524,525,526,-1,526,525,527,-1,526,527,528,-1,529,530,297,-1,297,530,531,-1,297,531,526,-1,526,531,532,-1,526,532,524,-1,487,529,340,-1,340,529,297,-1,340,297,326,-1,326,297,322,-1,326,322,328,-1,87,278,88,-1,88,278,280,-1,88,280,335,-1,335,280,533,-1,335,533,291,-1,291,533,534,-1,291,534,292,-1,535,536,537,-1,262,260,538,-1,538,260,539,-1,538,539,273,-1,273,539,537,-1,273,537,272,-1,272,537,536,-1,272,536,540,-1,541,542,543,-1,537,544,535,-1,535,544,545,-1,535,545,546,-1,546,545,541,-1,546,541,547,-1,547,541,543,-1,548,549,85,-1,85,549,550,-1,337,85,348,-1,348,85,550,-1,348,550,544,-1,544,550,551,-1,544,551,545,-1,552,549,553,-1,553,549,548,-1,553,548,554,-1,469,555,556,-1,557,558,548,-1,548,558,559,-1,548,559,554,-1,336,335,84,-1,84,335,469,-1,84,469,85,-1,85,469,556,-1,85,556,548,-1,548,556,560,-1,548,560,561,-1,562,563,466,-1,466,563,564,-1,466,564,469,-1,469,564,565,-1,469,565,555,-1,561,566,548,-1,548,566,567,-1,548,567,557,-1,568,569,462,-1,568,462,540,-1,569,570,462,-1,462,570,571,-1,462,571,466,-1,466,571,572,-1,466,572,562,-1,15,17,573,-1,573,17,135,-1,573,135,574,-1,574,135,123,-1,574,123,575,-1,575,123,127,-1,575,127,576,-1,576,127,110,-1,576,110,577,-1,577,110,108,-1,577,108,578,-1,578,108,105,-1,579,580,518,-1,518,580,581,-1,582,521,94,-1,517,519,518,-1,518,519,521,-1,518,521,579,-1,579,521,582,-1,579,582,583,-1,75,518,73,-1,73,518,581,-1,73,581,94,-1,94,581,584,-1,94,584,582,-1,585,586,587,-1,586,585,588,-1,588,585,75,-1,588,75,589,-1,590,591,592,-1,592,591,588,-1,592,588,593,-1,593,588,589,-1,593,589,594,-1,594,589,595,-1,478,585,177,-1,177,585,587,-1,177,587,74,-1,74,587,596,-1,74,596,75,-1,75,596,597,-1,75,597,589,-1,77,510,78,-1,78,510,598,-1,78,598,521,-1,521,598,102,-1,521,102,94,-1,94,102,103,-1,94,103,95,-1,14,10,478,-1,478,10,291,-1,478,291,585,-1,585,291,293,-1,585,293,75,-1,75,293,297,-1,75,297,518,-1,518,297,526,-1,518,526,516,-1,516,526,528,-1,487,340,443,-1,443,340,348,-1,443,348,444,-1,444,348,544,-1,444,544,413,-1,413,544,537,-1,413,537,407,-1,407,537,539,-1,407,539,402,-1,402,539,260,-1,402,260,394,-1,479,448,511,-1,511,448,430,-1,511,430,599,-1,599,430,412,-1,599,412,600,-1,600,412,411,-1,600,411,601,-1,601,411,404,-1,601,404,602,-1,602,404,399,-1,602,399,603,-1,603,399,397,-1,603,397,604,-1,605,606,258,-1,256,258,260,-1,260,258,606,-1,260,606,607,-1,608,258,609,-1,609,258,610,-1,609,610,611,-1,611,610,612,-1,613,614,608,-1,608,614,615,-1,608,615,258,-1,258,615,616,-1,258,616,605,-1,398,395,396,-1,396,395,394,-1,396,394,612,-1,612,394,260,-1,612,260,611,-1,611,260,617,-1,616,618,619,-1,619,620,616,-1,616,620,621,-1,616,621,605,-1,622,623,617,-1,617,623,624,-1,617,624,625,-1,607,626,260,-1,260,626,627,-1,260,627,617,-1,617,627,628,-1,617,628,622,-1,625,629,617,-1,617,629,630,-1,617,630,616,-1,616,630,631,-1,616,631,618,-1,540,462,272,-1,272,462,452,-1,272,452,259,-1,259,452,450,-1,259,450,258,-1,258,450,449,-1,258,449,610,-1,632,633,634,-1,634,633,635,-1,636,637,638,-1,638,637,639,-1,640,641,642,-1,642,641,643,-1,644,645,646,-1,647,648,646,-1,646,648,649,-1,650,636,651,-1,651,636,646,-1,651,646,652,-1,652,646,649,-1,653,636,654,-1,654,636,638,-1,654,638,655,-1,655,638,656,-1,655,656,657,-1,653,658,636,-1,636,658,659,-1,636,659,660,-1,661,662,663,-1,663,662,664,-1,663,664,655,-1,655,664,665,-1,655,665,654,-1,660,666,636,-1,636,666,667,-1,636,667,646,-1,646,667,668,-1,646,668,644,-1,669,670,671,-1,670,669,663,-1,672,635,673,-1,673,635,674,-1,675,676,677,-1,677,676,678,-1,677,678,635,-1,679,680,681,-1,681,680,661,-1,681,661,682,-1,682,661,663,-1,682,663,683,-1,683,663,669,-1,684,685,674,-1,686,687,674,-1,674,687,688,-1,674,688,679,-1,679,688,689,-1,679,689,680,-1,685,690,674,-1,674,690,691,-1,674,691,686,-1,692,693,642,-1,671,694,669,-1,669,694,695,-1,669,695,696,-1,696,695,697,-1,696,697,698,-1,635,678,674,-1,674,678,699,-1,674,699,684,-1,692,642,700,-1,701,647,702,-1,702,647,642,-1,701,703,647,-1,647,703,704,-1,647,704,648,-1,635,633,677,-1,677,633,705,-1,677,705,706,-1,643,707,708,-1,706,709,677,-1,677,709,710,-1,677,710,711,-1,711,710,712,-1,711,712,713,-1,698,714,696,-1,696,714,715,-1,696,715,716,-1,716,715,717,-1,716,717,693,-1,693,717,718,-1,693,718,642,-1,642,718,719,-1,642,719,720,-1,720,721,642,-1,642,721,722,-1,642,722,702,-1,713,723,711,-1,711,723,724,-1,711,724,643,-1,643,724,725,-1,643,725,707,-1,708,726,643,-1,643,726,727,-1,643,727,642,-1,642,727,728,-1,642,728,700,-1,729,730,731,-1,731,730,732,-1,733,734,735,-1,736,737,735,-1,735,737,738,-1,739,632,740,-1,740,632,735,-1,740,735,741,-1,741,735,738,-1,742,632,743,-1,743,632,634,-1,743,634,744,-1,744,634,745,-1,744,745,746,-1,742,747,632,-1,632,747,748,-1,632,748,749,-1,749,750,632,-1,632,750,751,-1,632,751,735,-1,735,751,752,-1,735,752,733,-1,753,754,755,-1,755,754,756,-1,755,756,744,-1,744,756,757,-1,744,757,743,-1,758,639,759,-1,759,639,760,-1,578,761,762,-1,762,761,763,-1,762,763,639,-1,764,765,760,-1,766,767,760,-1,760,767,768,-1,760,768,769,-1,768,770,769,-1,769,770,771,-1,769,771,772,-1,772,771,753,-1,772,753,773,-1,773,753,755,-1,773,755,774,-1,765,775,760,-1,760,775,776,-1,760,776,766,-1,639,763,760,-1,760,763,777,-1,760,777,764,-1,639,637,762,-1,762,637,778,-1,762,778,779,-1,774,755,780,-1,780,755,781,-1,780,781,782,-1,782,781,783,-1,782,783,784,-1,732,785,786,-1,787,788,731,-1,789,790,791,-1,791,790,762,-1,791,762,792,-1,792,762,779,-1,793,794,785,-1,785,794,795,-1,796,797,732,-1,732,797,798,-1,732,798,799,-1,786,800,732,-1,732,800,801,-1,732,801,731,-1,731,801,802,-1,731,802,787,-1,788,803,731,-1,731,803,804,-1,731,804,805,-1,805,804,806,-1,805,806,807,-1,808,809,810,-1,811,812,813,-1,813,812,810,-1,810,812,808,-1,808,812,814,-1,808,814,815,-1,799,816,732,-1,732,816,817,-1,732,817,785,-1,785,817,818,-1,785,818,793,-1,784,819,782,-1,782,819,820,-1,782,820,795,-1,795,820,821,-1,795,821,785,-1,796,732,822,-1,822,732,823,-1,822,823,808,-1,808,823,824,-1,808,824,825,-1,825,826,808,-1,808,826,827,-1,808,827,828,-1,829,830,831,-1,831,830,832,-1,830,833,806,-1,806,833,834,-1,806,834,807,-1,828,835,808,-1,808,835,836,-1,808,836,837,-1,815,838,808,-1,808,838,839,-1,808,839,840,-1,841,830,842,-1,842,830,843,-1,829,844,830,-1,830,844,845,-1,830,845,833,-1,837,846,808,-1,808,846,847,-1,808,847,809,-1,840,848,808,-1,808,848,849,-1,808,849,850,-1,851,843,852,-1,852,843,830,-1,852,830,736,-1,736,830,853,-1,736,853,737,-1,841,854,830,-1,830,854,855,-1,830,855,832,-1,850,856,808,-1,808,856,857,-1,808,857,858,-1,789,859,790,-1,790,859,808,-1,790,808,860,-1,860,808,858,-1,851,861,843,-1,843,861,862,-1,843,862,863,-1,863,864,843,-1,843,864,865,-1,843,865,866,-1,866,867,843,-1,843,867,868,-1,843,868,869,-1,869,870,843,-1,843,870,871,-1,843,871,872,-1,641,640,729,-1,729,640,730,-1,676,675,733,-1,733,675,734,-1,676,733,752,-1,676,752,678,-1,678,752,751,-1,678,751,699,-1,699,751,750,-1,699,750,684,-1,684,750,749,-1,684,749,685,-1,685,749,748,-1,685,748,690,-1,690,748,747,-1,690,747,691,-1,691,747,686,-1,686,747,742,-1,686,742,687,-1,687,742,743,-1,687,743,688,-1,688,743,757,-1,688,757,689,-1,689,757,756,-1,689,756,680,-1,680,756,754,-1,680,754,661,-1,661,754,753,-1,661,753,662,-1,662,753,771,-1,662,771,664,-1,664,771,770,-1,664,770,665,-1,665,770,768,-1,665,768,654,-1,654,768,767,-1,654,767,653,-1,653,767,766,-1,653,766,658,-1,658,766,776,-1,658,776,775,-1,658,775,659,-1,659,775,765,-1,659,765,660,-1,660,765,764,-1,660,764,666,-1,666,764,777,-1,666,777,667,-1,667,777,763,-1,667,763,668,-1,668,763,761,-1,668,761,644,-1,645,644,578,-1,578,644,761,-1,645,578,873,-1,873,874,645,-1,645,874,875,-1,645,875,876,-1,876,877,645,-1,645,877,878,-1,645,878,646,-1,879,643,641,-1,880,881,641,-1,641,881,882,-1,641,882,879,-1,729,883,641,-1,641,883,884,-1,641,884,880,-1,640,885,886,-1,642,887,640,-1,640,887,888,-1,640,888,885,-1,886,889,640,-1,640,889,890,-1,640,890,730,-1,
        ]
    }
}
Shape{
    appearance Appearance {
        material  Material 	{
            diffuseColor 0.5019607843137255 0.25098039215686274 0.0
            specularColor 0.44313725490196076 0.2196078431372549 0.0
            ambientIntensity 0.2974
            transparency 0.0
            shininess 0.5
        }
    }
    geometry IndexedFaceSet {
        ccw TRUE
        solid FALSE
        coord DEF co Coordinate {
            point [
                -4.1752 -1.6874 1.6142, -4.0965 -1.6874 1.6142, -4.1096 -1.6874 1.6131, -4.1282 -1.6874 1.6075, -4.1449 -1.6874 1.5975, -4.1586 -1.6874 1.5838, -4.1685 -1.6874 1.5672, -4.1741 -1.6874 1.5486, -4.1752 -1.6874 1.5354
            ]
        }
        coordIndex [
            0,1,2,-1,2,3,0,-1,0,3,4,-1,0,4,5,-1,5,6,0,-1,0,6,7,-1,0,7,8,-1,
        ]
    }
}
Shape{
    appearance Appearance {
        material  Material 	{
            diffuseColor 1.0 1.0 1.0
            specularColor 0.5019607843137255 0.5019607843137255 0.5019607843137255
            ambientIntensity 1.0
            transparency 0.0
            shininess 0.5
        }
    }
    geometry IndexedFaceSet {
        ccw TRUE
        solid FALSE
        coord DEF co Coordinate {
            point [
                4.1073 1.8286 1.5354, 4.1024 1.8286 1.5354, 4.1021 1.8341 1.5374, 4.0925 1.8621 1.5354, 4.0925 1.865 1.5354, 4.0936 1.865 1.5402, 4.0927 1.8703 1.5404, 4.0925 1.8703 1.5354, 4.0925 1.8712 1.5354, 4.0947 1.865 1.545, 4.1013 1.865 1.5737, 4.1058 1.865 1.5928, 4.1173 1.8592 1.5884, 4.0925 1.8712 1.5453, 4.0925 1.8712 1.5502, 4.093 1.8703 1.5502, 4.0932 1.8703 1.5551, 4.0969 1.865 1.5546, 4.0991 1.865 1.5641, 4.1049 1.8592 1.5619, 4.1091 1.8592 1.5707, 4.0941 1.8621 1.5401, 4.0967 1.8592 1.5443, 4.0987 1.8592 1.5487, 4.0977 1.8558 1.5436, 4.1003 1.8558 1.5478, 4.0987 1.8524 1.5429, 4.1018 1.8524 1.5467, 4.0996 1.8491 1.5421, 4.1031 1.8491 1.5454, 4.1004 1.8457 1.5411, 4.1043 1.8457 1.544, 4.101 1.8427 1.5402, 4.1161 1.8457 1.5526, 4.1137 1.8491 1.5554, 4.1172 1.8524 1.5654, 4.111 1.8524 1.5579, 4.1081 1.8558 1.5601, 4.0925 1.8592 1.5354, 4.0946 1.8592 1.5398, 4.0925 1.8558 1.5354, 4.0951 1.8558 1.5395, 4.0925 1.8524 1.5354, 4.0956 1.8524 1.5392, 4.0925 1.8491 1.5354, 4.096 1.8491 1.5388, 4.0925 1.8457 1.5354, 4.0964 1.8457 1.5383, 4.0925 1.8427 1.5354, 4.0967 1.8427 1.5378, 4.1015 1.8396 1.5393, 4.0972 1.8369 1.5369, 4.097 1.8396 1.5374, 4.0925 1.8369 1.5354, 4.0925 1.8396 1.5354, 4.106 1.8396 1.5412, 4.1069 1.8341 1.5384, 4.1117 1.8341 1.5394, 4.1122 1.8286 1.5354, 4.122 1.8286 1.5354, 4.1239 1.8457 1.5583, 4.1284 1.8396 1.5508, 4.1463 1.8396 1.5585, 4.1502 1.8341 1.5473, 4.0925 1.8712 1.5404, 4.0929 1.8703 1.5453, 4.0958 1.865 1.5498, 4.1008 1.8592 1.5531, 4.1029 1.8558 1.5519, 4.1049 1.8524 1.5504, 4.1066 1.8491 1.5487, 4.1082 1.8457 1.5469, 4.1105 1.8396 1.5431, 4.1194 1.8396 1.547, 4.1214 1.8341 1.5414, 4.131 1.8341 1.5433, 4.1319 1.8286 1.5354, 4.1516 1.8286 1.5354, 4.0974 1.8286 1.5354, 4.0925 1.8286 1.5354, 4.0974 1.8314 1.5359, 4.0925 1.8314 1.5354, 4.0973 1.8341 1.5364, 4.0925 1.8341 1.5354, 4.0925 1.8712 1.6142, 4.0952 1.8703 1.6138, 4.0925 1.8712 1.5945, 4.0945 1.8703 1.5945, 4.0925 1.8712 1.5748, 4.0939 1.8703 1.5748, 4.0925 1.8712 1.565, 4.0935 1.8703 1.5649, 4.0925 1.8712 1.5551, 4.1056 1.8666 1.6125, 4.1127 1.8641 1.6115, 4.124 1.8599 1.6069, 4.1257 1.8593 1.6062, 4.1318 1.857 1.6037, 4.1296 1.8524 1.5803, 4.1405 1.8532 1.597, 4.1422 1.8525 1.5957, 4.1482 1.8499 1.5911, 4.1396 1.8457 1.5697, 4.1541 1.8465 1.5834, 4.1557 1.8457 1.5814, 4.1607 1.8428 1.5749, 4.164 1.8398 1.5669, 4.1643 1.8396 1.5662, 4.1686 1.8357 1.5558, 4.1692 1.8341 1.5512, 4.1695 1.8331 1.5485, 4.1713 1.8286 1.5354, 4.0925 -1.6874 1.6142, 4.1057 -1.6874 1.6131, 4.1243 -1.6874 1.6075, 4.1409 -1.6874 1.5975, 4.1546 -1.6874 1.5838, 4.1646 -1.6874 1.5672, 4.1701 -1.6874 1.5486, 4.1713 -1.6874 1.5354, 4.1713 -1.2635 1.5354, 4.1713 0.0844 1.5354, 4.1713 0.2643 1.5354, 4.1713 0.2755 1.5354, 4.1713 0.4336 1.5354, 4.1713 0.519 1.5354, 4.1713 0.5625 1.5354, 4.1713 0.6657 1.5354, 4.1713 0.7375 1.5354, 4.1713 0.7965 1.5354, 4.0925 0.478 0.0394, 4.0925 0.3402 0.0394, 4.0925 0.3402 0.3543, 4.0925 -0.8803 0.3543, 4.0925 -1.6874 0.3543, 4.0925 -1.6874 1.5354, 4.0925 -0.2897 0.3543, 4.0925 0.9308 0.3543, 4.0925 0.9308 0.0394, 4.0925 0.793 0.0394, 4.0925 0.4814 -1.074, 4.0925 0.478 -1.0433, 4.0925 0.6158 -1.1811, 4.0925 1.8286 0.3543, 4.0925 -0.2897 0.0394, 4.0925 -0.4275 0.0394, 4.0925 -0.7425 0.0394, 4.0925 -0.8803 0.0394, 4.0925 0.7895 -1.074, 4.0925 0.6552 -1.1811, 4.0925 0.793 -1.0433, 4.0925 0.556 -1.1675, 4.0925 0.5299 -1.151, 4.0925 0.5851 -1.1776, 4.0925 0.5081 -1.1292, 4.0925 0.4916 -1.1031, 4.0925 0.7793 -1.1031, 4.0925 0.7629 -1.1292, 4.0925 0.6858 -1.1776, 4.0925 0.7411 -1.151, 4.0925 0.7149 -1.1675, 4.0925 -0.431 -1.074, 4.0925 -0.5653 -1.1811, 4.0925 -0.4275 -1.0433, 4.0925 -0.6047 -1.1811, 4.0925 -0.7425 -1.0433, 4.0925 -0.6353 -1.1776, 4.0925 -0.6645 -1.1675, 4.0925 -0.6906 -1.151, 4.0925 -0.4412 -1.1031, 4.0925 -0.4576 -1.1292, 4.0925 -0.5347 -1.1776, 4.0925 -0.4794 -1.151, 4.0925 -0.5055 -1.1675, 4.0925 -0.7124 -1.1292, 4.0925 -0.7288 -1.1031, 4.0925 -0.739 -1.074, 4.1713 -1.6874 0.3543, 4.1713 -1.6874 0.5532, 4.1713 -1.6874 0.6272, 4.1713 -1.6874 0.8688, 4.1713 -1.6874 0.9236, 4.1713 -1.6874 1.1136, 4.1713 1.8286 0.5532, 4.1713 1.8286 0.3543, 4.1713 1.8286 0.6272, 4.1713 1.8286 1.1136, 4.1713 1.8286 0.9236, 4.1713 1.8286 0.8688, -4.0768 1.9118 1.5354, -4.0733 1.9083 1.5354, -4.077 1.9042 1.5374, -4.09 1.8776 1.5354, -4.0921 1.8756 1.5354, -4.0929 1.8764 1.5402, -4.0959 1.872 1.5404, -4.0958 1.8718 1.5354, -4.0965 1.8712 1.5354, -4.0936 1.8771 1.545, -4.0983 1.8818 1.5737, -4.1014 1.8849 1.5928, -4.1056 1.8972 1.5884, -4.0965 1.8712 1.5453, -4.0965 1.8712 1.5502, -4.0962 1.8722 1.5502, -4.0963 1.8723 1.5551, -4.0952 1.8787 1.5546, -4.0968 1.8803 1.5641, -4.0968 1.8884 1.5619, -4.0997 1.8914 1.5707, -4.0912 1.8787 1.5401, -4.0909 1.8826 1.5443, -4.0924 1.884 1.5487, -4.0893 1.8857 1.5436, -4.0911 1.8876 1.5478, -4.0876 1.8888 1.5429, -4.0897 1.891 1.5467, -4.0858 1.8918 1.5421, -4.0883 1.8943 1.5454, -4.084 1.8948 1.5411, -4.0867 1.8976 1.544, -4.0823 1.8973 1.5402, -4.0951 1.9059 1.5526, -4.0958 1.9018 1.5554, -4.1007 1.9019 1.5654, -4.0963 1.8975 1.5579, -4.0966 1.8931 1.5601, -4.088 1.8797 1.5354, -4.0895 1.8811 1.5398, -4.0856 1.8821 1.5354, -4.0874 1.8839 1.5395, -4.0832 1.8845 1.5354, -4.0854 1.8866 1.5392, -4.0808 1.8868 1.5354, -4.0833 1.8893 1.5388, -4.0784 1.8892 1.5354, -4.0812 1.892 1.5383, -4.0763 1.8914 1.5354, -4.0793 1.8944 1.5378, -4.0805 1.8998 1.5393, -4.0755 1.8988 1.5369, -4.0773 1.8967 1.5374, -4.0722 1.8955 1.5354, -4.0742 1.8935 1.5354, -4.0837 1.903 1.5412, -4.0804 1.9076 1.5384, -4.0838 1.911 1.5394, -4.0802 1.9152 1.5354, -4.0872 1.9222 1.5354, -4.1006 1.9114 1.5583, -4.0995 1.9189 1.5508, -4.1122 1.9315 1.5585, -4.111 1.9382 1.5473, -4.0965 1.8712 1.5404, -4.096 1.8721 1.5453, -4.0944 1.8779 1.5498, -4.0938 1.8855 1.5531, -4.0929 1.8894 1.5519, -4.0919 1.8932 1.5504, -4.0908 1.8968 1.5487, -4.0895 1.9003 1.5469, -4.0868 1.9062 1.5431, -4.0932 1.9125 1.547, -4.0906 1.9178 1.5414, -4.0974 1.9246 1.5433, -4.0942 1.9292 1.5354, -4.1081 1.9431 1.5354, -4.0698 1.9048 1.5354, -4.0663 1.9013 1.5354, -4.0717 1.9028 1.5359, -4.0683 1.8994 1.5354, -4.0736 1.9008 1.5364, -4.0702 1.8974 1.5354, -4.0965 1.8712 1.6142, -4.0977 1.8737 1.6138, -4.0965 1.8712 1.5945, -4.0972 1.8733 1.5945, -4.0965 1.8712 1.5748, -4.0968 1.8728 1.5748, -4.0965 1.8712 1.565, -4.0965 1.8726 1.5649, -4.0965 1.8712 1.5551, -4.1025 1.8837 1.6125, -4.1058 1.8905 1.6115, -4.1108 1.9014 1.6069, -4.1115 1.9031 1.6062, -4.1142 1.909 1.6037, -4.1094 1.9106 1.5803, -4.1177 1.9178 1.597, -4.1184 1.9196 1.5957, -4.1208 1.9256 1.5911, -4.1117 1.9225 1.5697, -4.1226 1.9322 1.5834, -4.123 1.9339 1.5814, -4.1246 1.9395 1.5749, -4.1248 1.9439 1.5669, -4.1248 1.9443 1.5662, -4.1251 1.9501 1.5558, -4.1244 1.9516 1.5512, -4.124 1.9526 1.5485, -4.122 1.957 1.5354, -3.0284 2.9841 1.6075, -3.006 2.9617 1.6142, -3.0153 2.971 1.6131, -3.0402 2.9959 1.5975, -3.0499 3.0056 1.5838, -3.0569 3.0126 1.5672, -3.0609 3.0166 1.5486, -3.0616 3.0174 1.5354, -3.0616 3.0174 0.3543, -3.006 2.9617 0.3543, -4.122 1.957 0.3543, -4.0663 1.9013 0.3543, -3.006 2.9617 1.5354, 4.1201 1.9526 1.5485, 4.1205 1.9517 1.5512, 4.1071 1.9382 1.5473, 4.0678 1.9028 1.5359, 4.0659 1.9048 1.5354, 4.0693 1.9083 1.5354, 4.0933 1.8733 1.5945, 4.0928 1.8728 1.5748, 4.0944 1.8818 1.5737, 4.0919 1.8718 1.5354, 4.087 1.8826 1.5443, 4.0897 1.8771 1.545, 4.0889 1.8764 1.5402, 4.0921 1.8721 1.5453, 4.092 1.872 1.5404, 4.0881 1.8756 1.5354, 4.0872 1.8787 1.5401, 4.0958 1.8914 1.5707, 4.0975 1.8849 1.5928, 4.1016 1.8972 1.5884, 4.0924 1.8975 1.5579, 4.0927 1.8931 1.5601, 4.089 1.8894 1.5519, 4.0899 1.8855 1.5531, 4.0884 1.884 1.5487, 4.0913 1.8787 1.5546, 4.0905 1.8779 1.5498, 4.0923 1.8723 1.5551, 4.0922 1.8722 1.5502, 4.0967 1.9019 1.5654, 4.0928 1.8884 1.5619, 4.0928 1.8803 1.5641, 4.0926 1.8726 1.5649, 4.0841 1.8797 1.5354, 4.0817 1.8821 1.5354, 4.0835 1.8839 1.5395, 4.0814 1.8866 1.5392, 4.0836 1.8888 1.5429, 4.0819 1.8918 1.5421, 4.0844 1.8943 1.5454, 4.0828 1.8976 1.544, 4.0856 1.9003 1.5469, 4.0793 1.8845 1.5354, 4.0794 1.8893 1.5388, 4.08 1.8948 1.5411, 4.0861 1.8776 1.5354, 4.0855 1.8811 1.5398, 4.0853 1.8857 1.5436, 4.0872 1.8876 1.5478, 4.0858 1.891 1.5467, 4.088 1.8932 1.5504, 4.0869 1.8968 1.5487, 4.0919 1.9018 1.5554, 4.0911 1.9059 1.5526, 4.0967 1.9114 1.5583, 4.0745 1.8892 1.5354, 4.0723 1.8914 1.5354, 4.0753 1.8944 1.5378, 4.0734 1.8967 1.5374, 4.0766 1.8998 1.5393, 4.0769 1.8868 1.5354, 4.0773 1.892 1.5383, 4.0783 1.8973 1.5402, 4.0797 1.903 1.5412, 4.0702 1.8935 1.5354, 4.0683 1.8955 1.5354, 4.0716 1.8988 1.5369, 4.0697 1.9008 1.5364, 4.0731 1.9042 1.5374, 4.0624 1.9013 1.5354, 4.0643 1.8994 1.5354, 4.0663 1.8974 1.5354, 4.0937 1.8737 1.6138, 4.0986 1.8837 1.6125, 4.1103 1.9091 1.6036, 4.1076 1.9031 1.6062, 4.1068 1.9014 1.6069, 4.1019 1.8906 1.6115, 4.1168 1.9256 1.5911, 4.1144 1.9196 1.5957, 4.1055 1.9106 1.5803, 4.1138 1.9178 1.597, 4.1207 1.9395 1.5747, 4.1191 1.9339 1.5814, 4.1078 1.9225 1.5697, 4.1186 1.9322 1.5834, 4.1212 1.9502 1.5557, 4.1209 1.9443 1.5662, 4.1083 1.9315 1.5585, 4.1209 1.9439 1.5669, 4.0956 1.9189 1.5508, 4.0892 1.9125 1.547, 4.0829 1.9062 1.5431, 4.0935 1.9246 1.5433, 4.0867 1.9178 1.5414, 4.0799 1.911 1.5394, 4.0765 1.9076 1.5384, 4.1181 1.957 1.5354, 4.1041 1.9431 1.5354, 4.0902 1.9292 1.5354, 4.0833 1.9222 1.5354, 4.0763 1.9152 1.5354, 4.0728 1.9118 1.5354, 3.0577 3.0174 1.5354, 3.0569 3.0166 1.5486, 3.053 3.0126 1.5672, 3.0459 3.0056 1.5838, 3.0245 2.9841 1.6075, 3.0363 2.9959 1.5975, 3.0114 2.971 1.6131, 3.002 2.9617 1.6142, 4.0624 1.9013 0.3543, 3.002 2.9617 0.3543, 4.1181 1.957 0.3543, 3.0577 3.0174 0.3543, 3.002 2.9617 1.5354
            ]
        }
        coordIndex [
            0,1,2,-1,3,4,5,-1,6,7,8,-1,4,7,5,-1,5,7,6,-1,5,6,9,-1,10,11,12,-1,13,14,15,-1,15,14,16,-1,15,16,17,-1,17,16,18,-1,17,18,19,-1,19,18,20,-1,3,5,21,-1,21,5,9,-1,21,9,22,-1,22,9,23,-1,22,23,24,-1,24,23,25,-1,24,25,26,-1,26,25,27,-1,26,27,28,-1,28,27,29,-1,28,29,30,-1,30,29,31,-1,30,31,32,-1,33,34,35,-1,35,34,36,-1,35,36,37,-1,38,39,40,-1,40,39,41,-1,40,41,42,-1,42,41,43,-1,42,43,44,-1,44,43,45,-1,44,45,46,-1,46,45,47,-1,46,47,48,-1,48,47,49,-1,32,49,30,-1,30,49,47,-1,30,47,28,-1,28,47,45,-1,28,45,26,-1,26,45,43,-1,26,43,24,-1,24,43,41,-1,24,41,22,-1,22,41,39,-1,22,39,21,-1,21,39,38,-1,21,38,3,-1,50,51,52,-1,52,51,53,-1,52,53,54,-1,50,55,56,-1,56,55,57,-1,56,57,58,-1,58,57,59,-1,33,60,61,-1,61,60,62,-1,61,62,63,-1,8,64,6,-1,6,64,65,-1,6,65,9,-1,9,65,66,-1,9,66,23,-1,23,66,67,-1,23,67,25,-1,25,67,68,-1,25,68,27,-1,27,68,69,-1,27,69,29,-1,29,69,70,-1,29,70,31,-1,31,70,71,-1,31,71,72,-1,72,71,73,-1,72,73,74,-1,74,73,75,-1,74,75,76,-1,76,75,77,-1,78,79,80,-1,80,79,81,-1,1,78,2,-1,2,78,80,-1,2,80,82,-1,82,80,81,-1,82,81,83,-1,58,0,56,-1,56,0,2,-1,56,2,50,-1,50,2,82,-1,50,82,51,-1,51,82,83,-1,51,83,53,-1,76,59,74,-1,74,59,57,-1,74,57,72,-1,72,57,55,-1,72,55,31,-1,31,55,50,-1,31,50,32,-1,32,50,52,-1,32,52,49,-1,49,52,54,-1,49,54,48,-1,84,85,86,-1,86,85,87,-1,86,87,88,-1,88,87,89,-1,88,89,90,-1,90,89,91,-1,90,91,92,-1,85,93,87,-1,87,93,11,-1,87,11,89,-1,89,11,10,-1,89,10,91,-1,93,94,11,-1,11,94,95,-1,11,95,12,-1,12,95,96,-1,12,96,97,-1,14,92,16,-1,16,92,91,-1,16,91,18,-1,18,91,10,-1,18,10,20,-1,20,10,12,-1,20,12,98,-1,98,12,97,-1,97,99,98,-1,98,99,100,-1,98,100,101,-1,101,102,98,-1,98,102,35,-1,98,35,20,-1,20,35,37,-1,20,37,19,-1,101,103,102,-1,102,103,104,-1,102,104,105,-1,33,35,60,-1,60,35,102,-1,60,102,62,-1,62,102,105,-1,62,105,106,-1,106,107,62,-1,62,107,108,-1,62,108,63,-1,63,108,109,-1,63,109,110,-1,64,13,65,-1,65,13,15,-1,65,15,66,-1,66,15,17,-1,66,17,67,-1,67,17,19,-1,67,19,68,-1,68,19,37,-1,68,37,69,-1,69,37,36,-1,69,36,70,-1,70,36,34,-1,70,34,71,-1,71,34,33,-1,71,33,73,-1,73,33,61,-1,73,61,75,-1,75,61,63,-1,75,63,77,-1,77,63,110,-1,77,110,111,-1,84,112,85,-1,85,112,113,-1,85,113,93,-1,114,95,113,-1,113,95,94,-1,113,94,93,-1,100,99,115,-1,115,99,97,-1,115,97,114,-1,114,97,96,-1,114,96,95,-1,100,115,101,-1,101,115,116,-1,101,116,103,-1,117,105,116,-1,116,105,104,-1,116,104,103,-1,108,107,117,-1,117,107,106,-1,117,106,105,-1,118,119,120,-1,120,121,118,-1,118,121,110,-1,118,110,117,-1,117,110,109,-1,117,109,108,-1,121,122,110,-1,110,122,123,-1,110,123,124,-1,124,125,110,-1,110,125,126,-1,110,126,127,-1,127,128,110,-1,110,128,129,-1,110,129,111,-1,130,131,132,-1,133,134,135,-1,132,136,135,-1,137,138,139,-1,140,141,142,-1,79,143,135,-1,135,143,137,-1,135,137,132,-1,132,137,139,-1,132,139,130,-1,136,144,135,-1,135,144,145,-1,135,145,133,-1,133,145,146,-1,133,146,147,-1,148,149,150,-1,150,149,142,-1,150,142,139,-1,139,142,141,-1,139,141,130,-1,151,152,153,-1,153,152,154,-1,153,154,142,-1,142,154,155,-1,142,155,140,-1,148,156,149,-1,149,156,157,-1,149,157,158,-1,158,157,159,-1,158,159,160,-1,161,162,163,-1,163,162,164,-1,163,164,145,-1,145,164,165,-1,145,165,146,-1,166,167,168,-1,161,169,162,-1,162,169,170,-1,162,170,171,-1,171,170,172,-1,171,172,173,-1,168,174,166,-1,166,174,175,-1,166,175,164,-1,164,175,176,-1,164,176,165,-1,177,178,134,-1,134,178,179,-1,179,180,134,-1,134,180,181,-1,134,181,135,-1,135,181,182,-1,135,182,119,-1,183,184,143,-1,183,143,185,-1,186,78,1,-1,78,186,79,-1,79,186,187,-1,79,187,143,-1,143,187,188,-1,143,188,185,-1,1,0,186,-1,186,0,58,-1,186,58,59,-1,59,76,186,-1,186,76,77,-1,186,77,111,-1,189,190,191,-1,192,193,194,-1,195,196,197,-1,193,196,194,-1,194,196,195,-1,194,195,198,-1,199,200,201,-1,202,203,204,-1,204,203,205,-1,204,205,206,-1,206,205,207,-1,206,207,208,-1,208,207,209,-1,192,194,210,-1,210,194,198,-1,210,198,211,-1,211,198,212,-1,211,212,213,-1,213,212,214,-1,213,214,215,-1,215,214,216,-1,215,216,217,-1,217,216,218,-1,217,218,219,-1,219,218,220,-1,219,220,221,-1,222,223,224,-1,224,223,225,-1,224,225,226,-1,227,228,229,-1,229,228,230,-1,229,230,231,-1,231,230,232,-1,231,232,233,-1,233,232,234,-1,233,234,235,-1,235,234,236,-1,235,236,237,-1,237,236,238,-1,221,238,219,-1,219,238,236,-1,219,236,217,-1,217,236,234,-1,217,234,215,-1,215,234,232,-1,215,232,213,-1,213,232,230,-1,213,230,211,-1,211,230,228,-1,211,228,210,-1,210,228,227,-1,210,227,192,-1,239,240,241,-1,241,240,242,-1,241,242,243,-1,239,244,245,-1,245,244,246,-1,245,246,247,-1,247,246,248,-1,222,249,250,-1,250,249,251,-1,250,251,252,-1,197,253,195,-1,195,253,254,-1,195,254,198,-1,198,254,255,-1,198,255,212,-1,212,255,256,-1,212,256,214,-1,214,256,257,-1,214,257,216,-1,216,257,258,-1,216,258,218,-1,218,258,259,-1,218,259,220,-1,220,259,260,-1,220,260,261,-1,261,260,262,-1,261,262,263,-1,263,262,264,-1,263,264,265,-1,265,264,266,-1,267,268,269,-1,269,268,270,-1,190,267,191,-1,191,267,269,-1,191,269,271,-1,271,269,270,-1,271,270,272,-1,247,189,245,-1,245,189,191,-1,245,191,239,-1,239,191,271,-1,239,271,240,-1,240,271,272,-1,240,272,242,-1,265,248,263,-1,263,248,246,-1,263,246,261,-1,261,246,244,-1,261,244,220,-1,220,244,239,-1,220,239,221,-1,221,239,241,-1,221,241,238,-1,238,241,243,-1,238,243,237,-1,273,274,275,-1,275,274,276,-1,275,276,277,-1,277,276,278,-1,277,278,279,-1,279,278,280,-1,279,280,281,-1,274,282,276,-1,276,282,200,-1,276,200,278,-1,278,200,199,-1,278,199,280,-1,282,283,200,-1,200,283,284,-1,200,284,201,-1,201,284,285,-1,201,285,286,-1,203,281,205,-1,205,281,280,-1,205,280,207,-1,207,280,199,-1,207,199,209,-1,209,199,201,-1,209,201,287,-1,287,201,286,-1,286,288,287,-1,287,288,289,-1,287,289,290,-1,290,291,287,-1,287,291,224,-1,287,224,209,-1,209,224,226,-1,209,226,208,-1,290,292,291,-1,291,292,293,-1,291,293,294,-1,222,224,249,-1,249,224,291,-1,249,291,251,-1,251,291,294,-1,251,294,295,-1,295,296,251,-1,251,296,297,-1,251,297,252,-1,252,297,298,-1,252,298,299,-1,253,202,254,-1,254,202,204,-1,254,204,255,-1,255,204,206,-1,255,206,256,-1,256,206,208,-1,256,208,257,-1,257,208,226,-1,257,226,258,-1,258,226,225,-1,258,225,259,-1,259,225,223,-1,259,223,260,-1,260,223,222,-1,260,222,262,-1,262,222,250,-1,262,250,264,-1,264,250,252,-1,264,252,266,-1,266,252,299,-1,266,299,300,-1,285,284,301,-1,273,302,274,-1,274,302,303,-1,274,303,282,-1,301,284,303,-1,303,284,283,-1,303,283,282,-1,285,301,286,-1,286,301,304,-1,286,304,288,-1,293,292,305,-1,305,292,290,-1,305,290,304,-1,304,290,289,-1,304,289,288,-1,293,305,294,-1,294,305,306,-1,294,306,295,-1,299,298,306,-1,298,297,306,-1,306,297,296,-1,306,296,295,-1,306,307,299,-1,299,307,308,-1,299,308,300,-1,309,310,311,-1,311,310,312,-1,308,309,300,-1,300,309,311,-1,312,310,268,-1,268,310,313,-1,309,308,310,-1,310,308,313,-1,312,268,311,-1,311,268,267,-1,311,267,190,-1,190,189,311,-1,311,189,247,-1,311,247,248,-1,248,265,311,-1,311,265,266,-1,311,266,300,-1,314,315,316,-1,317,318,319,-1,320,321,322,-1,64,8,323,-1,324,325,326,-1,326,325,327,-1,326,327,328,-1,328,327,13,-1,328,13,64,-1,64,323,328,-1,328,323,329,-1,328,329,326,-1,326,329,330,-1,326,330,324,-1,322,331,332,-1,332,331,333,-1,334,335,336,-1,336,335,337,-1,336,337,338,-1,338,337,339,-1,338,339,340,-1,340,339,341,-1,340,341,342,-1,342,341,92,-1,342,92,14,-1,334,343,335,-1,335,343,344,-1,335,344,337,-1,337,344,345,-1,337,345,339,-1,339,345,346,-1,339,346,341,-1,341,346,90,-1,341,90,92,-1,347,348,349,-1,349,348,350,-1,349,350,351,-1,351,350,352,-1,351,352,353,-1,353,352,354,-1,353,354,355,-1,348,356,350,-1,350,356,357,-1,350,357,352,-1,352,357,358,-1,352,358,354,-1,329,359,330,-1,330,359,360,-1,330,360,324,-1,324,360,361,-1,324,361,362,-1,362,361,363,-1,362,363,364,-1,364,363,365,-1,364,365,366,-1,366,365,367,-1,366,367,368,-1,359,347,360,-1,360,347,349,-1,360,349,361,-1,361,349,351,-1,361,351,363,-1,363,351,353,-1,363,353,365,-1,365,353,355,-1,365,355,367,-1,369,370,371,-1,371,370,372,-1,371,372,373,-1,374,369,375,-1,375,369,371,-1,375,371,376,-1,376,371,373,-1,376,373,377,-1,378,379,380,-1,380,379,381,-1,380,381,382,-1,383,318,384,-1,384,318,317,-1,384,317,385,-1,386,84,320,-1,320,84,86,-1,320,86,321,-1,321,86,88,-1,322,332,320,-1,320,332,387,-1,320,387,386,-1,388,389,333,-1,333,389,390,-1,333,390,332,-1,332,390,391,-1,332,391,387,-1,392,393,394,-1,394,393,395,-1,395,388,394,-1,394,388,333,-1,394,333,343,-1,343,333,331,-1,343,331,344,-1,344,331,322,-1,344,322,345,-1,345,322,321,-1,345,321,346,-1,346,321,88,-1,346,88,90,-1,396,397,398,-1,398,397,399,-1,399,392,398,-1,398,392,394,-1,398,394,368,-1,368,394,343,-1,368,343,366,-1,366,343,334,-1,366,334,364,-1,364,334,336,-1,364,336,362,-1,362,336,338,-1,362,338,324,-1,324,338,340,-1,324,340,325,-1,325,340,342,-1,325,342,327,-1,327,342,14,-1,327,14,13,-1,400,401,402,-1,402,401,403,-1,403,396,402,-1,402,396,398,-1,402,398,404,-1,404,398,368,-1,404,368,405,-1,405,368,367,-1,405,367,406,-1,406,367,355,-1,406,355,377,-1,377,355,354,-1,377,354,376,-1,376,354,358,-1,376,358,375,-1,375,358,357,-1,375,357,374,-1,374,357,356,-1,315,400,316,-1,316,400,402,-1,316,402,407,-1,407,402,404,-1,407,404,408,-1,408,404,405,-1,408,405,409,-1,409,405,406,-1,409,406,410,-1,410,406,377,-1,410,377,382,-1,382,377,373,-1,382,373,380,-1,380,373,372,-1,380,372,378,-1,378,372,370,-1,411,314,412,-1,412,314,316,-1,412,316,413,-1,413,316,407,-1,413,407,414,-1,414,407,408,-1,414,408,415,-1,415,408,409,-1,415,409,416,-1,416,409,410,-1,416,410,319,-1,319,410,382,-1,319,382,317,-1,317,382,381,-1,317,381,385,-1,385,381,379,-1,411,417,314,-1,314,417,418,-1,314,418,315,-1,315,418,419,-1,315,419,400,-1,400,419,401,-1,397,396,419,-1,419,396,403,-1,419,403,401,-1,397,419,399,-1,399,419,420,-1,399,420,392,-1,421,390,422,-1,422,390,389,-1,389,388,422,-1,422,388,395,-1,422,395,420,-1,420,395,393,-1,420,393,392,-1,423,424,84,-1,84,386,423,-1,423,386,387,-1,423,387,421,-1,421,387,391,-1,421,391,390,-1,425,426,427,-1,427,426,428,-1,417,428,429,-1,429,428,426,-1,427,428,411,-1,411,428,417,-1,429,426,383,-1,383,426,425,-1,413,425,412,-1,412,425,427,-1,412,427,411,-1,413,414,425,-1,425,414,415,-1,425,415,416,-1,416,319,425,-1,425,319,318,-1,425,318,383,-1,
        ]
    }
}
Shape{
    appearance Appearance {
        material  Material 	{
            diffuseColor 0.5019607843137255 0.25098039215686274 0.0
            specularColor 0.44313725490196076 0.2196078431372549 0.0
            ambientIntensity 0.2974
            transparency 0.0
            shininess 0.5
        }
    }
    geometry IndexedFaceSet {
        ccw TRUE
        solid FALSE
        coord DEF co Coordinate {
            point [
                -4.1735 1.8331 1.5485, -4.1731 1.8341 1.5512, -4.1541 1.8341 1.5473, -4.1013 1.8314 1.5359, -4.1014 1.8286 1.5354, -4.1063 1.8286 1.5354, -4.0985 1.8703 1.5945, -4.0978 1.8703 1.5748, -4.1053 1.865 1.5737, -4.0965 1.8712 1.5404, -4.0965 1.8712 1.5354, -4.0965 1.8703 1.5354, -4.1006 1.8592 1.5443, -4.0987 1.865 1.545, -4.0976 1.865 1.5402, -4.0968 1.8703 1.5453, -4.0966 1.8703 1.5404, -4.0965 1.8712 1.5453, -4.0965 1.865 1.5354, -4.0981 1.8621 1.5401, -4.113 1.8592 1.5707, -4.1097 1.865 1.5928, -4.1213 1.8592 1.5884, -4.115 1.8524 1.5579, -4.112 1.8558 1.5601, -4.1068 1.8558 1.5519, -4.1047 1.8592 1.5531, -4.1027 1.8592 1.5487, -4.1009 1.865 1.5546, -4.0998 1.865 1.5498, -4.0971 1.8703 1.5551, -4.097 1.8703 1.5502, -4.0965 1.8712 1.5551, -4.0965 1.8712 1.5502, -4.1211 1.8524 1.5654, -4.1089 1.8592 1.5619, -4.1031 1.865 1.5641, -4.0975 1.8703 1.5649, -4.0965 1.8712 1.565, -4.0965 1.8592 1.5354, -4.0965 1.8558 1.5354, -4.0991 1.8558 1.5395, -4.0995 1.8524 1.5392, -4.1026 1.8524 1.5429, -4.1035 1.8491 1.5421, -4.107 1.8491 1.5454, -4.1082 1.8457 1.544, -4.1122 1.8457 1.5469, -4.0965 1.8524 1.5354, -4.1 1.8491 1.5388, -4.1043 1.8457 1.5411, -4.0965 1.8621 1.5354, -4.0985 1.8592 1.5398, -4.1017 1.8558 1.5436, -4.1042 1.8558 1.5478, -4.1057 1.8524 1.5467, -4.1088 1.8524 1.5504, -4.1106 1.8491 1.5487, -4.1176 1.8491 1.5554, -4.12 1.8457 1.5526, -4.1278 1.8457 1.5583, -4.0965 1.8457 1.5354, -4.0965 1.8427 1.5354, -4.1007 1.8427 1.5378, -4.1009 1.8396 1.5374, -4.1054 1.8396 1.5393, -4.0965 1.8491 1.5354, -4.1004 1.8457 1.5383, -4.1049 1.8427 1.5402, -4.1099 1.8396 1.5412, -4.0965 1.8396 1.5354, -4.0965 1.8369 1.5354, -4.1011 1.8369 1.5369, -4.1013 1.8341 1.5364, -4.1061 1.8341 1.5374, -4.0965 1.8286 1.5354, -4.0965 1.8314 1.5354, -4.0965 1.8341 1.5354, -4.0991 1.8703 1.6138, -4.0965 1.8712 1.6142, -4.0965 1.8712 1.5945, -4.0965 1.8712 1.5748, -4.1096 1.8666 1.6125, -4.1359 1.857 1.6036, -4.1296 1.8593 1.6062, -4.128 1.8599 1.6069, -4.1168 1.8641 1.6115, -4.1521 1.8499 1.5911, -4.1462 1.8525 1.5957, -4.1335 1.8524 1.5803, -4.1445 1.8532 1.597, -4.1647 1.8428 1.5747, -4.1596 1.8457 1.5814, -4.1435 1.8457 1.5697, -4.158 1.8465 1.5834, -4.1726 1.8356 1.5557, -4.1682 1.8396 1.5662, -4.1503 1.8396 1.5585, -4.1679 1.8398 1.5669, -4.1323 1.8396 1.5508, -4.1234 1.8396 1.547, -4.1144 1.8396 1.5431, -4.1349 1.8341 1.5433, -4.1253 1.8341 1.5414, -4.1157 1.8341 1.5394, -4.1109 1.8341 1.5384, -4.1752 1.8286 1.5354, -4.1555 1.8286 1.5354, -4.1358 1.8286 1.5354, -4.126 1.8286 1.5354, -4.1161 1.8286 1.5354, -4.1112 1.8286 1.5354, -4.1752 -1.6874 1.5354, -4.1741 -1.6874 1.5486, -4.1685 -1.6874 1.5672, -4.1586 -1.6874 1.5838, -4.1282 -1.6874 1.6075, -4.1449 -1.6874 1.5975, -4.1096 -1.6874 1.6131, -4.0965 -1.6874 1.6142
            ]
        }
        coordIndex [
            0,1,2,-1,3,4,5,-1,6,7,8,-1,9,10,11,-1,12,13,14,-1,14,13,15,-1,14,15,16,-1,16,15,17,-1,16,17,9,-1,9,11,16,-1,16,11,18,-1,16,18,14,-1,14,18,19,-1,14,19,12,-1,8,20,21,-1,21,20,22,-1,23,24,25,-1,25,24,26,-1,25,26,27,-1,27,26,28,-1,27,28,29,-1,29,28,30,-1,29,30,31,-1,31,30,32,-1,31,32,33,-1,23,34,24,-1,24,34,35,-1,24,35,26,-1,26,35,36,-1,26,36,28,-1,28,36,37,-1,28,37,30,-1,30,37,38,-1,30,38,32,-1,39,40,41,-1,41,40,42,-1,41,42,43,-1,43,42,44,-1,43,44,45,-1,45,44,46,-1,45,46,47,-1,40,48,42,-1,42,48,49,-1,42,49,44,-1,44,49,50,-1,44,50,46,-1,18,51,19,-1,19,51,52,-1,19,52,12,-1,12,52,53,-1,12,53,54,-1,54,53,55,-1,54,55,56,-1,56,55,57,-1,56,57,58,-1,58,57,59,-1,58,59,60,-1,51,39,52,-1,52,39,41,-1,52,41,53,-1,53,41,43,-1,53,43,55,-1,55,43,45,-1,55,45,57,-1,57,45,47,-1,57,47,59,-1,61,62,63,-1,63,62,64,-1,63,64,65,-1,66,61,67,-1,67,61,63,-1,67,63,68,-1,68,63,65,-1,68,65,69,-1,70,71,72,-1,72,71,73,-1,72,73,74,-1,75,4,76,-1,76,4,3,-1,76,3,77,-1,78,79,6,-1,6,79,80,-1,6,80,7,-1,7,80,81,-1,8,21,6,-1,6,21,82,-1,6,82,78,-1,83,84,22,-1,22,84,85,-1,22,85,21,-1,21,85,86,-1,21,86,82,-1,87,88,89,-1,89,88,90,-1,90,83,89,-1,89,83,22,-1,89,22,34,-1,34,22,20,-1,34,20,35,-1,35,20,8,-1,35,8,36,-1,36,8,7,-1,36,7,37,-1,37,7,81,-1,37,81,38,-1,91,92,93,-1,93,92,94,-1,94,87,93,-1,93,87,89,-1,93,89,60,-1,60,89,34,-1,60,34,58,-1,58,34,23,-1,58,23,56,-1,56,23,25,-1,56,25,54,-1,54,25,27,-1,54,27,12,-1,12,27,29,-1,12,29,13,-1,13,29,31,-1,13,31,15,-1,15,31,33,-1,15,33,17,-1,95,96,97,-1,97,96,98,-1,98,91,97,-1,97,91,93,-1,97,93,99,-1,99,93,60,-1,99,60,100,-1,100,60,59,-1,100,59,101,-1,101,59,47,-1,101,47,69,-1,69,47,46,-1,69,46,68,-1,68,46,50,-1,68,50,67,-1,67,50,49,-1,67,49,66,-1,66,49,48,-1,1,95,2,-1,2,95,97,-1,2,97,102,-1,102,97,99,-1,102,99,103,-1,103,99,100,-1,103,100,104,-1,104,100,101,-1,104,101,105,-1,105,101,69,-1,105,69,74,-1,74,69,65,-1,74,65,72,-1,72,65,64,-1,72,64,70,-1,70,64,62,-1,106,0,107,-1,107,0,2,-1,107,2,108,-1,108,2,102,-1,108,102,109,-1,109,102,103,-1,109,103,110,-1,110,103,104,-1,110,104,111,-1,111,104,105,-1,111,105,5,-1,5,105,74,-1,5,74,3,-1,3,74,73,-1,3,73,77,-1,77,73,71,-1,106,112,0,-1,0,112,113,-1,0,113,1,-1,1,113,95,-1,92,91,114,-1,114,91,98,-1,114,98,113,-1,113,98,96,-1,113,96,95,-1,92,114,94,-1,94,114,115,-1,94,115,87,-1,116,85,117,-1,117,85,84,-1,84,83,117,-1,117,83,90,-1,117,90,115,-1,115,90,88,-1,115,88,87,-1,118,119,79,-1,79,78,118,-1,118,78,82,-1,118,82,116,-1,116,82,86,-1,116,86,85,-1,
        ]
    }
}
Shape{
    appearance Appearance {
        material  Material 	{
            diffuseColor 1.0 1.0 1.0
            specularColor 0.5019607843137255 0.5019607843137255 0.5019607843137255
            ambientIntensity 1.0
            transparency 0.0
            shininess 0.5
        }
    }
    geometry IndexedFaceSet {
        ccw TRUE
        solid FALSE
        coord DEF co Coordinate {
            point [
                -4.1752 0.9308 0.3543, -4.1752 1.8286 0.3543, -4.0965 0.9308 0.3543, -4.0965 1.8286 0.3543, -4.1752 -1.6874 1.5354, -4.1752 -1.6874 0.3543, -4.0965 -1.6874 1.5354, -4.0965 -1.6874 0.3543, -4.1752 0.478 0.0394, -4.1752 0.3402 0.0394, -4.1752 0.3402 0.3543, -4.1752 -0.8803 0.3543, -4.1752 -0.2897 0.3543, -4.1752 0.9308 0.0394, -4.1752 0.793 0.0394, -4.1752 0.4814 -1.074, -4.1752 0.478 -1.0433, -4.1752 0.6158 -1.1811, -4.1752 1.8286 1.5354, -4.1752 -0.4275 0.0394, -4.1752 -0.4275 -1.0433, -4.1752 -0.5653 -1.1811, -4.1752 -0.2897 0.0394, -4.1752 -0.7425 0.0394, -4.1752 -0.8803 0.0394, -4.1752 0.7895 -1.074, -4.1752 0.6552 -1.1811, -4.1752 0.793 -1.0433, -4.1752 0.556 -1.1675, -4.1752 0.5299 -1.151, -4.1752 0.5851 -1.1776, -4.1752 0.5081 -1.1292, -4.1752 0.4916 -1.1031, -4.1752 0.7793 -1.1031, -4.1752 0.7629 -1.1292, -4.1752 0.6858 -1.1776, -4.1752 0.7411 -1.151, -4.1752 0.7149 -1.1675, -4.1752 -0.4412 -1.1031, -4.1752 -0.4576 -1.1292, -4.1752 -0.5347 -1.1776, -4.1752 -0.4794 -1.151, -4.1752 -0.5055 -1.1675, -4.1752 -0.431 -1.074, -4.1752 -0.6645 -1.1675, -4.1752 -0.6906 -1.151, -4.1752 -0.7425 -1.0433, -4.1752 -0.7124 -1.1292, -4.1752 -0.739 -1.074, -4.1752 -0.7288 -1.1031, -4.1752 -0.6047 -1.1811, -4.1752 -0.6353 -1.1776, -4.0965 -0.4275 0.0394, -4.0965 -0.2897 0.0394, -4.0965 -0.2897 0.3543, -4.0965 0.3402 0.3543, -4.0965 1.8286 1.5354, -4.0965 0.3402 0.0394, -4.0965 -0.8803 0.3543, -4.0965 -0.8803 0.0394, -4.0965 -0.7425 0.0394, -4.0965 -0.4275 -1.0433, -4.0965 0.478 0.0394, -4.0965 -0.5347 -1.1776, -4.0965 -0.5653 -1.1811, -4.0965 -0.6047 -1.1811, -4.0965 -0.7425 -1.0433, -4.0965 -0.6353 -1.1776, -4.0965 -0.6645 -1.1675, -4.0965 0.7895 -1.074, -4.0965 0.793 -1.0433, -4.0965 0.6552 -1.1811, -4.0965 0.793 0.0394, -4.0965 0.6158 -1.1811, -4.0965 -0.739 -1.074, -4.0965 -0.7288 -1.1031, -4.0965 -0.7124 -1.1292, -4.0965 -0.4576 -1.1292, -4.0965 -0.4794 -1.151, -4.0965 -0.5055 -1.1675, -4.0965 0.9308 0.0394, -4.0965 0.478 -1.0433, -4.0965 0.4814 -1.074, -4.0965 -0.4412 -1.1031, -4.0965 -0.431 -1.074, -4.0965 0.4916 -1.1031, -4.0965 0.5081 -1.1292, -4.0965 0.5851 -1.1776, -4.0965 0.5299 -1.151, -4.0965 0.556 -1.1675, -4.0965 -0.6906 -1.151, -4.0965 0.7149 -1.1675, -4.0965 0.7411 -1.151, -4.0965 0.6858 -1.1776, -4.0965 0.7629 -1.1292, -4.0965 0.7793 -1.1031, -4.1555 1.8286 1.5354, -4.1358 1.8286 1.5354, -4.126 1.8286 1.5354, -4.1161 1.8286 1.5354, -4.1112 1.8286 1.5354, -4.1063 1.8286 1.5354, -4.1014 1.8286 1.5354, -1.5571 -1.1263 1.6142, -1.5374 -1.1263 1.6142, -1.5571 -1.1263 1.5354, -1.5374 -1.1263 1.5354, -1.5374 0.0601 1.6142, -1.5374 0.0601 1.5354, -2.876 0.0601 1.6142, -2.876 0.0601 1.5354, -3.0246 0.2241 1.6142, -3.0246 0.2241 1.5354, -3.1339 0.4166 1.6142, -3.1339 0.4166 1.5354, -3.1986 0.6283 1.6142, -3.1986 0.6283 1.5354, -3.2157 0.849 1.6142, -3.2157 0.849 1.5354, -3.1842 1.0681 1.6142, -3.1842 1.0681 1.5354, -3.1057 1.2751 1.6142, -3.1057 1.2751 1.5354, -2.984 1.46 1.6142, -2.984 1.46 1.5354, -2.825 1.6139 1.6142, -2.825 1.6139 1.5354, -2.6362 1.7295 1.6142, -2.6362 1.7295 1.5354, -2.4267 1.8011 1.6142, -2.4267 1.8011 1.5354, -2.2067 1.8254 1.6142, -2.2067 1.8254 1.5354, -1.9867 1.8011 1.6142, -1.9867 1.8011 1.5354, -1.7772 1.7295 1.6142, -1.7772 1.7295 1.5354, -1.5884 1.6139 1.6142, -1.5884 1.6139 1.5354, -1.4294 1.46 1.6142, -1.4294 1.46 1.5354, -1.3077 1.2751 1.6142, -1.3077 1.2751 1.5354, -1.2292 1.0681 1.6142, -1.2292 1.0681 1.5354, -1.1977 0.849 1.6142, -1.1977 0.849 1.5354, -1.2147 0.6283 1.6142, -1.2147 0.6283 1.5354, -1.2795 0.4166 1.6142, -1.2795 0.4166 1.5354, -1.3888 0.2241 1.6142, -1.3888 0.2241 1.5354, -2.876 -1.1263 1.6142, -2.876 -1.1263 1.5354, 2.872 -1.1263 1.6142, 2.872 0.0601 1.6142, 2.872 -1.1263 1.5354, 2.872 0.0601 1.5354, 1.5335 0.0601 1.6142, 1.5335 0.0601 1.5354, 1.3848 0.2241 1.6142, 1.3848 0.2241 1.5354, 1.2755 0.4166 1.6142, 1.2755 0.4166 1.5354, 1.2108 0.6283 1.6142, 1.2108 0.6283 1.5354, 1.1938 0.849 1.6142, 1.1938 0.849 1.5354, 1.2252 1.0681 1.6142, 1.2252 1.0681 1.5354, 1.3037 1.2751 1.6142, 1.3037 1.2751 1.5354, 1.4254 1.46 1.6142, 1.4254 1.46 1.5354, 1.5845 1.6139 1.6142, 1.5845 1.6139 1.5354, 1.7733 1.7295 1.6142, 1.7733 1.7295 1.5354, 1.9827 1.8011 1.6142, 1.9827 1.8011 1.5354, 2.2028 1.8254 1.6142, 2.2028 1.8254 1.5354, 2.4228 1.8011 1.6142, 2.4228 1.8011 1.5354, 2.6322 1.7295 1.6142, 2.6322 1.7295 1.5354, 2.821 1.6139 1.6142, 2.821 1.6139 1.5354, 2.9801 1.46 1.6142, 2.9801 1.46 1.5354, 3.1018 1.2751 1.6142, 3.1018 1.2751 1.5354, 3.1803 1.0681 1.6142, 3.1803 1.0681 1.5354, 3.2117 0.849 1.6142, 3.2117 0.849 1.5354, 3.1947 0.6283 1.6142, 3.1947 0.6283 1.5354, 3.13 0.4166 1.6142, 3.13 0.4166 1.5354, 3.0207 0.2241 1.6142, 3.0207 0.2241 1.5354, 1.5335 -1.1263 1.6142, 1.5335 -1.1263 1.5354, 1.5531 -1.1263 1.5354, 1.5531 -1.1263 1.6142, 2.8524 0.5667 1.1662, 1.5531 0.5667 1.1662, 2.8524 0.8226 1.1662, 1.5531 0.8226 1.1662, 2.0846 1.3541 1.1662, 1.5713 0.9601 1.1662, 1.6244 1.0883 1.1662, 1.7088 1.1984 1.1662, 1.8189 1.2828 1.1662, 2.4584 1.3359 1.1662, 2.5866 1.2828 1.1662, 1.9471 1.3359 1.1662, 2.3209 1.3541 1.1662, 2.6967 1.1984 1.1662, 2.7812 1.0883 1.1662, 2.8343 0.9601 1.1662, 2.0846 1.3541 1.245, 2.3209 1.3541 1.245, 2.8524 -0.8009 1.6142, 2.8524 0.577 1.245, 1.5531 -0.8009 1.6142, 1.5531 0.577 1.245, 2.8524 -0.8113 1.5354, 1.5531 -0.8113 1.5354, 2.8524 0.8226 1.245, 2.8524 -1.1263 1.5354, 2.8524 -1.1263 1.6142, 1.5531 0.8226 1.245, 1.9471 1.3359 1.245, 1.8189 1.2828 1.245, 1.7088 1.1984 1.245, 1.6244 1.0883 1.245, 1.5713 0.9601 1.245, 2.4584 1.3359 1.245, 2.5866 1.2828 1.245, 2.6967 1.1984 1.245, 2.7812 1.0883 1.245, 2.8343 0.9601 1.245, -1.5571 0.5667 1.1662, -2.8563 0.5667 1.1662, -1.5571 0.8226 1.1662, -2.8563 0.8226 1.1662, -2.4624 1.3359 1.1662, -2.3248 1.3541 1.1662, -2.7851 1.0883 1.1662, -2.7006 1.1984 1.1662, -2.5906 1.2828 1.1662, -2.0886 1.3541 1.1662, -1.5752 0.9601 1.1662, -2.8382 0.9601 1.1662, -1.951 1.3359 1.1662, -1.8228 1.2828 1.1662, -1.6283 1.0883 1.1662, -1.7128 1.1984 1.1662, -2.8563 -0.8113 1.5354, -1.5571 -0.8113 1.5354, -2.8563 0.577 1.245, -2.8563 -0.8009 1.6142, -1.5571 0.577 1.245, -1.5571 -0.8009 1.6142, -2.8563 0.8226 1.245, -1.5571 0.8226 1.245, -2.0886 1.3541 1.245, -1.5752 0.9601 1.245, -1.6283 1.0883 1.245, -1.7128 1.1984 1.245, -1.8228 1.2828 1.245, -2.4624 1.3359 1.245, -2.5906 1.2828 1.245, -1.951 1.3359 1.245, -2.3248 1.3541 1.245, -2.7006 1.1984 1.245, -2.7851 1.0883 1.245, -2.8382 0.9601 1.245, -2.8563 -1.1263 1.6142, -2.8563 -1.1263 1.5354
            ]
        }
        coordIndex [
            0,1,2,-1,2,1,3,-1,4,5,6,-1,6,5,7,-1,8,9,10,-1,11,5,4,-1,10,12,4,-1,0,13,14,-1,15,16,17,-1,18,1,4,-1,4,1,0,-1,4,0,10,-1,10,0,14,-1,10,14,8,-1,19,20,21,-1,12,22,4,-1,4,22,19,-1,4,19,11,-1,11,19,23,-1,11,23,24,-1,25,26,27,-1,27,26,17,-1,27,17,14,-1,14,17,16,-1,14,16,8,-1,28,29,30,-1,30,29,31,-1,30,31,17,-1,17,31,32,-1,17,32,15,-1,25,33,26,-1,26,33,34,-1,26,34,35,-1,35,34,36,-1,35,36,37,-1,38,39,40,-1,40,39,41,-1,40,41,42,-1,21,20,40,-1,40,20,43,-1,40,43,38,-1,44,45,46,-1,46,45,47,-1,46,47,48,-1,48,47,49,-1,19,21,23,-1,23,21,50,-1,23,50,46,-1,46,50,51,-1,46,51,44,-1,52,53,54,-1,54,55,56,-1,56,55,57,-1,58,59,60,-1,61,52,60,-1,60,52,54,-1,60,54,58,-1,58,54,56,-1,58,56,7,-1,7,56,6,-1,57,62,56,-1,56,62,2,-1,56,2,3,-1,63,61,64,-1,64,61,60,-1,64,60,65,-1,65,60,66,-1,65,66,67,-1,67,66,68,-1,69,70,71,-1,71,70,72,-1,71,72,73,-1,74,75,76,-1,77,63,78,-1,78,63,79,-1,80,2,72,-1,72,2,62,-1,72,62,73,-1,73,62,81,-1,73,81,82,-1,77,83,63,-1,63,83,84,-1,63,84,61,-1,82,85,73,-1,73,85,86,-1,73,86,87,-1,87,86,88,-1,87,88,89,-1,74,76,66,-1,66,76,90,-1,66,90,68,-1,91,92,93,-1,93,92,94,-1,93,94,71,-1,71,94,95,-1,71,95,69,-1,18,96,1,-1,1,96,97,-1,1,97,3,-1,97,98,3,-1,3,98,99,-1,3,99,100,-1,100,101,3,-1,3,101,102,-1,3,102,56,-1,103,104,105,-1,105,104,106,-1,104,107,106,-1,106,107,108,-1,109,110,111,-1,111,110,112,-1,111,112,113,-1,113,112,114,-1,113,114,115,-1,115,114,116,-1,115,116,117,-1,117,116,118,-1,117,118,119,-1,119,118,120,-1,119,120,121,-1,121,120,122,-1,121,122,123,-1,123,122,124,-1,123,124,125,-1,125,124,126,-1,125,126,127,-1,127,126,128,-1,127,128,129,-1,129,128,130,-1,129,130,131,-1,131,130,132,-1,131,132,133,-1,133,132,134,-1,133,134,135,-1,135,134,136,-1,135,136,137,-1,137,136,138,-1,137,138,139,-1,139,138,140,-1,139,140,141,-1,141,140,142,-1,141,142,143,-1,143,142,144,-1,143,144,145,-1,145,144,146,-1,145,146,147,-1,147,146,148,-1,147,148,149,-1,149,148,150,-1,149,150,151,-1,151,150,152,-1,151,152,107,-1,107,152,108,-1,109,153,110,-1,110,153,154,-1,155,156,157,-1,157,156,158,-1,159,160,161,-1,161,160,162,-1,161,162,163,-1,163,162,164,-1,163,164,165,-1,165,164,166,-1,165,166,167,-1,167,166,168,-1,167,168,169,-1,169,168,170,-1,169,170,171,-1,171,170,172,-1,171,172,173,-1,173,172,174,-1,173,174,175,-1,175,174,176,-1,175,176,177,-1,177,176,178,-1,177,178,179,-1,179,178,180,-1,179,180,181,-1,181,180,182,-1,181,182,183,-1,183,182,184,-1,183,184,185,-1,185,184,186,-1,185,186,187,-1,187,186,188,-1,187,188,189,-1,189,188,190,-1,189,190,191,-1,191,190,192,-1,191,192,193,-1,193,192,194,-1,193,194,195,-1,195,194,196,-1,195,196,197,-1,197,196,198,-1,197,198,199,-1,199,198,200,-1,199,200,201,-1,201,200,202,-1,201,202,156,-1,156,202,158,-1,159,203,160,-1,160,203,204,-1,205,204,206,-1,206,204,203,-1,207,208,209,-1,209,208,210,-1,211,210,212,-1,213,214,215,-1,216,217,209,-1,213,215,212,-1,212,215,218,-1,212,218,211,-1,210,211,209,-1,209,211,219,-1,209,219,216,-1,220,221,217,-1,217,221,222,-1,217,222,209,-1,223,224,211,-1,211,224,219,-1,225,226,227,-1,227,226,228,-1,207,229,208,-1,208,229,230,-1,209,231,207,-1,207,231,226,-1,207,226,229,-1,229,226,225,-1,229,225,232,-1,232,225,233,-1,234,210,228,-1,228,210,208,-1,228,208,227,-1,227,208,230,-1,227,230,206,-1,206,230,205,-1,223,211,218,-1,223,218,235,-1,235,218,215,-1,235,215,236,-1,236,215,214,-1,236,214,237,-1,237,214,213,-1,237,213,238,-1,238,213,212,-1,238,212,239,-1,239,212,210,-1,239,210,234,-1,219,224,240,-1,219,240,216,-1,216,240,241,-1,216,241,217,-1,217,241,242,-1,217,242,220,-1,220,242,243,-1,220,243,221,-1,221,243,244,-1,221,244,222,-1,222,244,231,-1,222,231,209,-1,245,246,247,-1,247,246,248,-1,249,250,248,-1,251,252,253,-1,248,250,247,-1,247,250,254,-1,247,254,255,-1,249,248,253,-1,253,248,256,-1,253,256,251,-1,254,257,255,-1,255,257,258,-1,255,258,259,-1,259,258,260,-1,261,246,262,-1,262,246,245,-1,263,264,265,-1,265,264,266,-1,263,265,267,-1,267,265,268,-1,269,268,270,-1,271,272,273,-1,274,275,267,-1,271,273,270,-1,270,273,276,-1,270,276,269,-1,268,269,267,-1,267,269,277,-1,267,277,274,-1,278,279,275,-1,275,279,280,-1,275,280,267,-1,254,250,269,-1,269,250,277,-1,267,248,263,-1,263,248,246,-1,263,246,264,-1,264,246,261,-1,264,261,281,-1,281,261,282,-1,247,268,245,-1,245,268,265,-1,245,265,262,-1,262,265,266,-1,262,266,105,-1,105,266,103,-1,254,269,276,-1,254,276,257,-1,257,276,273,-1,257,273,258,-1,258,273,272,-1,258,272,260,-1,260,272,271,-1,260,271,259,-1,259,271,270,-1,259,270,255,-1,255,270,268,-1,255,268,247,-1,277,250,249,-1,277,249,274,-1,274,249,253,-1,274,253,275,-1,275,253,252,-1,275,252,278,-1,278,252,251,-1,278,251,279,-1,279,251,256,-1,279,256,280,-1,280,256,248,-1,280,248,267,-1,
        ]
    }
}
Shape{
    appearance Appearance {
        material  Material 	{
            diffuseColor 0.0 0.0 0.0
            specularColor 0.0 0.0 0.0
            ambientIntensity 0.0
            transparency 0.0
            shininess 0.5
        }
    }
    geometry IndexedFaceSet {
        ccw TRUE
        solid FALSE
        coord DEF co Coordinate {
            point [
                4.1752 0.2595 0.9465, 4.1752 0.2595 0.9252, 4.1713 0.2595 0.9465, 4.1713 0.2595 0.9252, 4.1752 0.1851 0.9465, 4.1713 0.1851 0.9465, 4.1752 0.1851 1.112, 4.1713 0.1851 1.112, 4.1752 0.1609 1.112, 4.1713 0.1609 1.112, 4.1752 0.1609 0.9252, 4.1713 0.1609 0.9252, 4.1752 0.3553 0.922, 4.1713 0.3553 0.922, 4.1752 0.3837 0.9247, 4.1713 0.3718 0.9236, 4.1713 0.3837 0.9247, 4.1713 0.4038 0.9313, 4.1752 0.4038 0.9313, 4.1713 0.407 0.9329, 4.1752 0.407 0.9329, 4.1752 0.407 0.956, 4.1713 0.407 0.956, 4.1713 0.3886 0.9478, 4.1752 0.3886 0.9478, 4.1713 0.3675 0.9438, 4.1752 0.3675 0.9438, 4.1713 0.3588 0.9435, 4.1752 0.3588 0.9435, 4.1713 0.34 0.9458, 4.1752 0.34 0.9458, 4.1713 0.3267 0.9509, 4.1752 0.3267 0.9509, 4.1713 0.3145 0.9595, 4.1752 0.3145 0.9595, 4.1713 0.3108 0.9632, 4.1752 0.3108 0.9632, 4.1713 0.3025 0.9743, 4.1752 0.3025 0.9743, 4.1713 0.2961 0.9891, 4.1752 0.2961 0.9891, 4.1713 0.2928 1.0072, 4.1752 0.2928 1.0072, 4.1713 0.2924 1.0165, 4.1752 0.2924 1.0165, 4.1713 0.2955 1.0422, 4.1752 0.2955 1.0422, 4.1713 0.3018 1.0583, 4.1752 0.3018 1.0583, 4.1713 0.3108 1.0713, 4.1752 0.3108 1.0713, 4.1713 0.312 1.0727, 4.1752 0.312 1.0727, 4.1713 0.323 1.082, 4.1752 0.323 1.082, 4.1713 0.3375 1.0893, 4.1752 0.3375 1.0893, 4.1713 0.3535 1.0929, 4.1752 0.3535 1.0929, 4.1713 0.363 1.0934, 4.1752 0.363 1.0934, 4.1713 0.386 1.0906, 4.1752 0.386 1.0906, 4.1713 0.4049 1.0834, 4.1752 0.4049 1.0834, 4.1713 0.407 1.0823, 4.1752 0.407 1.0823, 4.1752 0.407 1.1075, 4.1713 0.407 1.1075, 4.1713 0.3627 1.1152, 4.1752 0.3627 1.1152, 4.1713 0.3828 1.1136, 4.1752 0.3872 1.1132, 4.1713 0.3872 1.1132, 4.1713 0.3498 1.1136, 4.1752 0.3357 1.1119, 4.1713 0.3357 1.1119, 4.1713 0.3162 1.1043, 4.1752 0.3162 1.1043, 4.1713 0.2987 1.092, 4.1752 0.2987 1.092, 4.1713 0.2941 1.0876, 4.1752 0.2941 1.0876, 4.1713 0.2805 1.07, 4.1713 0.2755 1.0581, 4.1752 0.2717 1.0492, 4.1752 0.2805 1.07, 4.1713 0.2717 1.0492, 4.1713 0.2674 1.0248, 4.1752 0.2674 1.0248, 4.1713 0.2671 1.0151, 4.1752 0.2671 1.0151, 4.1713 0.2708 0.9846, 4.1713 0.2755 0.9727, 4.1752 0.2784 0.9651, 4.1752 0.2708 0.9846, 4.1713 0.2784 0.9651, 4.1713 0.2896 0.9492, 4.1752 0.2896 0.9492, 4.1713 0.2911 0.9475, 4.1752 0.2911 0.9475, 4.1713 0.3237 0.9267, 4.1752 0.3061 0.935, 4.1713 0.3061 0.935, 4.1713 0.3389 0.9236, 4.1752 0.344 0.9226, 4.1752 0.3237 0.9267, 4.1713 0.344 0.9226, 4.1752 0.5449 0.9465, 4.1752 0.5449 0.9252, 4.1713 0.5449 0.9465, 4.1713 0.5449 0.9252, 4.1713 0.4685 0.9465, 4.1752 0.4685 0.9465, 4.1713 0.519 0.9465, 4.1752 0.4685 1.0093, 4.1713 0.4685 1.0093, 4.1713 0.5353 1.0093, 4.1752 0.5353 1.0093, 4.1713 0.519 1.0093, 4.1752 0.5353 1.0307, 4.1713 0.5353 1.0307, 4.1713 0.4685 1.0307, 4.1752 0.4685 1.0307, 4.1713 0.519 1.0307, 4.1752 0.4685 1.0905, 4.1713 0.4685 1.0905, 4.1713 0.5406 1.0905, 4.1752 0.5406 1.0905, 4.1713 0.519 1.0905, 4.1752 0.5406 1.112, 4.1713 0.5406 1.112, 4.1713 0.4444 1.112, 4.1752 0.4444 1.112, 4.1713 0.519 1.112, 4.1752 0.4444 0.9252, 4.1713 0.4444 0.9252, 4.1713 0.519 0.9252, 4.1752 0.7041 0.9513, 4.1752 0.6848 0.964, 4.1752 0.6846 0.9374, 4.1752 0.6728 0.9556, 4.1752 0.6633 0.929, 4.1752 0.6574 0.9496, 4.1752 0.6315 0.9252, 4.1752 0.6314 0.9465, 4.1752 0.5802 0.9252, 4.1752 0.6043 0.9465, 4.1752 0.5802 1.112, 4.1752 0.6043 1.0905, 4.1752 0.6335 1.112, 4.1752 0.6325 1.0905, 4.1752 0.6393 1.0903, 4.1752 0.662 1.1089, 4.1752 0.6589 1.0872, 4.1752 0.6845 1.1006, 4.1752 0.6747 1.081, 4.1752 0.7041 1.0873, 4.1752 0.6864 1.0729, 4.1752 0.7107 1.0808, 4.1752 0.6916 1.0678, 4.1752 0.7222 1.0646, 4.1752 0.6988 1.0574, 4.1752 0.7291 1.0468, 4.1752 0.7041 1.0438, 4.1752 0.7323 1.021, 4.1752 0.7069 1.0203, 4.1752 0.7317 1.0091, 4.1752 0.7061 1.0067, 4.1752 0.7272 0.9872, 4.1752 0.7022 0.99, 4.1752 0.718 0.9679, 4.1752 0.6955 0.9764, 4.1752 0.6869 0.966, 4.1713 0.6315 0.9252, 4.1713 0.5802 0.9252, 4.1713 0.7041 0.9513, 4.1713 0.6633 0.929, 4.1713 0.6657 0.93, 4.1713 0.6846 0.9374, 4.1713 0.718 0.9679, 4.1713 0.7272 0.9872, 4.1713 0.7317 1.0091, 4.1713 0.7323 1.021, 4.1713 0.7291 1.0468, 4.1713 0.7222 1.0646, 4.1713 0.7107 1.0808, 4.1713 0.7041 1.0873, 4.1713 0.6845 1.1006, 4.1713 0.6657 1.1075, 4.1713 0.662 1.1089, 4.1713 0.6335 1.112, 4.1713 0.5802 1.112, 4.1713 0.6325 1.0905, 4.1713 0.6043 1.0905, 4.1713 0.6043 0.9465, 4.1713 0.6314 0.9465, 4.1713 0.6869 0.966, 4.1713 0.6848 0.964, 4.1713 0.6728 0.9556, 4.1713 0.6574 0.9496, 4.1713 0.7069 1.0203, 4.1713 0.7061 1.0067, 4.1713 0.7022 0.99, 4.1713 0.6955 0.9764, 4.1713 0.6864 1.0729, 4.1713 0.6916 1.0678, 4.1713 0.6988 1.0574, 4.1713 0.7041 1.0438, 4.1713 0.6393 1.0903, 4.1713 0.6589 1.0872, 4.1713 0.6747 1.081
            ]
        }
        coordIndex [
            0,1,2,-1,2,1,3,-1,4,0,5,-1,5,0,2,-1,6,4,7,-1,7,4,5,-1,8,6,9,-1,9,6,7,-1,10,8,11,-1,11,8,9,-1,1,10,3,-1,3,10,11,-1,6,8,4,-1,4,8,10,-1,4,10,0,-1,0,10,1,-1,12,13,14,-1,14,13,15,-1,15,16,14,-1,14,16,17,-1,14,17,18,-1,18,17,19,-1,18,19,20,-1,21,20,22,-1,22,20,19,-1,21,22,23,-1,21,23,24,-1,24,23,25,-1,24,25,26,-1,26,25,27,-1,26,27,28,-1,28,27,29,-1,28,29,30,-1,30,29,31,-1,30,31,32,-1,32,31,33,-1,32,33,34,-1,34,33,35,-1,34,35,36,-1,36,35,37,-1,36,37,38,-1,38,37,39,-1,38,39,40,-1,40,39,41,-1,40,41,42,-1,42,41,43,-1,42,43,44,-1,44,43,45,-1,44,45,46,-1,46,45,47,-1,46,47,48,-1,48,47,49,-1,48,49,50,-1,50,49,51,-1,50,51,52,-1,52,51,53,-1,52,53,54,-1,54,53,55,-1,54,55,56,-1,56,55,57,-1,56,57,58,-1,58,57,59,-1,58,59,60,-1,60,59,61,-1,60,61,62,-1,62,61,63,-1,62,63,64,-1,64,63,65,-1,64,65,66,-1,67,66,68,-1,68,66,65,-1,69,70,71,-1,71,70,72,-1,71,72,73,-1,73,72,67,-1,73,67,68,-1,70,69,74,-1,70,74,75,-1,74,76,75,-1,75,76,77,-1,75,77,78,-1,78,77,79,-1,78,79,80,-1,80,79,81,-1,80,81,82,-1,82,81,83,-1,84,85,83,-1,83,85,86,-1,83,86,82,-1,84,87,85,-1,85,87,88,-1,85,88,89,-1,89,88,90,-1,89,90,91,-1,91,90,92,-1,93,94,92,-1,92,94,95,-1,92,95,91,-1,93,96,94,-1,94,96,97,-1,94,97,98,-1,98,97,99,-1,98,99,100,-1,101,102,103,-1,103,102,100,-1,103,100,99,-1,104,105,101,-1,101,105,106,-1,101,106,102,-1,104,107,105,-1,105,107,13,-1,105,13,12,-1,54,56,75,-1,46,48,86,-1,86,48,82,-1,75,56,70,-1,56,58,70,-1,70,58,60,-1,70,60,72,-1,72,60,62,-1,72,62,67,-1,67,62,64,-1,67,64,66,-1,20,21,18,-1,18,21,24,-1,18,24,14,-1,14,24,26,-1,14,26,12,-1,12,26,28,-1,12,28,105,-1,105,28,30,-1,105,30,106,-1,106,30,32,-1,106,32,102,-1,102,32,34,-1,102,34,100,-1,100,34,36,-1,100,36,98,-1,98,36,38,-1,98,38,94,-1,91,44,89,-1,89,44,46,-1,89,46,85,-1,85,46,86,-1,48,50,82,-1,82,50,52,-1,82,52,80,-1,80,52,54,-1,80,54,78,-1,78,54,75,-1,94,38,95,-1,95,38,40,-1,95,40,91,-1,91,40,42,-1,91,42,44,-1,108,109,110,-1,110,109,111,-1,112,113,114,-1,114,113,108,-1,114,108,110,-1,115,113,116,-1,116,113,112,-1,117,118,119,-1,119,118,115,-1,119,115,116,-1,120,118,121,-1,121,118,117,-1,122,123,124,-1,124,123,120,-1,124,120,121,-1,125,123,126,-1,126,123,122,-1,127,128,129,-1,129,128,125,-1,129,125,126,-1,130,128,131,-1,131,128,127,-1,132,133,134,-1,134,133,130,-1,134,130,131,-1,135,133,136,-1,136,133,132,-1,111,109,137,-1,137,109,135,-1,137,135,136,-1,135,109,108,-1,108,113,135,-1,135,113,115,-1,135,115,133,-1,128,130,125,-1,125,130,133,-1,125,133,123,-1,123,133,115,-1,123,115,120,-1,120,115,118,-1,138,139,140,-1,140,139,141,-1,140,141,142,-1,142,141,143,-1,142,143,144,-1,144,143,145,-1,144,145,146,-1,146,145,147,-1,146,147,148,-1,148,147,149,-1,148,149,150,-1,149,151,150,-1,150,151,152,-1,150,152,153,-1,153,152,154,-1,153,154,155,-1,155,154,156,-1,155,156,157,-1,157,156,158,-1,157,158,159,-1,159,158,160,-1,159,160,161,-1,161,160,162,-1,161,162,163,-1,163,162,164,-1,163,164,165,-1,165,164,166,-1,165,166,167,-1,167,166,168,-1,167,168,169,-1,169,168,170,-1,169,170,171,-1,171,170,172,-1,171,172,138,-1,138,172,173,-1,138,173,139,-1,144,146,174,-1,174,146,175,-1,176,138,140,-1,144,174,177,-1,144,177,142,-1,142,177,178,-1,142,178,140,-1,140,178,179,-1,140,179,176,-1,138,176,180,-1,138,180,171,-1,171,180,181,-1,171,181,169,-1,169,181,182,-1,169,182,167,-1,167,182,183,-1,167,183,165,-1,165,183,184,-1,165,184,163,-1,163,184,185,-1,163,185,161,-1,161,185,186,-1,161,186,159,-1,159,186,187,-1,159,187,157,-1,157,187,188,-1,189,153,188,-1,188,153,155,-1,188,155,157,-1,189,190,153,-1,153,190,191,-1,153,191,150,-1,148,150,192,-1,192,150,191,-1,146,148,175,-1,175,148,192,-1,151,149,193,-1,193,149,194,-1,149,147,194,-1,194,147,195,-1,147,145,195,-1,195,145,196,-1,173,197,198,-1,173,198,139,-1,139,198,199,-1,139,199,141,-1,141,199,200,-1,141,200,143,-1,143,200,196,-1,143,196,145,-1,166,201,202,-1,166,202,168,-1,168,202,203,-1,168,203,170,-1,170,203,204,-1,170,204,172,-1,172,204,197,-1,172,197,173,-1,158,205,206,-1,158,206,160,-1,160,206,207,-1,160,207,162,-1,162,207,208,-1,162,208,164,-1,164,208,201,-1,164,201,166,-1,151,193,209,-1,151,209,152,-1,152,209,210,-1,152,210,154,-1,154,210,211,-1,154,211,156,-1,156,211,205,-1,156,205,158,-1,
        ]
    }
}
Shape{
    appearance Appearance {
        material  Material 	{
            diffuseColor 1.0 1.0 1.0
            specularColor 0.5019607843137255 0.5019607843137255 0.5019607843137255
            ambientIntensity 1.0
            transparency 0.0
            shininess 0.5
        }
    }
    geometry IndexedFaceSet {
        ccw TRUE
        solid FALSE
        coord DEF co Coordinate {
            point [
                4.1713 0.6848 0.964, 4.1713 0.6869 0.966, 4.1713 0.6393 1.0903, 4.1713 0.6728 0.9556, 4.1713 0.6043 1.0905, 4.1713 0.6043 0.9465, 4.1713 0.6325 1.0905, 4.1713 0.6314 0.9465, 4.1713 0.6574 0.9496, 4.1713 0.6955 0.9764, 4.1713 0.7022 0.99, 4.1713 0.7061 1.0067, 4.1713 0.6864 1.0729, 4.1713 0.7069 1.0203, 4.1713 0.6747 1.081, 4.1713 0.6589 1.0872, 4.1713 0.7041 1.0438, 4.1713 0.6988 1.0574, 4.1713 0.6916 1.0678
            ]
        }
        coordIndex [
            0,1,2,-1,0,2,3,-1,4,5,6,-1,6,5,7,-1,6,7,2,-1,2,7,8,-1,2,8,3,-1,1,9,2,-1,2,9,10,-1,2,10,11,-1,12,11,13,-1,12,14,11,-1,11,14,15,-1,11,15,2,-1,16,17,13,-1,13,17,18,-1,13,18,12,-1,
        ]
    }
}
Shape{
    appearance Appearance {
        material  Material 	{
            diffuseColor 0.0 0.0 0.0
            specularColor 0.0 0.0 0.0
            ambientIntensity 0.0
            transparency 0.0
            shininess 0.5
        }
    }
    geometry IndexedFaceSet {
        ccw TRUE
        solid FALSE
        coord DEF co Coordinate {
            point [
                4.1752 0.7949 0.9974, 4.1752 0.7872 0.9763, 4.1752 0.8576 0.9974, 4.1752 0.865 0.9763, 4.1752 0.8228 1.075, 4.1752 0.8138 1.112, 4.1752 0.7426 0.9252, 4.1752 0.7693 0.9252, 4.1752 0.8244 1.0806, 4.1752 0.8259 1.0881, 4.1752 0.8396 1.112, 4.1752 0.8264 1.0881, 4.1752 0.828 1.0802, 4.1752 0.8294 1.075, 4.1752 0.9107 0.9252, 4.1752 0.8841 0.9252, 4.1713 0.8396 1.112, 4.1713 0.9107 0.9252, 4.1713 0.8138 1.112, 4.1713 0.7426 0.9252, 4.1713 0.7965 1.0665, 4.1713 0.7693 0.9252, 4.1713 0.7872 0.9763, 4.1713 0.865 0.9763, 4.1713 0.7965 0.9763, 4.1713 0.8841 0.9252, 4.1713 0.7949 0.9974, 4.1713 0.8576 0.9974, 4.1713 0.8294 1.075, 4.1713 0.8264 1.0881, 4.1713 0.828 1.0802, 4.1713 0.8259 1.0881, 4.1713 0.8228 1.075, 4.1713 0.8244 1.0806
            ]
        }
        coordIndex [
            0,1,2,-1,2,1,3,-1,4,5,0,-1,0,5,6,-1,0,6,1,-1,1,6,7,-1,4,8,5,-1,5,8,9,-1,5,9,10,-1,10,9,11,-1,10,11,12,-1,12,13,10,-1,10,13,2,-1,10,2,14,-1,14,2,3,-1,14,3,15,-1,10,14,16,-1,16,14,17,-1,5,10,18,-1,18,10,16,-1,19,6,20,-1,20,6,5,-1,20,5,18,-1,7,6,21,-1,21,6,19,-1,1,7,22,-1,22,7,21,-1,23,3,24,-1,24,3,1,-1,24,1,22,-1,15,3,25,-1,25,3,23,-1,14,15,17,-1,17,15,25,-1,0,2,26,-1,26,2,27,-1,2,13,27,-1,27,13,28,-1,11,29,30,-1,11,30,12,-1,12,30,28,-1,12,28,13,-1,11,9,29,-1,29,9,31,-1,4,32,33,-1,4,33,8,-1,8,33,31,-1,8,31,9,-1,4,0,32,-1,32,0,26,-1,
        ]
    }
}
Shape{
    appearance Appearance {
        material  Material 	{
            diffuseColor 1.0 1.0 1.0
            specularColor 0.5019607843137255 0.5019607843137255 0.5019607843137255
            ambientIntensity 1.0
            transparency 0.0
            shininess 0.5
        }
    }
    geometry IndexedFaceSet {
        ccw TRUE
        solid FALSE
        coord DEF co Coordinate {
            point [
                4.1713 0.8264 1.0881, 4.1713 0.8259 1.0881, 4.1713 0.828 1.0802, 4.1713 0.8244 1.0806, 4.1713 0.8294 1.075, 4.1713 0.8228 1.075, 4.1713 0.8576 0.9974, 4.1713 0.7949 0.9974
            ]
        }
        coordIndex [
            0,1,2,-1,2,1,3,-1,2,3,4,-1,4,3,5,-1,4,5,6,-1,6,5,7,-1,
        ]
    }
}
Shape{
    appearance Appearance {
        material  Material 	{
            diffuseColor 0.0 0.0 0.0
            specularColor 0.0 0.0 0.0
            ambientIntensity 0.0
            transparency 0.0
            shininess 0.5
        }
    }
    geometry IndexedFaceSet {
        ccw TRUE
        solid FALSE
        coord DEF co Coordinate {
            point [
                4.1752 0.2614 0.6501, 4.1752 0.2614 0.6288, 4.1713 0.2614 0.6501, 4.1713 0.2614 0.6288, 4.1752 0.1851 0.6501, 4.1713 0.1851 0.6501, 4.1752 0.1851 0.7129, 4.1713 0.1851 0.7129, 4.1752 0.2519 0.7129, 4.1713 0.2519 0.7129, 4.1752 0.2519 0.7343, 4.1713 0.2519 0.7343, 4.1752 0.1851 0.7343, 4.1713 0.1851 0.7343, 4.1752 0.1851 0.7941, 4.1713 0.1851 0.7941, 4.1752 0.2572 0.7941, 4.1713 0.2572 0.7941, 4.1752 0.2572 0.8156, 4.1713 0.2572 0.8156, 4.1752 0.1609 0.8156, 4.1713 0.1609 0.8156, 4.1752 0.1609 0.6288, 4.1713 0.1609 0.6288, 4.1752 0.316 0.6852, 4.1752 0.321 0.6878, 4.1752 0.3088 0.7031, 4.1752 0.367 0.6494, 4.1752 0.3676 0.6494, 4.1752 0.3661 0.671, 4.1752 0.3676 0.6814, 4.1752 0.391 0.7147, 4.1752 0.3676 0.6829, 4.1752 0.3676 0.6957, 4.1752 0.3676 0.6288, 4.1752 0.391 0.6288, 4.1752 0.3587 0.7636, 4.1752 0.354 0.7435, 4.1752 0.3682 0.7604, 4.1752 0.3581 0.7409, 4.1752 0.3281 0.7081, 4.1752 0.3364 0.6915, 4.1752 0.3676 0.7136, 4.1752 0.3627 0.6626, 4.1752 0.3576 0.6557, 4.1752 0.3619 0.642, 4.1752 0.3547 0.6529, 4.1752 0.3544 0.6346, 4.1752 0.3481 0.6484, 4.1752 0.3483 0.6307, 4.1752 0.341 0.6458, 4.1752 0.3389 0.6272, 4.1752 0.3322 0.6448, 4.1752 0.3261 0.6256, 4.1752 0.3243 0.6457, 4.1752 0.3121 0.6273, 4.1752 0.319 0.6477, 4.1752 0.3032 0.6306, 4.1752 0.3143 0.6509, 4.1752 0.2953 0.6361, 4.1752 0.3123 0.6529, 4.1752 0.3668 0.7239, 4.1752 0.3888 0.7342, 4.1752 0.3644 0.7323, 4.1752 0.3849 0.7443, 4.1752 0.3617 0.7371, 4.1752 0.38 0.7515, 4.1752 0.3756 0.7557, 4.1752 0.2969 0.7529, 4.1752 0.2969 0.7301, 4.1752 0.3017 0.7557, 4.1752 0.313 0.7403, 4.1752 0.3191 0.7624, 4.1752 0.3276 0.745, 4.1752 0.3428 0.7653, 4.1752 0.3406 0.7463, 4.1752 0.3485 0.7454, 4.1752 0.3138 0.6833, 4.1752 0.2994 0.6979, 4.1752 0.311 0.6799, 4.1752 0.2926 0.6916, 4.1752 0.3089 0.6755, 4.1752 0.2877 0.684, 4.1752 0.3078 0.6701, 4.1752 0.2849 0.6754, 4.1752 0.3076 0.6664, 4.1752 0.2838 0.6645, 4.1752 0.3082 0.661, 4.1752 0.285 0.6538, 4.1752 0.3097 0.6568, 4.1752 0.2878 0.6459, 4.1752 0.2927 0.6387, 4.1713 0.3428 0.7653, 4.1713 0.3191 0.7624, 4.1713 0.3017 0.7557, 4.1713 0.2969 0.7529, 4.1713 0.2969 0.7301, 4.1713 0.313 0.7403, 4.1713 0.3276 0.745, 4.1713 0.3406 0.7463, 4.1713 0.3485 0.7454, 4.1713 0.354 0.7435, 4.1713 0.3581 0.7409, 4.1713 0.3617 0.7371, 4.1713 0.3644 0.7323, 4.1713 0.3668 0.7239, 4.1713 0.3676 0.7136, 4.1713 0.3281 0.7081, 4.1713 0.3088 0.7031, 4.1713 0.2994 0.6979, 4.1713 0.2926 0.6916, 4.1713 0.2877 0.684, 4.1713 0.2849 0.6754, 4.1713 0.2838 0.6645, 4.1713 0.285 0.6538, 4.1713 0.2878 0.6459, 4.1713 0.2927 0.6387, 4.1713 0.2953 0.6361, 4.1713 0.3261 0.6256, 4.1713 0.3126 0.6272, 4.1713 0.3121 0.6273, 4.1713 0.3032 0.6306, 4.1713 0.3389 0.6272, 4.1713 0.3391 0.6272, 4.1713 0.3483 0.6307, 4.1713 0.3544 0.6346, 4.1713 0.3619 0.642, 4.1713 0.367 0.6494, 4.1713 0.3676 0.6494, 4.1713 0.3676 0.6288, 4.1713 0.391 0.6288, 4.1713 0.391 0.7147, 4.1713 0.3888 0.7342, 4.1713 0.3849 0.7443, 4.1713 0.38 0.7515, 4.1713 0.3756 0.7557, 4.1713 0.3682 0.7604, 4.1713 0.3587 0.7636, 4.1713 0.3138 0.6833, 4.1713 0.316 0.6852, 4.1713 0.321 0.6878, 4.1713 0.3364 0.6915, 4.1713 0.3076 0.6664, 4.1713 0.3078 0.6701, 4.1713 0.3089 0.6755, 4.1713 0.311 0.6799, 4.1713 0.3143 0.6509, 4.1713 0.3123 0.6529, 4.1713 0.3097 0.6568, 4.1713 0.3082 0.661, 4.1713 0.3322 0.6448, 4.1713 0.3243 0.6457, 4.1713 0.319 0.6477, 4.1713 0.3576 0.6557, 4.1713 0.3547 0.6529, 4.1713 0.3481 0.6484, 4.1713 0.341 0.6458, 4.1713 0.3676 0.6829, 4.1713 0.3676 0.6814, 4.1713 0.3661 0.671, 4.1713 0.3627 0.6626, 4.1713 0.3676 0.6957
            ]
        }
        coordIndex [
            0,1,2,-1,2,1,3,-1,4,0,5,-1,5,0,2,-1,6,4,7,-1,7,4,5,-1,8,6,9,-1,9,6,7,-1,10,8,11,-1,11,8,9,-1,12,10,13,-1,13,10,11,-1,14,12,15,-1,15,12,13,-1,16,14,17,-1,17,14,15,-1,18,16,19,-1,19,16,17,-1,20,18,21,-1,21,18,19,-1,22,20,23,-1,23,20,21,-1,1,22,3,-1,3,22,23,-1,22,1,0,-1,0,4,22,-1,22,4,6,-1,22,6,20,-1,16,18,14,-1,14,18,20,-1,14,20,12,-1,12,20,6,-1,12,6,10,-1,10,6,8,-1,24,25,26,-1,27,28,29,-1,30,31,32,-1,32,31,33,-1,34,35,28,-1,28,35,31,-1,28,31,29,-1,29,31,30,-1,36,37,38,-1,38,37,39,-1,26,25,40,-1,40,25,41,-1,40,41,42,-1,29,43,27,-1,27,43,44,-1,27,44,45,-1,45,44,46,-1,45,46,47,-1,47,46,48,-1,47,48,49,-1,49,48,50,-1,49,50,51,-1,51,50,52,-1,51,52,53,-1,53,52,54,-1,53,54,55,-1,55,54,56,-1,55,56,57,-1,57,56,58,-1,57,58,59,-1,59,58,60,-1,41,33,42,-1,42,33,31,-1,42,31,61,-1,61,31,62,-1,61,62,63,-1,63,62,64,-1,63,64,65,-1,65,64,66,-1,65,66,39,-1,39,66,67,-1,39,67,38,-1,68,69,70,-1,70,69,71,-1,70,71,72,-1,72,71,73,-1,72,73,74,-1,74,73,75,-1,74,75,36,-1,36,75,76,-1,36,76,37,-1,24,26,77,-1,77,26,78,-1,77,78,79,-1,79,78,80,-1,79,80,81,-1,81,80,82,-1,81,82,83,-1,83,82,84,-1,83,84,85,-1,85,84,86,-1,85,86,87,-1,87,86,88,-1,87,88,89,-1,89,88,90,-1,89,90,60,-1,60,90,91,-1,60,91,59,-1,74,92,93,-1,74,93,72,-1,72,93,94,-1,72,94,70,-1,70,94,95,-1,70,95,68,-1,69,68,96,-1,96,68,95,-1,69,96,97,-1,69,97,71,-1,71,97,98,-1,71,98,73,-1,73,98,99,-1,73,99,75,-1,75,99,100,-1,75,100,76,-1,76,100,101,-1,76,101,37,-1,37,101,102,-1,37,102,39,-1,39,102,103,-1,39,103,65,-1,65,103,104,-1,65,104,63,-1,63,104,105,-1,63,105,61,-1,61,105,106,-1,61,106,42,-1,40,42,107,-1,107,42,106,-1,40,107,108,-1,40,108,26,-1,26,108,109,-1,26,109,78,-1,78,109,110,-1,78,110,80,-1,80,110,111,-1,80,111,82,-1,82,111,112,-1,82,112,84,-1,84,112,113,-1,84,113,86,-1,86,113,114,-1,86,114,88,-1,88,114,115,-1,88,115,90,-1,90,115,116,-1,90,116,91,-1,91,116,117,-1,91,117,59,-1,118,53,119,-1,119,53,55,-1,119,55,120,-1,120,55,57,-1,120,57,121,-1,121,57,59,-1,121,59,117,-1,53,118,122,-1,53,122,51,-1,51,122,123,-1,51,123,49,-1,123,124,49,-1,49,124,125,-1,49,125,47,-1,47,125,126,-1,47,126,45,-1,45,126,127,-1,45,127,27,-1,28,27,128,-1,128,27,127,-1,34,28,129,-1,129,28,128,-1,35,34,130,-1,130,34,129,-1,31,35,131,-1,131,35,130,-1,31,131,132,-1,31,132,62,-1,62,132,133,-1,62,133,64,-1,64,133,134,-1,64,134,66,-1,66,134,135,-1,66,135,67,-1,67,135,136,-1,67,136,38,-1,38,136,137,-1,38,137,36,-1,36,137,92,-1,36,92,74,-1,77,138,139,-1,77,139,24,-1,24,139,140,-1,24,140,25,-1,25,140,141,-1,25,141,41,-1,85,142,143,-1,85,143,83,-1,83,143,144,-1,83,144,81,-1,81,144,145,-1,81,145,79,-1,79,145,138,-1,79,138,77,-1,58,146,147,-1,58,147,60,-1,60,147,148,-1,60,148,89,-1,89,148,149,-1,89,149,87,-1,87,149,142,-1,87,142,85,-1,52,150,151,-1,52,151,54,-1,54,151,152,-1,54,152,56,-1,56,152,146,-1,56,146,58,-1,44,153,154,-1,44,154,46,-1,46,154,155,-1,46,155,48,-1,48,155,156,-1,48,156,50,-1,50,156,150,-1,50,150,52,-1,32,157,158,-1,32,158,30,-1,30,158,159,-1,30,159,29,-1,29,159,160,-1,29,160,43,-1,43,160,153,-1,43,153,44,-1,32,33,157,-1,157,33,161,-1,33,41,161,-1,161,41,141,-1,
        ]
    }
}
Shape{
    appearance Appearance {
        material  Material 	{
            diffuseColor 1.0 1.0 1.0
            specularColor 0.5019607843137255 0.5019607843137255 0.5019607843137255
            ambientIntensity 1.0
            transparency 0.0
            shininess 0.5
        }
    }
    geometry IndexedFaceSet {
        ccw TRUE
        solid FALSE
        coord DEF co Coordinate {
            point [
                4.1713 0.3676 0.6814, 4.1713 0.3676 0.6829, 4.1713 0.3138 0.6833, 4.1713 0.3676 0.6957, 4.1713 0.3364 0.6915, 4.1713 0.321 0.6878, 4.1713 0.316 0.6852, 4.1713 0.3661 0.671, 4.1713 0.311 0.6799, 4.1713 0.3627 0.6626, 4.1713 0.3123 0.6529, 4.1713 0.3143 0.6509, 4.1713 0.3547 0.6529, 4.1713 0.3097 0.6568, 4.1713 0.3481 0.6484, 4.1713 0.341 0.6458, 4.1713 0.3322 0.6448, 4.1713 0.3089 0.6755, 4.1713 0.3078 0.6701, 4.1713 0.3576 0.6557, 4.1713 0.3076 0.6664, 4.1713 0.3082 0.661, 4.1713 0.319 0.6477, 4.1713 0.3243 0.6457
            ]
        }
        coordIndex [
            0,1,2,-1,1,3,4,-1,4,5,1,-1,1,5,6,-1,1,6,2,-1,0,2,7,-1,7,2,8,-1,7,8,9,-1,10,11,12,-1,10,12,13,-1,14,12,15,-1,15,12,16,-1,8,17,9,-1,9,17,18,-1,9,18,19,-1,19,18,20,-1,19,20,12,-1,12,20,21,-1,12,21,13,-1,11,22,12,-1,12,22,23,-1,12,23,16,-1,
        ]
    }
}
Shape{
    appearance Appearance {
        material  Material 	{
            diffuseColor 0.0 0.0 0.0
            specularColor 0.0 0.0 0.0
            ambientIntensity 0.0
            transparency 0.0
            shininess 0.5
        }
    }
    geometry IndexedFaceSet {
        ccw TRUE
        solid FALSE
        coord DEF co Coordinate {
            point [
                4.1713 0.4228 0.6576, 4.1752 0.4228 0.6576, 4.1752 0.4327 0.6516, 4.1752 0.4612 0.6447, 4.1713 0.4612 0.6447, 4.1713 0.4474 0.6463, 4.1752 0.4474 0.6463, 4.1713 0.4336 0.6513, 4.1713 0.4327 0.6516, 4.1752 0.4228 0.6335, 4.1713 0.4228 0.6335, 4.1752 0.4392 0.6277, 4.1713 0.4336 0.6297, 4.1713 0.459 0.6256, 4.1752 0.459 0.6256, 4.1713 0.4438 0.6272, 4.1713 0.4392 0.6277, 4.1752 0.48 0.6281, 4.1713 0.4723 0.6272, 4.1713 0.48 0.6281, 4.1713 0.4923 0.6329, 4.1752 0.4923 0.6329, 4.1713 0.4978 0.6362, 4.1752 0.4978 0.6362, 4.1713 0.5045 0.6421, 4.1752 0.5045 0.6421, 4.1713 0.5089 0.6483, 4.1752 0.5089 0.6483, 4.1713 0.5118 0.6557, 4.1752 0.5118 0.6557, 4.1713 0.5129 0.6651, 4.1752 0.5129 0.6651, 4.1713 0.5119 0.6738, 4.1752 0.5119 0.6738, 4.1713 0.5094 0.6807, 4.1752 0.5094 0.6807, 4.1713 0.505 0.6871, 4.1752 0.505 0.6871, 4.1713 0.4995 0.6921, 4.1752 0.4995 0.6921, 4.1713 0.4839 0.7008, 4.1752 0.4839 0.7008, 4.1713 0.4749 0.7044, 4.1752 0.4749 0.7044, 4.1713 0.4604 0.7107, 4.1752 0.4604 0.7107, 4.1713 0.4521 0.7159, 4.1752 0.4521 0.7159, 4.1713 0.4498 0.7184, 4.1752 0.4498 0.7184, 4.1713 0.4482 0.7216, 4.1752 0.4482 0.7216, 4.1713 0.4472 0.7252, 4.1752 0.4472 0.7252, 4.1713 0.447 0.7283, 4.1752 0.447 0.7283, 4.1713 0.4474 0.732, 4.1752 0.4474 0.732, 4.1713 0.4486 0.7352, 4.1752 0.4486 0.7352, 4.1713 0.4506 0.7382, 4.1752 0.4506 0.7382, 4.1713 0.4541 0.7413, 4.1752 0.4541 0.7413, 4.1713 0.4594 0.7441, 4.1752 0.4594 0.7441, 4.1713 0.4656 0.7458, 4.1752 0.4656 0.7458, 4.1713 0.4726 0.7463, 4.1752 0.4726 0.7463, 4.1713 0.487 0.7447, 4.1752 0.487 0.7447, 4.1713 0.5002 0.7401, 4.1752 0.5002 0.7401, 4.1713 0.5065 0.7366, 4.1752 0.5065 0.7366, 4.1752 0.5065 0.7594, 4.1713 0.5065 0.7594, 4.1713 0.4913 0.7638, 4.1752 0.4913 0.7638, 4.1713 0.4749 0.7653, 4.1752 0.4749 0.7653, 4.1713 0.4562 0.7631, 4.1752 0.4562 0.7631, 4.1713 0.4437 0.7582, 4.1752 0.4437 0.7582, 4.1713 0.4379 0.7547, 4.1752 0.4379 0.7547, 4.1752 0.4309 0.7484, 4.1713 0.4336 0.7508, 4.1713 0.4309 0.7484, 4.1713 0.4266 0.7421, 4.1752 0.4266 0.7421, 4.1713 0.4238 0.7346, 4.1752 0.4238 0.7346, 4.1713 0.4229 0.7262, 4.1752 0.4229 0.7262, 4.1713 0.4239 0.7171, 4.1752 0.4239 0.7171, 4.1713 0.4265 0.71, 4.1752 0.4265 0.71, 4.1713 0.4295 0.7051, 4.1752 0.4295 0.7051, 4.1713 0.4583 0.6874, 4.1752 0.4583 0.6874, 4.1752 0.4444 0.6938, 4.1713 0.4334 0.7011, 4.1752 0.4334 0.7011, 4.1713 0.4336 0.701, 4.1713 0.4444 0.6938, 4.1713 0.4737 0.681, 4.1752 0.4737 0.681, 4.1713 0.4828 0.6755, 4.1752 0.4828 0.6755, 4.1713 0.4857 0.6725, 4.1752 0.4857 0.6725, 4.1713 0.4876 0.6694, 4.1752 0.4876 0.6694, 4.1713 0.4886 0.6657, 4.1752 0.4886 0.6657, 4.1713 0.4888 0.6628, 4.1752 0.4888 0.6628, 4.1713 0.4884 0.6583, 4.1752 0.4884 0.6583, 4.1713 0.4872 0.655, 4.1752 0.4872 0.655, 4.1713 0.4851 0.652, 4.1752 0.4851 0.652, 4.1713 0.4824 0.6496, 4.1752 0.4824 0.6496, 4.1713 0.4803 0.6483, 4.1752 0.4803 0.6483, 4.1713 0.4743 0.6461, 4.1752 0.4743 0.6461, 4.1713 0.4623 0.6447, 4.1752 0.4623 0.6447, 4.1752 0.6289 0.7622, 4.1752 0.6531 0.7622, 4.1713 0.6289 0.7622, 4.1713 0.6531 0.7622, 4.1752 0.5924 0.6617, 4.1713 0.5924 0.6617, 4.1713 0.5906 0.6555, 4.1752 0.5906 0.6555, 4.1713 0.5896 0.6509, 4.1752 0.5896 0.6509, 4.1752 0.5889 0.6509, 4.1713 0.5889 0.6509, 4.1752 0.5861 0.6619, 4.1713 0.5861 0.6619, 4.1713 0.5512 0.7622, 4.1752 0.5512 0.7622, 4.1713 0.5625 0.7297, 4.1752 0.525 0.7622, 4.1713 0.525 0.7622, 4.1713 0.5774 0.6291, 4.1752 0.5774 0.6291, 4.1713 0.5625 0.6669, 4.1713 0.5671 0.6048, 4.1752 0.5671 0.6048, 4.1713 0.5766 0.6272, 4.1713 0.5625 0.5964, 4.1752 0.5624 0.5963, 4.1713 0.5624 0.5963, 4.1713 0.5581 0.5914, 4.1752 0.5581 0.5914, 4.1713 0.5543 0.5888, 4.1752 0.5543 0.5888, 4.1713 0.5492 0.5867, 4.1752 0.5492 0.5867, 4.1713 0.5431 0.586, 4.1752 0.5431 0.586, 4.1713 0.5347 0.5871, 4.1752 0.5347 0.5871, 4.1713 0.5299 0.5887, 4.1752 0.5299 0.5887, 4.1752 0.5299 0.5678, 4.1713 0.5299 0.5678, 4.1713 0.5398 0.5661, 4.1752 0.5398 0.5661, 4.1713 0.545 0.5659, 4.1752 0.545 0.5659, 4.1713 0.5544 0.567, 4.1752 0.5544 0.567, 4.1713 0.5625 0.5701, 4.1752 0.5637 0.5705, 4.1713 0.5637 0.5705, 4.1713 0.5718 0.5763, 4.1752 0.5718 0.5763, 4.1713 0.5734 0.5777, 4.1752 0.5734 0.5777, 4.1713 0.582 0.588, 4.1752 0.582 0.588, 4.1713 0.5926 0.6086, 4.1752 0.5926 0.6086, 4.1713 0.5999 0.6272, 4.1752 0.7788 0.6501, 4.1752 0.7788 0.6288, 4.1713 0.7788 0.6501, 4.1713 0.7788 0.6288, 4.1713 0.7025 0.6501, 4.1752 0.7025 0.6501, 4.1713 0.7375 0.6501, 4.1752 0.7025 0.7129, 4.1713 0.7025 0.7129, 4.1713 0.7693 0.7129, 4.1752 0.7693 0.7129, 4.1713 0.7375 0.7129, 4.1752 0.7693 0.7343, 4.1713 0.7693 0.7343, 4.1713 0.7025 0.7343, 4.1752 0.7025 0.7343, 4.1713 0.7375 0.7343, 4.1752 0.7025 0.7941, 4.1713 0.7025 0.7941, 4.1713 0.7746 0.7941, 4.1752 0.7746 0.7941, 4.1713 0.7375 0.7941, 4.1752 0.7746 0.8156, 4.1713 0.7746 0.8156, 4.1713 0.6784 0.8156, 4.1752 0.6784 0.8156, 4.1713 0.7375 0.8156, 4.1752 0.6784 0.6288, 4.1713 0.6784 0.6288, 4.1713 0.7375 0.6288, 4.1752 0.9381 0.655, 4.1752 0.9188 0.6676, 4.1752 0.9186 0.641, 4.1752 0.9067 0.6592, 4.1752 0.8973 0.6327, 4.1752 0.8913 0.6532, 4.1752 0.8655 0.6288, 4.1752 0.8654 0.6501, 4.1752 0.8141 0.6288, 4.1752 0.8382 0.6501, 4.1752 0.8141 0.8156, 4.1752 0.8382 0.7941, 4.1752 0.8674 0.8156, 4.1752 0.8665 0.7941, 4.1752 0.8733 0.7939, 4.1752 0.896 0.8125, 4.1752 0.8929 0.7909, 4.1752 0.9185 0.8042, 4.1752 0.9087 0.7846, 4.1752 0.9381 0.7909, 4.1752 0.9204 0.7766, 4.1752 0.9446 0.7845, 4.1752 0.9256 0.7715, 4.1752 0.9562 0.7682, 4.1752 0.9328 0.761, 4.1752 0.9631 0.7504, 4.1752 0.9381 0.7474, 4.1752 0.9662 0.7246, 4.1752 0.9409 0.7239, 4.1752 0.9657 0.7127, 4.1752 0.9401 0.7104, 4.1752 0.9611 0.6908, 4.1752 0.9362 0.6936, 4.1752 0.9519 0.6715, 4.1752 0.9295 0.68, 4.1752 0.9209 0.6696, 4.1713 0.8655 0.6288, 4.1713 0.8141 0.6288, 4.1713 0.8973 0.6327, 4.1713 0.9186 0.641, 4.1713 0.9381 0.655, 4.1713 0.9519 0.6715, 4.1713 0.9611 0.6908, 4.1713 0.9657 0.7127, 4.1713 0.9662 0.7246, 4.1713 0.9631 0.7504, 4.1713 0.9562 0.7682, 4.1713 0.9446 0.7845, 4.1713 0.9381 0.7909, 4.1713 0.9185 0.8042, 4.1713 0.896 0.8125, 4.1713 0.8674 0.8156, 4.1713 0.8141 0.8156, 4.1713 0.8665 0.7941, 4.1713 0.8382 0.7941, 4.1713 0.8382 0.6501, 4.1713 0.8654 0.6501, 4.1713 0.9209 0.6696, 4.1713 0.9188 0.6676, 4.1713 0.9067 0.6592, 4.1713 0.8913 0.6532, 4.1713 0.9409 0.7239, 4.1713 0.9401 0.7104, 4.1713 0.9362 0.6936, 4.1713 0.9295 0.68, 4.1713 0.9204 0.7766, 4.1713 0.9256 0.7715, 4.1713 0.9328 0.761, 4.1713 0.9381 0.7474, 4.1713 0.8733 0.7939, 4.1713 0.8929 0.7909, 4.1713 0.9087 0.7846
            ]
        }
        coordIndex [
            0,1,2,-1,3,4,5,-1,3,5,6,-1,6,5,7,-1,6,7,2,-1,2,7,8,-1,2,8,0,-1,9,1,10,-1,10,1,0,-1,9,10,11,-1,11,10,12,-1,13,14,15,-1,15,14,11,-1,15,11,16,-1,16,11,12,-1,14,13,17,-1,17,13,18,-1,18,19,17,-1,17,19,20,-1,17,20,21,-1,21,20,22,-1,21,22,23,-1,23,22,24,-1,23,24,25,-1,25,24,26,-1,25,26,27,-1,27,26,28,-1,27,28,29,-1,29,28,30,-1,29,30,31,-1,31,30,32,-1,31,32,33,-1,33,32,34,-1,33,34,35,-1,35,34,36,-1,35,36,37,-1,37,36,38,-1,37,38,39,-1,39,38,40,-1,39,40,41,-1,41,40,42,-1,41,42,43,-1,43,42,44,-1,43,44,45,-1,45,44,46,-1,45,46,47,-1,47,46,48,-1,47,48,49,-1,49,48,50,-1,49,50,51,-1,51,50,52,-1,51,52,53,-1,53,52,54,-1,53,54,55,-1,55,54,56,-1,55,56,57,-1,57,56,58,-1,57,58,59,-1,59,58,60,-1,59,60,61,-1,61,60,62,-1,61,62,63,-1,63,62,64,-1,63,64,65,-1,65,64,66,-1,65,66,67,-1,67,66,68,-1,67,68,69,-1,69,68,70,-1,69,70,71,-1,71,70,72,-1,71,72,73,-1,73,72,74,-1,73,74,75,-1,76,75,77,-1,77,75,74,-1,76,77,78,-1,76,78,79,-1,79,78,80,-1,79,80,81,-1,81,80,82,-1,81,82,83,-1,83,82,84,-1,83,84,85,-1,85,84,86,-1,85,86,87,-1,87,86,88,-1,88,86,89,-1,89,90,88,-1,88,90,91,-1,88,91,92,-1,92,91,93,-1,92,93,94,-1,94,93,95,-1,94,95,96,-1,96,95,97,-1,96,97,98,-1,98,97,99,-1,98,99,100,-1,100,99,101,-1,100,101,102,-1,103,104,105,-1,102,101,106,-1,102,106,107,-1,107,106,108,-1,107,108,105,-1,105,108,109,-1,105,109,103,-1,104,103,110,-1,104,110,111,-1,111,110,112,-1,111,112,113,-1,113,112,114,-1,113,114,115,-1,115,114,116,-1,115,116,117,-1,117,116,118,-1,117,118,119,-1,119,118,120,-1,119,120,121,-1,121,120,122,-1,121,122,123,-1,123,122,124,-1,123,124,125,-1,125,124,126,-1,125,126,127,-1,127,126,128,-1,127,128,129,-1,129,128,130,-1,129,130,131,-1,131,130,132,-1,131,132,133,-1,133,132,134,-1,133,134,135,-1,135,134,4,-1,135,4,3,-1,61,63,85,-1,85,63,83,-1,111,43,104,-1,104,43,45,-1,21,23,127,-1,127,23,25,-1,127,25,125,-1,125,25,27,-1,125,27,123,-1,123,27,29,-1,123,29,121,-1,121,29,31,-1,121,31,119,-1,119,31,33,-1,119,33,117,-1,117,33,35,-1,117,35,115,-1,115,35,37,-1,115,37,113,-1,113,37,39,-1,113,39,111,-1,111,39,41,-1,111,41,43,-1,14,3,11,-1,11,3,6,-1,11,6,9,-1,9,6,2,-1,9,2,1,-1,63,65,83,-1,83,65,67,-1,83,67,81,-1,81,67,69,-1,81,69,79,-1,79,69,71,-1,79,71,76,-1,76,71,73,-1,76,73,75,-1,127,129,21,-1,21,129,131,-1,21,131,17,-1,17,131,133,-1,17,133,14,-1,14,133,135,-1,14,135,3,-1,85,87,61,-1,61,87,88,-1,61,88,59,-1,59,88,92,-1,59,92,57,-1,57,92,94,-1,57,94,55,-1,55,94,96,-1,55,96,53,-1,53,96,98,-1,53,98,51,-1,51,98,100,-1,51,100,49,-1,49,100,102,-1,49,102,47,-1,47,102,107,-1,47,107,45,-1,45,107,105,-1,45,105,104,-1,136,137,138,-1,138,137,139,-1,140,136,141,-1,141,136,138,-1,140,141,142,-1,140,142,143,-1,143,142,144,-1,143,144,145,-1,146,145,147,-1,147,145,144,-1,148,146,149,-1,149,146,147,-1,150,151,152,-1,152,151,148,-1,152,148,149,-1,153,151,154,-1,154,151,150,-1,155,156,157,-1,157,156,153,-1,157,153,154,-1,158,159,160,-1,160,159,156,-1,160,156,155,-1,158,161,159,-1,159,161,162,-1,161,163,162,-1,162,163,164,-1,162,164,165,-1,165,164,166,-1,165,166,167,-1,167,166,168,-1,167,168,169,-1,169,168,170,-1,169,170,171,-1,171,170,172,-1,171,172,173,-1,173,172,174,-1,173,174,175,-1,176,175,177,-1,177,175,174,-1,176,177,178,-1,176,178,179,-1,179,178,180,-1,179,180,181,-1,181,180,182,-1,181,182,183,-1,183,182,184,-1,183,184,185,-1,184,186,185,-1,185,186,187,-1,185,187,188,-1,188,187,189,-1,188,189,190,-1,190,189,191,-1,190,191,192,-1,192,191,193,-1,192,193,194,-1,139,137,195,-1,195,137,194,-1,195,194,193,-1,143,145,194,-1,137,136,194,-1,194,136,140,-1,194,140,143,-1,151,153,148,-1,148,153,156,-1,148,156,146,-1,175,176,173,-1,173,176,179,-1,173,179,171,-1,171,179,181,-1,171,181,169,-1,169,181,183,-1,169,183,167,-1,167,183,185,-1,167,185,165,-1,145,146,194,-1,194,146,156,-1,194,156,192,-1,156,159,192,-1,192,159,162,-1,192,162,190,-1,190,162,165,-1,190,165,188,-1,188,165,185,-1,196,197,198,-1,198,197,199,-1,200,201,202,-1,202,201,196,-1,202,196,198,-1,203,201,204,-1,204,201,200,-1,205,206,207,-1,207,206,203,-1,207,203,204,-1,208,206,209,-1,209,206,205,-1,210,211,212,-1,212,211,208,-1,212,208,209,-1,213,211,214,-1,214,211,210,-1,215,216,217,-1,217,216,213,-1,217,213,214,-1,218,216,219,-1,219,216,215,-1,220,221,222,-1,222,221,218,-1,222,218,219,-1,223,221,224,-1,224,221,220,-1,199,197,225,-1,225,197,223,-1,225,223,224,-1,223,197,196,-1,196,201,223,-1,223,201,203,-1,223,203,221,-1,216,218,213,-1,213,218,221,-1,213,221,211,-1,211,221,203,-1,211,203,208,-1,208,203,206,-1,226,227,228,-1,228,227,229,-1,228,229,230,-1,230,229,231,-1,230,231,232,-1,232,231,233,-1,232,233,234,-1,234,233,235,-1,234,235,236,-1,236,235,237,-1,236,237,238,-1,237,239,238,-1,238,239,240,-1,238,240,241,-1,241,240,242,-1,241,242,243,-1,243,242,244,-1,243,244,245,-1,245,244,246,-1,245,246,247,-1,247,246,248,-1,247,248,249,-1,249,248,250,-1,249,250,251,-1,251,250,252,-1,251,252,253,-1,253,252,254,-1,253,254,255,-1,255,254,256,-1,255,256,257,-1,257,256,258,-1,257,258,259,-1,259,258,260,-1,259,260,226,-1,226,260,261,-1,226,261,227,-1,232,234,262,-1,262,234,263,-1,232,262,264,-1,232,264,230,-1,230,264,265,-1,230,265,228,-1,228,265,266,-1,228,266,226,-1,226,266,267,-1,226,267,259,-1,259,267,268,-1,259,268,257,-1,257,268,269,-1,257,269,255,-1,255,269,270,-1,255,270,253,-1,253,270,271,-1,253,271,251,-1,251,271,272,-1,251,272,249,-1,249,272,273,-1,249,273,247,-1,247,273,274,-1,247,274,245,-1,245,274,275,-1,245,275,243,-1,243,275,276,-1,243,276,241,-1,241,276,277,-1,241,277,238,-1,236,238,278,-1,278,238,277,-1,234,236,263,-1,263,236,278,-1,239,237,279,-1,279,237,280,-1,237,235,280,-1,280,235,281,-1,235,233,281,-1,281,233,282,-1,261,283,284,-1,261,284,227,-1,227,284,285,-1,227,285,229,-1,229,285,286,-1,229,286,231,-1,231,286,282,-1,231,282,233,-1,254,287,288,-1,254,288,256,-1,256,288,289,-1,256,289,258,-1,258,289,290,-1,258,290,260,-1,260,290,283,-1,260,283,261,-1,246,291,292,-1,246,292,248,-1,248,292,293,-1,248,293,250,-1,250,293,294,-1,250,294,252,-1,252,294,287,-1,252,287,254,-1,239,279,295,-1,239,295,240,-1,240,295,296,-1,240,296,242,-1,242,296,297,-1,242,297,244,-1,244,297,291,-1,244,291,246,-1,
        ]
    }
}
Shape{
    appearance Appearance {
        material  Material 	{
            diffuseColor 1.0 1.0 1.0
            specularColor 0.5019607843137255 0.5019607843137255 0.5019607843137255
            ambientIntensity 1.0
            transparency 0.0
            shininess 0.5
        }
    }
    geometry IndexedFaceSet {
        ccw TRUE
        solid FALSE
        coord DEF co Coordinate {
            point [
                4.1713 0.9188 0.6676, 4.1713 0.9209 0.6696, 4.1713 0.8733 0.7939, 4.1713 0.9067 0.6592, 4.1713 0.8382 0.7941, 4.1713 0.8382 0.6501, 4.1713 0.8665 0.7941, 4.1713 0.8654 0.6501, 4.1713 0.8913 0.6532, 4.1713 0.9295 0.68, 4.1713 0.9362 0.6936, 4.1713 0.9401 0.7104, 4.1713 0.9204 0.7766, 4.1713 0.9409 0.7239, 4.1713 0.9087 0.7846, 4.1713 0.8929 0.7909, 4.1713 0.9381 0.7474, 4.1713 0.9328 0.761, 4.1713 0.9256 0.7715
            ]
        }
        coordIndex [
            0,1,2,-1,0,2,3,-1,4,5,6,-1,6,5,7,-1,6,7,2,-1,2,7,8,-1,2,8,3,-1,1,9,2,-1,2,9,10,-1,2,10,11,-1,12,11,13,-1,12,14,11,-1,11,14,15,-1,11,15,2,-1,16,17,13,-1,13,17,18,-1,13,18,12,-1,
        ]
    }
}
Shape{
    appearance Appearance {
        material  Material 	{
            diffuseColor 0.0 0.0 0.0
            specularColor 0.0 0.0 0.0
            ambientIntensity 0.0
            transparency 0.0
            shininess 0.5
        }
    }
    geometry IndexedFaceSet {
        ccw TRUE
        solid FALSE
        coord DEF co Coordinate {
            point [
                4.1752 1.0288 0.701, 4.1752 1.0212 0.6799, 4.1752 1.0916 0.701, 4.1752 1.099 0.6799, 4.1752 1.0568 0.7787, 4.1752 1.0478 0.8156, 4.1752 0.9766 0.6288, 4.1752 1.0032 0.6288, 4.1752 1.0584 0.7842, 4.1752 1.0598 0.7917, 4.1752 1.0735 0.8156, 4.1752 1.0604 0.7917, 4.1752 1.0619 0.7838, 4.1752 1.0633 0.7787, 4.1752 1.1447 0.6288, 4.1752 1.1181 0.6288, 4.1713 1.0735 0.8156, 4.1713 1.1447 0.6288, 4.1713 1.0478 0.8156, 4.1713 0.9766 0.6288, 4.1713 1.0032 0.6288, 4.1713 1.0212 0.6799, 4.1713 1.099 0.6799, 4.1713 1.1181 0.6288, 4.1713 1.0288 0.701, 4.1713 1.0916 0.701, 4.1713 1.0633 0.7787, 4.1713 1.0604 0.7917, 4.1713 1.0619 0.7838, 4.1713 1.0598 0.7917, 4.1713 1.0568 0.7787, 4.1713 1.0584 0.7842
            ]
        }
        coordIndex [
            0,1,2,-1,2,1,3,-1,4,5,0,-1,0,5,6,-1,0,6,1,-1,1,6,7,-1,4,8,5,-1,5,8,9,-1,5,9,10,-1,10,9,11,-1,10,11,12,-1,12,13,10,-1,10,13,2,-1,10,2,14,-1,14,2,3,-1,14,3,15,-1,10,14,16,-1,16,14,17,-1,5,10,18,-1,18,10,16,-1,6,5,19,-1,19,5,18,-1,7,6,20,-1,20,6,19,-1,1,7,21,-1,21,7,20,-1,3,1,22,-1,22,1,21,-1,15,3,23,-1,23,3,22,-1,14,15,17,-1,17,15,23,-1,0,2,24,-1,24,2,25,-1,2,13,25,-1,25,13,26,-1,11,27,28,-1,11,28,12,-1,12,28,26,-1,12,26,13,-1,11,9,27,-1,27,9,29,-1,4,30,31,-1,4,31,8,-1,8,31,29,-1,8,29,9,-1,4,0,30,-1,30,0,24,-1,
        ]
    }
}
Shape{
    appearance Appearance {
        material  Material 	{
            diffuseColor 1.0 1.0 1.0
            specularColor 0.5019607843137255 0.5019607843137255 0.5019607843137255
            ambientIntensity 1.0
            transparency 0.0
            shininess 0.5
        }
    }
    geometry IndexedFaceSet {
        ccw TRUE
        solid FALSE
        coord DEF co Coordinate {
            point [
                4.1713 1.0604 0.7917, 4.1713 1.0598 0.7917, 4.1713 1.0619 0.7838, 4.1713 1.0584 0.7842, 4.1713 1.0633 0.7787, 4.1713 1.0568 0.7787, 4.1713 1.0916 0.701, 4.1713 1.0288 0.701
            ]
        }
        coordIndex [
            0,1,2,-1,2,1,3,-1,2,3,4,-1,4,3,5,-1,4,5,6,-1,6,5,7,-1,
        ]
    }
}
Shape{
    appearance Appearance {
        material  Material 	{
            diffuseColor 0.0 0.0 0.0
            specularColor 0.0 0.0 0.0
            ambientIntensity 0.0
            transparency 0.0
            shininess 0.5
        }
    }
    geometry IndexedFaceSet {
        ccw TRUE
        solid FALSE
        coord DEF co Coordinate {
            point [
                4.1752 -0.6642 0.6023, 4.1752 -0.6444 0.5779, 4.1752 -0.6762 0.7198, 4.1752 -0.6992 0.9507, 4.1752 -0.6696 0.9664, 4.1752 -0.6756 1.0483, 4.1752 -0.4426 0.5972, 4.1752 -0.4269 0.6268, 4.1752 -0.4192 0.6596, 4.1752 -0.5938 1.0519, 4.1752 -0.5526 0.9549, 4.1752 -0.5323 0.9969, 4.1752 -0.5868 0.6331, 4.1752 -0.5761 0.6258, 4.1752 -0.6184 0.5583, 4.1752 -0.5638 0.6214, 4.1752 -0.7051 0.7376, 4.1752 -0.696 0.6364, 4.1752 -0.6775 0.6308, 4.1752 -0.6244 1.0545, 4.1752 -0.2325 0.7849, 4.1752 -0.2737 0.8553, 4.1752 -0.4185 0.6866, 4.1752 -0.4517 0.7623, 4.1752 -0.4185 0.6733, 4.1752 -0.4895 0.5558, 4.1752 -0.4631 0.5742, 4.1752 -0.5048 0.692, 4.1752 -0.5014 0.6798, 4.1752 -0.5011 0.6669, 4.1752 -0.504 0.6541, 4.1752 -0.51 0.6426, 4.1752 -0.1887 0.9164, 4.1752 -0.178 0.9164, 4.1752 -0.1236 0.9881, 4.1752 -0.1528 0.9133, 4.1752 -0.117 0.9859, 4.1752 -0.1296 0.9044, 4.1752 -0.0775 0.9663, 4.1752 -0.0415 0.9358, 4.1752 -0.5666 1.0836, 4.1752 -0.5026 1.0325, 4.1752 -0.5354 1.1103, 4.1752 -0.4669 1.0586, 4.1752 -0.4952 1.1343, 4.1752 -0.6368 0.9741, 4.1752 -0.623 0.9748, 4.1752 -0.6091 1.0537, 4.1752 -0.592 0.971, 4.1752 -0.5622 0.9601, 4.1752 -0.5953 0.6426, 4.1752 -0.6011 0.6535, 4.1752 -0.6041 0.6657, 4.1752 -0.5878 0.5455, 4.1752 -0.5564 0.5406, 4.1752 -0.5526 0.6202, 4.1752 -0.5513 0.5405, 4.1752 -0.5404 0.6216, 4.1752 -0.5192 0.5444, 4.1752 -0.5288 0.626, 4.1752 -0.5186 0.633, 4.1752 -0.0412 0.6879, 4.1752 -0.1032 0.7406, 4.1752 -0.0774 0.6573, 4.1752 -0.1228 0.7246, 4.1752 -0.1179 0.6375, 4.1752 -0.1463 0.7137, 4.1752 -0.1621 0.6281, 4.1752 -0.1701 0.7092, 4.1752 -0.2405 0.6281, 4.1752 -0.2298 0.7092, 4.1752 -0.2479 0.6293, 4.1752 -0.109 0.89, 4.1752 -0.0936 0.8728, 4.1752 -0.0144 0.898, 4.1752 -0.0813 0.8499, 4.1752 0.0019 0.8574, 4.1752 -0.0751 0.8244, 4.1752 0.0079 0.8141, 4.1752 -0.0744 0.8128, 4.1752 0.0018 0.7667, 4.1752 -0.0776 0.7869, 4.1752 -0.0149 0.7246, 4.1752 -0.0868 0.7633, 4.1752 -0.1014 0.7425, 4.1752 -0.1953 1.0931, 4.1752 -0.2472 1.0319, 4.1752 -0.148 1.0371, 4.1752 -0.2172 0.9961, 4.1752 -0.1968 0.9533, 4.1752 -0.7519 0.8741, 4.1752 -0.8391 0.8529, 4.1752 -0.7559 0.842, 4.1752 -0.8395 0.8393, 4.1752 -0.7543 0.8216, 4.1752 -0.8334 0.7884, 4.1752 -0.7448 0.7891, 4.1752 -0.8146 0.7389, 4.1752 -0.7289 0.7621, 4.1752 -0.7838 0.6946, 4.1752 -0.7438 0.6602, 4.1752 -0.6041 0.6782, 4.1752 -0.6009 0.6909, 4.1752 -0.6615 0.7484, 4.1752 -0.5946 0.7024, 4.1752 -0.6395 0.7735, 4.1752 -0.5869 0.7108, 4.1752 -0.6123 0.7923, 4.1752 -0.5764 0.718, 4.1752 -0.583 0.8036, 4.1752 -0.5647 0.7223, 4.1752 -0.5513 0.8075, 4.1752 -0.5526 0.7238, 4.1752 -0.5351 0.8065, 4.1752 -0.5432 0.7229, 4.1752 -0.5031 0.7985, 4.1752 -0.5307 0.7189, 4.1752 -0.4749 0.7834, 4.1752 -0.5197 0.712, 4.1752 -0.5109 0.7027, 4.1752 -0.4335 1.156, 4.1752 -0.4235 1.0761, 4.1752 -0.376 1.1621, 4.1752 -0.3746 1.0824, 4.1752 -0.3105 1.1539, 4.1752 -0.3296 1.0769, 4.1752 -0.2448 1.1277, 4.1752 -0.288 1.0609, 4.1752 -0.2506 1.0351, 4.1752 -0.7248 1.0295, 4.1752 -0.7673 1.0001, 4.1752 -0.7221 0.9302, 4.1752 -0.7771 0.9908, 4.1752 -0.7405 0.9038, 4.1752 -0.8086 0.9506, 4.1752 -0.83 0.9028, 4.1752 -0.2365 0.7104, 4.1752 -0.2684 0.6421, 4.1752 -0.2654 0.6389, 4.1752 -0.2325 0.7095, 4.1752 -0.2567 0.6328, 4.1752 -0.279 0.6693, 4.1752 -0.2777 0.6594, 4.1752 -0.2742 0.6504, 4.1752 -0.2481 0.7092, 4.1752 -0.2572 0.7056, 4.1752 -0.2787 0.6746, 4.1752 -0.2654 0.6998, 4.1752 -0.2709 0.6937, 4.1752 -0.276 0.6847, 4.1752 -0.2378 0.7105, 4.1713 0.0079 0.8141, 4.1713 0.0019 0.8574, 4.1713 -0.0327 0.9236, 4.1713 -0.0027 0.8688, 4.1713 -0.0144 0.898, 4.1713 -0.0415 0.9358, 4.1713 -0.0775 0.9663, 4.1713 -0.117 0.9859, 4.1713 -0.1236 0.9881, 4.1713 -0.148 1.0371, 4.1713 -0.1953 1.0931, 4.1713 -0.2246 1.1136, 4.1713 -0.2448 1.1277, 4.1713 -0.3105 1.1539, 4.1713 -0.376 1.1621, 4.1713 -0.4335 1.156, 4.1713 -0.4952 1.1343, 4.1713 -0.5299 1.1136, 4.1713 -0.5354 1.1103, 4.1713 -0.5666 1.0836, 4.1713 -0.5938 1.0519, 4.1713 -0.6091 1.0537, 4.1713 -0.6244 1.0545, 4.1713 -0.6756 1.0483, 4.1713 -0.7248 1.0295, 4.1713 -0.7673 1.0001, 4.1713 -0.7771 0.9908, 4.1713 -0.8395 0.8393, 4.1713 -0.8086 0.9506, 4.1713 -0.8207 0.9236, 4.1713 -0.83 0.9028, 4.1713 -0.8362 0.8688, 4.1713 -0.8391 0.8529, 4.1713 -0.8334 0.7884, 4.1713 -0.8146 0.7389, 4.1713 -0.7838 0.6946, 4.1713 -0.7438 0.6602, 4.1713 -0.696 0.6364, 4.1713 -0.6775 0.6308, 4.1713 -0.6758 0.6272, 4.1713 -0.6642 0.6023, 4.1713 -0.6444 0.5779, 4.1713 -0.6184 0.5583, 4.1713 -0.6062 0.5532, 4.1713 -0.5878 0.5455, 4.1713 -0.5564 0.5406, 4.1713 -0.5513 0.5405, 4.1713 -0.4185 0.6733, 4.1713 -0.5192 0.5444, 4.1713 -0.4963 0.5532, 4.1713 -0.4895 0.5558, 4.1713 -0.4631 0.5742, 4.1713 -0.4426 0.5972, 4.1713 -0.4269 0.6268, 4.1713 -0.4268 0.6272, 4.1713 -0.4192 0.6596, 4.1713 -0.4185 0.6866, 4.1713 -0.2325 0.7849, 4.1713 -0.2737 0.8553, 4.1713 -0.4517 0.7623, 4.1713 -0.4749 0.7834, 4.1713 -0.5031 0.7985, 4.1713 -0.5351 0.8065, 4.1713 -0.5513 0.8075, 4.1713 -0.583 0.8036, 4.1713 -0.6123 0.7923, 4.1713 -0.6395 0.7735, 4.1713 -0.6615 0.7484, 4.1713 -0.6762 0.7198, 4.1713 -0.7051 0.7376, 4.1713 -0.7289 0.7621, 4.1713 -0.7448 0.7891, 4.1713 -0.7543 0.8216, 4.1713 -0.7559 0.842, 4.1713 -0.7526 0.8688, 4.1713 -0.7519 0.8741, 4.1713 -0.7405 0.9038, 4.1713 -0.7267 0.9236, 4.1713 -0.7221 0.9302, 4.1713 -0.6992 0.9507, 4.1713 -0.6696 0.9664, 4.1713 -0.6368 0.9741, 4.1713 -0.623 0.9748, 4.1713 -0.592 0.971, 4.1713 -0.5622 0.9601, 4.1713 -0.5526 0.9549, 4.1713 -0.5323 0.9969, 4.1713 -0.5026 1.0325, 4.1713 -0.4669 1.0586, 4.1713 -0.4235 1.0761, 4.1713 -0.3746 1.0824, 4.1713 -0.3296 1.0769, 4.1713 -0.288 1.0609, 4.1713 -0.2506 1.0351, 4.1713 -0.2472 1.0319, 4.1713 -0.2172 0.9961, 4.1713 -0.1968 0.9533, 4.1713 -0.1902 0.9236, 4.1713 -0.1887 0.9164, 4.1713 -0.178 0.9164, 4.1713 -0.1528 0.9133, 4.1713 -0.1296 0.9044, 4.1713 -0.109 0.89, 4.1713 -0.0936 0.8728, 4.1713 -0.0915 0.8688, 4.1713 -0.0813 0.8499, 4.1713 -0.0751 0.8244, 4.1713 -0.0744 0.8128, 4.1713 -0.0776 0.7869, 4.1713 -0.0868 0.7633, 4.1713 -0.1014 0.7425, 4.1713 -0.1032 0.7406, 4.1713 -0.1228 0.7246, 4.1713 -0.1463 0.7137, 4.1713 -0.1701 0.7092, 4.1713 -0.2298 0.7092, 4.1713 -0.2325 0.7095, 4.1713 -0.2365 0.7104, 4.1713 -0.2378 0.7105, 4.1713 -0.2481 0.7092, 4.1713 -0.2572 0.7056, 4.1713 -0.2654 0.6998, 4.1713 -0.2709 0.6937, 4.1713 -0.276 0.6847, 4.1713 -0.2787 0.6746, 4.1713 -0.279 0.6693, 4.1713 -0.2777 0.6594, 4.1713 -0.2742 0.6504, 4.1713 -0.2684 0.6421, 4.1713 -0.2654 0.6389, 4.1713 -0.2567 0.6328, 4.1713 -0.2479 0.6293, 4.1713 -0.2405 0.6281, 4.1713 -0.1621 0.6281, 4.1713 -0.1179 0.6375, 4.1713 -0.0774 0.6573, 4.1713 -0.0412 0.6879, 4.1713 -0.0149 0.7246, 4.1713 0.0018 0.7667, 4.1713 -0.5526 0.7238, 4.1713 -0.5432 0.7229, 4.1713 -0.5307 0.7189, 4.1713 -0.5197 0.712, 4.1713 -0.5109 0.7027, 4.1713 -0.5048 0.692, 4.1713 -0.5014 0.6798, 4.1713 -0.5011 0.6669, 4.1713 -0.504 0.6541, 4.1713 -0.51 0.6426, 4.1713 -0.5186 0.633, 4.1713 -0.5288 0.626, 4.1713 -0.5404 0.6216, 4.1713 -0.5526 0.6202, 4.1713 -0.5638 0.6214, 4.1713 -0.5761 0.6258, 4.1713 -0.5868 0.6331, 4.1713 -0.5953 0.6426, 4.1713 -0.6011 0.6535, 4.1713 -0.6041 0.6657, 4.1713 -0.6041 0.6782, 4.1713 -0.6009 0.6909, 4.1713 -0.5946 0.7024, 4.1713 -0.5869 0.7108, 4.1713 -0.5764 0.718, 4.1713 -0.5647 0.7223
            ]
        }
        coordIndex [
            0,1,2,-1,3,4,5,-1,6,7,8,-1,9,10,11,-1,12,1,13,-1,13,1,14,-1,13,14,15,-1,16,17,2,-1,2,17,18,-1,2,18,0,-1,5,4,19,-1,20,21,22,-1,22,21,23,-1,22,23,24,-1,24,23,25,-1,24,25,8,-1,8,25,26,-1,8,26,6,-1,27,28,23,-1,23,28,29,-1,23,29,25,-1,25,29,30,-1,25,30,31,-1,32,33,34,-1,34,33,35,-1,34,35,36,-1,36,35,37,-1,36,37,38,-1,38,37,39,-1,9,11,40,-1,40,11,41,-1,40,41,42,-1,42,41,43,-1,42,43,44,-1,4,45,19,-1,19,45,46,-1,19,46,47,-1,47,46,48,-1,47,48,9,-1,9,48,49,-1,9,49,10,-1,12,50,1,-1,1,50,51,-1,1,51,2,-1,2,51,52,-1,14,53,15,-1,15,53,54,-1,15,54,55,-1,55,54,56,-1,55,56,57,-1,57,56,58,-1,57,58,59,-1,59,58,25,-1,59,25,60,-1,60,25,31,-1,61,62,63,-1,63,62,64,-1,63,64,65,-1,65,64,66,-1,65,66,67,-1,67,66,68,-1,67,68,69,-1,69,68,70,-1,69,70,71,-1,37,72,39,-1,39,72,73,-1,39,73,74,-1,74,73,75,-1,74,75,76,-1,76,75,77,-1,76,77,78,-1,78,77,79,-1,78,79,80,-1,80,79,81,-1,80,81,82,-1,82,81,83,-1,82,83,61,-1,61,83,84,-1,61,84,62,-1,85,86,87,-1,87,86,88,-1,87,88,34,-1,34,88,89,-1,34,89,32,-1,90,91,92,-1,92,91,93,-1,92,93,94,-1,94,93,95,-1,94,95,96,-1,96,95,97,-1,96,97,98,-1,98,97,99,-1,98,99,16,-1,16,99,100,-1,16,100,17,-1,52,101,2,-1,2,101,102,-1,2,102,103,-1,103,102,104,-1,103,104,105,-1,105,104,106,-1,105,106,107,-1,107,106,108,-1,107,108,109,-1,109,108,110,-1,109,110,111,-1,111,110,112,-1,111,112,113,-1,113,112,114,-1,113,114,115,-1,115,114,116,-1,115,116,117,-1,117,116,118,-1,117,118,23,-1,23,118,119,-1,23,119,27,-1,44,43,120,-1,120,43,121,-1,120,121,122,-1,122,121,123,-1,122,123,124,-1,124,123,125,-1,124,125,126,-1,126,125,127,-1,126,127,85,-1,85,127,128,-1,85,128,86,-1,5,129,3,-1,3,129,130,-1,3,130,131,-1,131,130,132,-1,131,132,133,-1,133,132,134,-1,133,134,90,-1,90,134,135,-1,90,135,91,-1,136,137,138,-1,70,139,71,-1,71,139,136,-1,71,136,140,-1,140,136,138,-1,141,142,136,-1,136,142,143,-1,136,143,137,-1,144,145,146,-1,145,147,146,-1,146,147,148,-1,146,148,149,-1,141,136,146,-1,146,136,150,-1,146,150,144,-1,78,151,152,-1,153,39,74,-1,78,152,76,-1,76,152,154,-1,76,154,74,-1,74,154,155,-1,74,155,153,-1,153,156,39,-1,39,156,157,-1,39,157,38,-1,38,157,158,-1,38,158,36,-1,36,158,159,-1,36,159,34,-1,34,159,160,-1,34,160,87,-1,87,160,161,-1,87,161,85,-1,126,85,162,-1,162,85,161,-1,162,163,126,-1,126,163,164,-1,126,164,124,-1,124,164,165,-1,124,165,122,-1,122,165,166,-1,122,166,120,-1,120,166,167,-1,120,167,44,-1,44,167,42,-1,42,167,168,-1,42,168,169,-1,42,169,170,-1,42,170,40,-1,40,170,171,-1,40,171,9,-1,9,171,172,-1,9,172,47,-1,47,172,173,-1,47,173,19,-1,19,173,174,-1,19,174,5,-1,5,174,175,-1,5,175,129,-1,129,175,176,-1,129,176,130,-1,130,176,177,-1,130,177,132,-1,178,93,91,-1,132,177,179,-1,132,179,134,-1,134,179,180,-1,134,180,135,-1,180,181,135,-1,135,181,182,-1,135,182,91,-1,91,182,183,-1,91,183,178,-1,93,178,184,-1,93,184,95,-1,95,184,185,-1,95,185,97,-1,97,185,186,-1,97,186,99,-1,99,186,187,-1,99,187,100,-1,100,187,188,-1,100,188,17,-1,17,188,189,-1,17,189,18,-1,18,189,190,-1,18,190,0,-1,190,191,0,-1,0,191,192,-1,0,192,1,-1,1,192,193,-1,1,193,14,-1,14,193,194,-1,14,194,53,-1,194,195,53,-1,53,195,196,-1,53,196,54,-1,54,196,197,-1,54,197,56,-1,198,24,8,-1,56,197,199,-1,200,25,199,-1,199,25,58,-1,199,58,56,-1,200,201,25,-1,25,201,202,-1,25,202,26,-1,26,202,203,-1,26,203,6,-1,6,203,204,-1,6,204,7,-1,7,204,205,-1,7,205,8,-1,8,205,206,-1,8,206,198,-1,22,24,207,-1,207,24,198,-1,20,22,208,-1,208,22,207,-1,21,20,209,-1,209,20,208,-1,23,21,210,-1,210,21,209,-1,23,210,211,-1,23,211,117,-1,117,211,212,-1,117,212,115,-1,115,212,213,-1,115,213,113,-1,113,213,214,-1,113,214,111,-1,111,214,215,-1,111,215,109,-1,109,215,216,-1,109,216,107,-1,107,216,217,-1,107,217,105,-1,105,217,218,-1,105,218,103,-1,103,218,219,-1,103,219,2,-1,2,219,220,-1,2,220,16,-1,16,220,221,-1,16,221,98,-1,98,221,222,-1,98,222,96,-1,96,222,223,-1,96,223,94,-1,94,223,224,-1,94,224,92,-1,90,92,224,-1,224,225,90,-1,90,225,226,-1,90,226,227,-1,228,131,227,-1,227,131,133,-1,227,133,90,-1,228,229,131,-1,131,229,230,-1,131,230,3,-1,3,230,231,-1,3,231,4,-1,4,231,232,-1,4,232,45,-1,45,232,233,-1,45,233,46,-1,46,233,234,-1,46,234,48,-1,48,234,235,-1,48,235,49,-1,49,235,236,-1,49,236,10,-1,10,236,237,-1,10,237,11,-1,11,237,238,-1,11,238,41,-1,41,238,239,-1,41,239,43,-1,43,239,240,-1,43,240,121,-1,121,240,241,-1,121,241,123,-1,123,241,242,-1,123,242,125,-1,125,242,243,-1,125,243,127,-1,127,243,244,-1,127,244,128,-1,128,244,245,-1,128,245,86,-1,86,245,246,-1,86,246,88,-1,88,246,247,-1,88,247,89,-1,89,247,32,-1,32,247,248,-1,32,248,249,-1,33,32,250,-1,250,32,249,-1,33,250,251,-1,33,251,35,-1,35,251,252,-1,35,252,37,-1,37,252,253,-1,37,253,72,-1,72,253,254,-1,72,254,73,-1,73,254,255,-1,73,255,75,-1,255,256,75,-1,75,256,257,-1,75,257,77,-1,77,257,258,-1,77,258,79,-1,79,258,259,-1,79,259,81,-1,81,259,260,-1,81,260,83,-1,83,260,261,-1,83,261,84,-1,84,261,262,-1,84,262,62,-1,62,262,263,-1,62,263,64,-1,64,263,264,-1,64,264,66,-1,66,264,265,-1,66,265,68,-1,70,68,266,-1,266,68,265,-1,70,266,267,-1,70,267,139,-1,139,267,268,-1,139,268,136,-1,136,268,269,-1,136,269,150,-1,150,269,270,-1,150,270,144,-1,144,270,271,-1,144,271,145,-1,145,271,272,-1,145,272,147,-1,147,272,273,-1,147,273,148,-1,148,273,274,-1,148,274,149,-1,149,274,275,-1,149,275,146,-1,146,275,276,-1,146,276,141,-1,141,276,277,-1,141,277,142,-1,142,277,278,-1,142,278,143,-1,143,278,279,-1,143,279,137,-1,137,279,280,-1,137,280,138,-1,138,280,281,-1,138,281,140,-1,140,281,282,-1,140,282,71,-1,71,282,283,-1,71,283,69,-1,67,69,284,-1,284,69,283,-1,67,284,285,-1,67,285,65,-1,65,285,286,-1,65,286,63,-1,63,286,287,-1,63,287,61,-1,61,287,288,-1,61,288,82,-1,82,288,289,-1,82,289,80,-1,80,289,151,-1,80,151,78,-1,112,290,291,-1,112,291,114,-1,114,291,292,-1,114,292,116,-1,116,292,293,-1,116,293,118,-1,118,293,294,-1,118,294,119,-1,119,294,295,-1,119,295,27,-1,27,295,296,-1,27,296,28,-1,28,296,297,-1,28,297,29,-1,29,297,298,-1,29,298,30,-1,30,298,299,-1,30,299,31,-1,31,299,300,-1,31,300,60,-1,60,300,301,-1,60,301,59,-1,59,301,302,-1,59,302,57,-1,57,302,303,-1,57,303,55,-1,55,303,304,-1,55,304,15,-1,15,304,305,-1,15,305,13,-1,13,305,306,-1,13,306,12,-1,12,306,307,-1,12,307,50,-1,50,307,308,-1,50,308,51,-1,51,308,309,-1,51,309,52,-1,52,309,310,-1,52,310,101,-1,101,310,311,-1,101,311,102,-1,102,311,312,-1,102,312,104,-1,104,312,313,-1,104,313,106,-1,106,313,314,-1,106,314,108,-1,108,314,315,-1,108,315,110,-1,110,315,290,-1,110,290,112,-1,
        ]
    }
}
Shape{
    appearance Appearance {
        material  Material 	{
            diffuseColor 1.0 1.0 1.0
            specularColor 0.5019607843137255 0.5019607843137255 0.5019607843137255
            ambientIntensity 1.0
            transparency 0.0
            shininess 0.5
        }
    }
    geometry IndexedFaceSet {
        ccw TRUE
        solid FALSE
        coord DEF co Coordinate {
            point [
                4.1713 -0.5404 0.6216, 4.1713 -0.5432 0.7229, 4.1713 -0.5526 0.6202, 4.1713 -0.5526 0.7238, 4.1713 -0.5647 0.7223, 4.1713 -0.5186 0.633, 4.1713 -0.5109 0.7027, 4.1713 -0.5197 0.712, 4.1713 -0.5764 0.718, 4.1713 -0.5869 0.7108, 4.1713 -0.5638 0.6214, 4.1713 -0.5946 0.7024, 4.1713 -0.6009 0.6909, 4.1713 -0.6041 0.6782, 4.1713 -0.6041 0.6657, 4.1713 -0.6011 0.6535, 4.1713 -0.5953 0.6426, 4.1713 -0.5868 0.6331, 4.1713 -0.5761 0.6258, 4.1713 -0.5288 0.626, 4.1713 -0.5307 0.7189, 4.1713 -0.504 0.6541, 4.1713 -0.5011 0.6669, 4.1713 -0.51 0.6426, 4.1713 -0.5014 0.6798, 4.1713 -0.5048 0.692, 2.4162 0.9836 1.2253, 2.4162 0.926 1.2253, 2.4162 0.9836 1.245, 2.4162 0.926 1.245, 2.2505 0.926 1.2253, 2.2505 0.926 1.245, 2.2505 0.7603 1.2253, 2.2505 0.7603 1.245, 2.1929 0.7603 1.2253, 2.1929 0.7603 1.245, 2.1929 0.926 1.2253, 2.1929 0.926 1.245, 2.0273 0.926 1.2253, 2.0273 0.926 1.245, 2.0273 0.9836 1.2253, 2.0273 0.9836 1.245, 2.1929 0.9836 1.2253, 2.1929 0.9836 1.245, 2.1929 1.1492 1.2253, 2.1929 1.1492 1.245, 2.2505 1.1492 1.2253, 2.2505 1.1492 1.245, 2.2505 0.9836 1.2253, 2.2505 0.9836 1.245, 4.0925 0.9308 0.0394, 4.0925 0.9308 0.3543, 4.1713 0.9308 0.0394, 4.1713 0.9308 0.3543, 4.1713 0.793 0.0394, 4.0925 0.793 0.0394, 4.1713 0.7965 0.0394, 4.0925 0.3402 0.3543, 4.0925 0.3402 0.0394, 4.1713 0.3402 0.3543, 4.1713 0.3402 0.0394, 4.0925 0.793 -1.0433, 4.1713 0.793 -1.0433, 4.1713 0.7895 -1.074, 4.0925 0.7895 -1.074, 4.1713 0.7793 -1.1031, 4.0925 0.7793 -1.1031, 4.1713 0.7629 -1.1292, 4.0925 0.7629 -1.1292, 4.1713 0.7411 -1.151, 4.0925 0.7411 -1.151, 4.1713 0.7375 -1.1533, 4.0925 0.7149 -1.1675, 4.1713 0.6552 -1.1811, 4.0925 0.6552 -1.1811, 4.1713 0.6657 -1.1799, 4.0925 0.6858 -1.1776, 4.1713 0.6858 -1.1776, 4.1713 0.7149 -1.1675, 4.0925 0.6158 -1.1811, 4.1713 0.6158 -1.1811, 4.1713 0.5851 -1.1776, 4.0925 0.5851 -1.1776, 4.1713 0.5625 -1.1697, 4.0925 0.556 -1.1675, 4.1713 0.556 -1.1675, 4.1713 0.5299 -1.151, 4.0925 0.5299 -1.151, 4.1713 0.519 -1.1401, 4.0925 0.5081 -1.1292, 4.1713 0.5081 -1.1292, 4.1713 0.4916 -1.1031, 4.0925 0.4916 -1.1031, 4.1713 0.4814 -1.074, 4.0925 0.4814 -1.074, 4.1713 0.478 -1.0433, 4.0925 0.478 -1.0433, 4.0925 0.478 0.0394, 4.1713 0.478 0.0394, -4.0965 0.3402 0.0394, -4.0965 0.3402 0.3543, -4.1752 0.3402 0.0394, -4.1752 0.3402 0.3543, -4.1752 0.793 0.0394, -4.1752 0.9308 0.0394, -4.0965 0.793 0.0394, -4.0965 0.9308 0.0394, -4.0965 0.9308 0.3543, -4.1752 0.9308 0.3543, -4.0965 0.478 -1.0433, -4.0965 0.478 0.0394, -4.1752 0.478 -1.0433, -4.1752 0.478 0.0394, -4.1752 0.4814 -1.074, -4.0965 0.4814 -1.074, -4.1752 0.4916 -1.1031, -4.0965 0.4916 -1.1031, -4.1752 0.5081 -1.1292, -4.0965 0.5081 -1.1292, -4.1752 0.5299 -1.151, -4.0965 0.5299 -1.151, -4.1752 0.556 -1.1675, -4.0965 0.556 -1.1675, -4.1752 0.5851 -1.1776, -4.0965 0.5851 -1.1776, -4.1752 0.6158 -1.1811, -4.0965 0.6158 -1.1811, -4.0965 0.6552 -1.1811, -4.1752 0.6552 -1.1811, -4.1752 0.6858 -1.1776, -4.0965 0.6858 -1.1776, -4.1752 0.7149 -1.1675, -4.0965 0.7149 -1.1675, -4.1752 0.7411 -1.151, -4.0965 0.7411 -1.151, -4.1752 0.7629 -1.1292, -4.0965 0.7629 -1.1292, -4.1752 0.7793 -1.1031, -4.0965 0.7793 -1.1031, -4.1752 0.7895 -1.074, -4.0965 0.7895 -1.074, -4.1752 0.793 -1.0433, -4.0965 0.793 -1.0433, -4.0965 -0.8803 0.0394, -4.0965 -0.8803 0.3543, -4.1752 -0.8803 0.0394, -4.1752 -0.8803 0.3543, -4.1752 -0.2897 0.0394, -4.0965 -0.2897 0.0394, -4.1752 -0.4275 0.0394, -4.0965 -0.4275 0.0394, -4.0965 -0.2897 0.3543, -4.1752 -0.2897 0.3543, -4.0965 -0.7425 -1.0433, -4.0965 -0.7425 0.0394, -4.1752 -0.7425 -1.0433, -4.1752 -0.7425 0.0394, -4.1752 -0.739 -1.074, -4.0965 -0.739 -1.074, -4.1752 -0.7288 -1.1031, -4.0965 -0.7288 -1.1031, -4.1752 -0.7124 -1.1292, -4.0965 -0.7124 -1.1292, -4.1752 -0.6906 -1.151, -4.0965 -0.6906 -1.151, -4.1752 -0.6645 -1.1675, -4.0965 -0.6645 -1.1675, -4.1752 -0.6353 -1.1776, -4.0965 -0.6353 -1.1776, -4.1752 -0.6047 -1.1811, -4.0965 -0.6047 -1.1811, -4.0965 -0.5653 -1.1811, -4.1752 -0.5653 -1.1811, -4.1752 -0.5347 -1.1776, -4.0965 -0.5347 -1.1776, -4.1752 -0.5055 -1.1675, -4.0965 -0.5055 -1.1675, -4.1752 -0.4794 -1.151, -4.0965 -0.4794 -1.151, -4.1752 -0.4576 -1.1292, -4.0965 -0.4576 -1.1292, -4.1752 -0.4412 -1.1031, -4.0965 -0.4412 -1.1031, -4.1752 -0.431 -1.074, -4.0965 -0.431 -1.074, -4.1752 -0.4275 -1.0433, -4.0965 -0.4275 -1.0433, 4.0925 -0.2897 0.0394, 4.0925 -0.2897 0.3543, 4.1713 -0.2897 0.0394, 4.1713 -0.2897 0.3543, 4.0925 -0.8803 0.3543, 4.0925 -0.8803 0.0394, 4.1713 -0.8803 0.3543, 4.1713 -0.8803 0.0394, 4.0925 -0.4275 -1.0433, 4.0925 -0.4275 0.0394, 4.1713 -0.4275 -1.0433, 4.1713 -0.4275 0.0394, 4.1713 -0.431 -1.074, 4.0925 -0.431 -1.074, 4.1713 -0.4412 -1.1031, 4.0925 -0.4412 -1.1031, 4.1713 -0.4576 -1.1292, 4.0925 -0.4576 -1.1292, 4.1713 -0.4794 -1.151, 4.0925 -0.4794 -1.151, 4.1713 -0.5055 -1.1675, 4.0925 -0.5055 -1.1675, 4.1713 -0.5347 -1.1776, 4.0925 -0.5347 -1.1776, 4.1713 -0.5653 -1.1811, 4.0925 -0.5653 -1.1811, 4.0925 -0.6047 -1.1811, 4.1713 -0.6047 -1.1811, 4.1713 -0.6353 -1.1776, 4.0925 -0.6353 -1.1776, 4.1713 -0.6645 -1.1675, 4.0925 -0.6645 -1.1675, 4.1713 -0.6906 -1.151, 4.0925 -0.6906 -1.151, 4.1713 -0.7124 -1.1292, 4.0925 -0.7124 -1.1292, 4.1713 -0.7288 -1.1031, 4.0925 -0.7288 -1.1031, 4.1713 -0.739 -1.074, 4.0925 -0.739 -1.074, 4.1713 -0.7425 -1.0433, 4.0925 -0.7425 -1.0433, 4.0925 -0.7425 0.0394, 4.1713 -0.7425 0.0394
            ]
        }
        coordIndex [
            0,1,2,-1,2,1,3,-1,2,3,4,-1,5,6,7,-1,4,8,2,-1,2,8,9,-1,2,9,10,-1,10,9,11,-1,10,11,12,-1,12,13,10,-1,10,13,14,-1,10,14,15,-1,15,16,10,-1,10,16,17,-1,10,17,18,-1,0,19,1,-1,1,19,5,-1,1,5,20,-1,20,5,7,-1,21,22,23,-1,23,22,24,-1,23,24,5,-1,5,24,25,-1,5,25,6,-1,26,27,28,-1,28,27,29,-1,27,30,29,-1,29,30,31,-1,30,32,31,-1,31,32,33,-1,32,34,33,-1,33,34,35,-1,34,36,35,-1,35,36,37,-1,36,38,37,-1,37,38,39,-1,38,40,39,-1,39,40,41,-1,40,42,41,-1,41,42,43,-1,42,44,43,-1,43,44,45,-1,44,46,45,-1,45,46,47,-1,46,48,47,-1,47,48,49,-1,48,26,49,-1,49,26,28,-1,34,32,36,-1,36,32,30,-1,46,44,48,-1,48,44,42,-1,40,38,42,-1,42,38,36,-1,42,36,48,-1,48,36,30,-1,48,30,26,-1,26,30,27,-1,50,51,52,-1,52,51,53,-1,54,55,56,-1,56,55,50,-1,56,50,52,-1,57,58,59,-1,59,58,60,-1,61,55,62,-1,62,55,54,-1,61,62,63,-1,61,63,64,-1,64,63,65,-1,64,65,66,-1,66,65,67,-1,66,67,68,-1,68,67,69,-1,68,69,70,-1,70,69,71,-1,70,71,72,-1,73,74,75,-1,75,74,76,-1,75,76,77,-1,77,76,72,-1,77,72,78,-1,78,72,71,-1,79,74,80,-1,80,74,73,-1,79,80,81,-1,79,81,82,-1,82,81,83,-1,82,83,84,-1,83,85,84,-1,84,85,86,-1,84,86,87,-1,87,86,88,-1,87,88,89,-1,88,90,89,-1,89,90,91,-1,89,91,92,-1,92,91,93,-1,92,93,94,-1,94,93,95,-1,94,95,96,-1,97,96,98,-1,98,96,95,-1,99,100,101,-1,101,100,102,-1,103,104,105,-1,105,104,106,-1,107,106,108,-1,108,106,104,-1,109,110,111,-1,111,110,112,-1,109,111,113,-1,109,113,114,-1,114,113,115,-1,114,115,116,-1,116,115,117,-1,116,117,118,-1,118,117,119,-1,118,119,120,-1,120,119,121,-1,120,121,122,-1,122,121,123,-1,122,123,124,-1,124,123,125,-1,124,125,126,-1,127,126,128,-1,128,126,125,-1,127,128,129,-1,127,129,130,-1,130,129,131,-1,130,131,132,-1,132,131,133,-1,132,133,134,-1,134,133,135,-1,134,135,136,-1,136,135,137,-1,136,137,138,-1,138,137,139,-1,138,139,140,-1,140,139,141,-1,140,141,142,-1,105,142,103,-1,103,142,141,-1,143,144,145,-1,145,144,146,-1,147,148,149,-1,149,148,150,-1,151,148,152,-1,152,148,147,-1,153,154,155,-1,155,154,156,-1,153,155,157,-1,153,157,158,-1,158,157,159,-1,158,159,160,-1,160,159,161,-1,160,161,162,-1,162,161,163,-1,162,163,164,-1,164,163,165,-1,164,165,166,-1,166,165,167,-1,166,167,168,-1,168,167,169,-1,168,169,170,-1,171,170,172,-1,172,170,169,-1,171,172,173,-1,171,173,174,-1,174,173,175,-1,174,175,176,-1,176,175,177,-1,176,177,178,-1,178,177,179,-1,178,179,180,-1,180,179,181,-1,180,181,182,-1,182,181,183,-1,182,183,184,-1,184,183,185,-1,184,185,186,-1,150,186,149,-1,149,186,185,-1,187,188,189,-1,189,188,190,-1,191,192,193,-1,193,192,194,-1,195,196,197,-1,197,196,198,-1,195,197,199,-1,195,199,200,-1,200,199,201,-1,200,201,202,-1,202,201,203,-1,202,203,204,-1,204,203,205,-1,204,205,206,-1,206,205,207,-1,206,207,208,-1,208,207,209,-1,208,209,210,-1,210,209,211,-1,210,211,212,-1,213,212,214,-1,214,212,211,-1,213,214,215,-1,213,215,216,-1,216,215,217,-1,216,217,218,-1,218,217,219,-1,218,219,220,-1,220,219,221,-1,220,221,222,-1,222,221,223,-1,222,223,224,-1,224,223,225,-1,224,225,226,-1,226,225,227,-1,226,227,228,-1,229,228,230,-1,230,228,227,-1,
        ]
    }
}