#VRML V2.0 utf8
# 3D model generated by easyeda2kicad.py (https://github.com/uPesy/easyeda2kicad.py)

Shape{
    appearance Appearance {
        material  Material 	{
            diffuseColor 0.8509803921568627 0.8509803921568627 0.8509803921568627
            specularColor 0.4235294117647059 0.4235294117647059 0.4235294117647059
            ambientIntensity 0.851
            transparency 0.0
            shininess 0.5
        }
    }
    geometry IndexedFaceSet {
        ccw TRUE
        solid FALSE
        coord DEF co Coordinate {
            point [
                -3.9445 1.6425 1.4173, -3.9961 1.6425 1.4173, -3.9961 -1.2215 1.4173, 0.121 -1.1857 1.4173, 0.1185 -1.1794 1.4173, 0.1185 -1.2215 1.4173, 0.2113 -1.2205 1.4173, 0.2011 -1.2215 1.4173, 0.254 -1.2215 1.4173, 0.6402 -1.2201 1.4173, 0.6239 -1.1763 1.4173, 0.5651 -1.1763 1.4173, 0.5802 -1.4742 1.4173, 0.5802 -1.3356 1.4173, 0.5651 -1.3356 1.4173, -0.5246 -1.3416 1.4173, -0.5047 -1.3597 1.4173, -0.4585 -1.3356 1.4173, -0.1841 -1.1849 1.4173, -0.1532 -1.211 1.4173, -0.0452 2.9023 1.4173, -0.9304 -1.2215 1.4173, -0.821 -1.2215 1.4173, -0.8111 -1.199 1.4173, -0.776 -1.1566 1.4173, -0.7398 -1.1312 1.4173, -0.9304 2.9023 1.4173, -0.3903 -1.0225 1.4173, -0.3334 -1.0433 1.4173, -0.285 -1.0762 1.4173, -0.2471 -1.1201 1.4173, -0.7837 -1.1639 1.4173, -0.2235 -1.1662 1.4173, -0.2179 -1.1681 1.4173, -0.6032 -1.0843 1.4173, -0.5765 -1.0614 1.4173, -0.548 -1.0438 1.4173, -0.4954 -1.0238 1.4173, -0.4398 -1.017 1.4173, -0.6976 -1.1148 1.4173, -0.6527 -1.1093 1.4173, -0.6396 -1.11 1.4173, -0.6266 -1.1115 1.4173, -0.8372 -1.2937 1.4173, -0.9304 -1.2684 1.4173, -0.832 -1.3356 1.4173, -0.9304 -1.3356 1.4173, -0.8317 -1.3383 1.4173, -0.8369 -1.2828 1.4173, -0.8343 -1.2684 1.4173, -0.8292 -1.24 1.4173, -0.3381 -1.4084 1.4173, -0.3302 -1.4053 1.4173, -0.3169 -1.3404 1.4173, -0.7538 -1.4481 1.4173, -0.7894 -1.4178 1.4173, -0.9304 -2.5737 1.4173, -0.3451 -1.4133 1.4173, -0.0452 -1.3356 1.4173, -0.1134 -1.3356 1.4173, -0.116 -1.356 1.4173, -0.3214 -1.4041 1.4173, -0.3203 -1.4042 1.4173, -0.3169 -1.405 1.4173, -0.3301 -1.4737 1.4173, -0.4836 -1.4761 1.4173, -0.3237 -1.4747 1.4173, -0.2565 -1.4747 1.4173, -0.3567 -1.4394 1.4173, -0.3564 -1.4349 1.4173, -0.4763 -1.4246 1.4173, -0.3541 -1.4263 1.4173, -0.3498 -1.4185 1.4173, -0.8154 -1.3807 1.4173, -0.3376 -1.4707 1.4173, -0.345 -1.4655 1.4173, -0.3477 -1.4628 1.4173, -0.3526 -1.4556 1.4173, -0.3556 -1.4479 1.4173, -0.4769 -1.448 1.4173, -0.4763 -1.436 1.4173, -0.1529 -1.4235 1.4173, -0.1839 -1.4497 1.4173, -0.0452 -2.4749 1.4173, -0.6213 -1.5456 1.4173, -0.6476 -1.5346 1.4173, -0.6699 -1.5178 1.4173, -0.6868 -1.4969 1.4173, -0.2045 -1.3767 1.4173, -0.192 -1.359 1.4173, -0.6983 -1.4725 1.4173, -0.7127 -1.4681 1.4173, -0.1303 -1.392 1.4173, -0.3146 -1.4053 1.4173, -0.2633 -1.4053 1.4173, -0.2428 -1.4013 1.4173, -0.2228 -1.392 1.4173, -0.2059 -1.3783 1.4173, -0.4971 -1.5014 1.4173, -0.2186 -1.4667 1.4173, -0.5145 -1.5209 1.4173, -0.5371 -1.5367 1.4173, -0.2435 -2.4749 1.4173, -0.5625 -1.5465 1.4173, -0.7276 -2.5284 1.4173, -0.5901 -1.5499 1.4173, -0.5945 -1.5498 1.4173, -0.1841 -1.3387 1.4173, -0.1837 -1.3356 1.4173, -0.3197 -1.3356 1.4173, -0.1814 -1.3165 1.4173, -0.6425 -1.334 1.4173, -0.6173 -1.3244 1.4173, -0.7626 -1.2684 1.4173, -0.1819 -1.3064 1.4173, -0.1873 -1.2845 1.4173, -0.3522 -1.28 1.4173, -0.5901 -1.321 1.4173, -0.196 -1.2684 1.4173, -0.7563 -1.3356 1.4173, -0.6448 -1.3356 1.4173, -0.7641 -1.3091 1.4173, -0.7655 -1.2914 1.4173, -0.5763 -1.3218 1.4173, -0.5488 -1.3287 1.4173, -0.5358 -1.3356 1.4173, -0.7559 -1.3369 1.4173, -0.6846 -1.3717 1.4173, -0.6658 -1.3502 1.4173, -0.7424 -1.3599 1.4173, -0.722 -1.3809 1.4173, -0.6971 -1.3962 1.4173, -0.2793 -1.2277 1.4173, -0.7523 -1.2384 1.4173, -0.7621 -1.2638 1.4173, -0.2702 -1.2277 1.4173, -0.1979 -1.2649 1.4173, -0.211 -1.2503 1.4173, -0.2286 -1.238 1.4173, -0.2485 -1.2303 1.4173, -0.3039 -1.1592 1.4173, -0.3296 -1.1285 1.4173, -0.5913 -1.1946 1.4173, -0.3324 -1.126 1.4173, -0.3644 -1.1038 1.4173, -0.5739 -1.1586 1.4173, -0.7405 -1.2215 1.4173, -0.5993 -1.1903 1.4173, -0.2807 -1.2215 1.4173, -0.2863 -1.1959 1.4173, -0.6248 -1.1809 1.4173, -0.6516 -1.1776 1.4173, -0.6635 -1.1782 1.4173, -0.5483 -1.1281 1.4173, -0.4001 -1.0901 1.4173, -0.5178 -1.1058 1.4173, -0.4387 -1.0853 1.4173, -0.4806 -1.0908 1.4173, -0.6916 -1.1849 1.4173, -0.717 -1.1984 1.4173, -0.7365 -1.2158 1.4173, -0.1299 -1.2434 1.4173, -0.1199 -1.2684 1.4173, -0.0452 -1.2684 1.4173, -0.116 -1.2781 1.4173, -0.1108 -1.3153 1.4173, -0.0452 -1.2215 1.4173, -0.1456 -1.2215 1.4173, 0.7021 -1.3549 1.4173, 0.7151 -1.3356 1.4173, 0.6922 -1.3409 1.4173, 0.6868 -1.3356 1.4173, 0.7151 -2.527 1.4173, 0.7054 -1.4234 1.4173, 0.697 -1.4397 1.4173, 0.5651 -2.5104 1.4173, 0.6243 -1.4742 1.4173, 0.6513 -1.4709 1.4173, 0.6865 -1.4517 1.4173, 0.6696 -1.4638 1.4173, 0.708 -1.3702 1.4173, 0.7106 -1.3921 1.4173, 0.7098 -1.4051 1.4173, 0.5651 -1.2684 1.4173, 0.6865 -1.3352 1.4173, 0.7151 -1.2684 1.4173, 0.6697 -1.3238 1.4173, 0.5802 -1.314 1.4173, 0.6259 -1.314 1.4173, 0.6504 -1.3167 1.4173, 0.041 -1.3837 1.4173, 0.0983 -1.3837 1.4173, 0.1089 -1.3356 1.4173, 0.0983 -1.4021 1.4173, 0.041 -1.4021 1.4173, 0.041 -1.4559 1.4173, 0.1065 -1.4559 1.4173, 0.1065 -1.4742 1.4173, 0.1029 -1.314 1.4173, 0.1029 -1.3325 1.4173, 0.041 -1.3356 1.4173, 0.041 -1.3325 1.4173, 0.5651 2.9023 1.4173, 0.5651 -1.099 1.4173, 0.7151 2.9023 1.4173, 0.58 -1.06 1.4173, 0.6021 -1.06 1.4173, 0.6631 -1.2201 1.4173, 0.7151 -1.2215 1.4173, 0.5651 -1.2215 1.4173, 0.5572 -1.1763 1.4173, 0.5418 -1.2201 1.4173, 0.5145 -1.2215 1.4173, 0.5145 2.9023 1.4173, 0.519 -1.2201 1.4173, 0.3272 -1.148 1.4173, 0.284 -1.148 1.4173, 0.3272 -1.2019 1.4173, 0.284 -1.2019 1.4173, 0.3272 -1.2215 1.4173, 0.3646 -1.2215 1.4173, 0.3494 -1.2201 1.4173, 0.3413 -1.148 1.4173, 0.3494 -1.2019 1.4173, 0.3413 -1.1297 1.4173, 0.3458 -1.0784 1.4173, 0.3272 -1.0784 1.4173, 0.3272 -1.1297 1.4173, 0.284 -1.0784 1.4173, 0.284 -1.1297 1.4173, 0.3272 -1.2201 1.4173, 0.2633 -1.2201 1.4173, 0.2633 -1.06 1.4173, 0.217 -1.0595 1.4173, 0.2313 -1.0638 1.4173, 0.254 2.9023 1.4173, 0.3458 -1.06 1.4173, 0.3646 2.9023 1.4173, 0.3272 -1.06 1.4173, 0.3272 2.9023 1.4173, 0.2313 -1.0855 1.4173, 0.2285 -1.2149 1.4173, 0.1488 -1.1876 1.4173, 0.1526 -1.1913 1.4173, 0.1899 -1.2044 1.4173, 0.1997 -1.2039 1.4173, 0.1381 -1.0775 1.4173, 0.1535 -1.0665 1.4173, 0.1185 2.9023 1.4173, 0.1345 -1.0809 1.4173, 0.141 -1.1767 1.4173, 0.2175 -1.2001 1.4173, 0.2313 -1.1937 1.4173, 0.2313 -1.2135 1.4173, 0.1703 -1.0601 1.4173, 0.1933 -1.0573 1.4173, 0.1966 -1.0573 1.4173, 0.1633 -1.1985 1.4173, 0.1749 -1.2027 1.4173, 0.1935 -1.076 1.4173, 0.1871 -1.0762 1.4173, 0.1499 -1.0937 1.4173, 0.1732 -1.079 1.4173, 0.1606 -1.0849 1.4173, 0.1487 -1.095 1.4173, 0.141 -1.1062 1.4173, 0.2295 -1.0845 1.4173, 0.1357 -1.1201 1.4173, 0.1331 -1.1419 1.4173, 0.1332 -1.1478 1.4173, 0.1358 -1.1638 1.4173, 0.2132 -1.0783 1.4173, 0.1162 -1.1109 1.4173, 0.1185 -1.106 1.4173, 0.1244 -1.0936 1.4173, 0.1089 -1.2215 1.4173, 0.1145 -1.169 1.4173, 0.1114 -1.1431 1.4173, 0.1584 -1.2183 1.4173, 0.1435 -1.2108 1.4173, 0.1319 -1.201 1.4173, 0.1305 -1.1994 1.4173, 0.1185 -1.2684 1.4173, 0.1754 -1.2222 1.4173, 0.1724 -1.2215 1.4173, 0.1869 -1.2228 1.4173, 0.254 -1.2684 1.4173, 3.9758 -1.7953 1.4173, 3.9961 -1.7873 1.4173, 3.9961 -1.3356 1.4173, 0.8408 -1.4742 1.4173, 0.8244 -1.4304 1.4173, 0.7577 -1.4304 1.4173, 2.8445 -1.3356 1.4173, 2.8445 -1.3694 1.4173, 3.9412 -1.8215 1.4173, 1.6637 -2.7925 1.4173, 0.7423 -1.4742 1.4173, 1.2029 -2.6347 1.4173, 0.7276 -2.5284 1.4173, 3.9573 -1.8068 1.4173, 3.0138 -2.8443 1.4173, 1.565 -1.3694 1.4173, 2.8899 -2.9538 1.4173, 0.8636 -1.4742 1.4173, 2.1043 -3.0 1.4173, 2.2576 -3.062 1.4173, 2.4208 -3.0888 1.4173, 2.586 -3.0791 1.4173, 2.7449 -3.0333 1.4173, 3.9445 1.6425 1.4173, 3.9292 1.6445 1.4173, 2.8445 -1.2215 1.4173, 3.0408 0.0602 1.4173, 2.8445 -0.0984 1.4173, 3.9961 1.6425 1.4173, 3.9961 -1.2215 1.4173, 3.9961 -1.2684 1.4173, 2.8445 -1.2684 1.4173, 3.199 0.2569 1.4173, 3.8933 1.672 1.4173, 3.8874 1.6862 1.4173, 2.4557 2.0486 1.4173, 3.8854 1.7015 1.4173, 3.8874 1.7168 1.4173, 3.9027 1.7433 1.4173, 3.9955 1.8361 1.4173, 2.882 2.9496 1.4173, 3.3117 0.4827 1.4173, 3.3739 0.7273 1.4173, 3.915 1.6504 1.4173, 3.3828 0.9795 1.4173, 2.9122 1.8402 1.4173, 3.097 1.6682 1.4173, 3.9027 1.6598 1.4173, 3.2411 1.461 1.4173, 3.3378 1.2279 1.4173, 1.565 -1.2215 1.4173, 1.565 -0.0984 1.4173, 1.3686 0.0602 1.4173, 2.8309 2.9113 1.4173, 3.8933 1.731 1.4173, 2.8513 2.9222 1.4173, 2.8692 2.9369 1.4173, 2.8088 2.9046 1.4173, 2.7857 2.9023 1.4173, 2.6952 1.9689 1.4173, 1.2105 0.2569 1.4173, 1.0977 0.4827 1.4173, 1.0355 0.7273 1.4173, 1.0267 0.9795 1.4173, 1.0717 1.2279 1.4173, 1.1684 1.461 1.4173, 1.3124 1.6682 1.4173, 1.4972 1.8402 1.4173, 1.7143 1.9689 1.4173, 1.9538 2.0486 1.4173, 2.2047 2.0755 1.4173, 0.8108 -1.3356 1.4173, 1.565 -1.3356 1.4173, 0.8026 -1.314 1.4173, 1.565 -1.2684 1.4173, 0.7195 -1.4742 1.4173, 0.7723 -1.3356 1.4173, 0.7805 -1.314 1.4173, -1.3686 0.0602 1.4173, -1.565 -0.0984 1.4173, -1.565 -1.2215 1.4173, -3.9292 1.6445 1.4173, -3.8874 1.6862 1.4173, -3.8933 1.672 1.4173, -3.3378 1.2279 1.4173, -3.9027 1.6598 1.4173, -3.3828 0.9795 1.4173, -3.915 1.6504 1.4173, -3.3739 0.7273 1.4173, -2.7857 2.9023 1.4173, -2.8088 2.9046 1.4173, -3.8933 1.731 1.4173, -2.882 2.9496 1.4173, -3.9955 1.8361 1.4173, -2.8692 2.9369 1.4173, -3.9027 1.7433 1.4173, -2.8513 2.9222 1.4173, -2.8309 2.9113 1.4173, -3.8854 1.7015 1.4173, -3.097 1.6682 1.4173, -3.8874 1.7168 1.4173, -2.9122 1.8402 1.4173, -3.2411 1.461 1.4173, -2.8445 -0.0984 1.4173, -3.0408 0.0602 1.4173, -2.8445 -1.2215 1.4173, -3.199 0.2569 1.4173, -3.3117 0.4827 1.4173, -2.6952 1.9689 1.4173, -2.4557 2.0486 1.4173, -2.2047 2.0755 1.4173, -1.9538 2.0486 1.4173, -1.7143 1.9689 1.4173, -1.4972 1.8402 1.4173, -1.3124 1.6682 1.4173, -1.1684 1.461 1.4173, -1.0977 0.4827 1.4173, -1.2105 0.2569 1.4173, -1.0717 1.2279 1.4173, -1.0267 0.9795 1.4173, -1.0355 0.7273 1.4173, 0.1048 -1.2019 1.4173, 0.1089 2.9023 1.4173, 0.112 -1.1312 1.4173, 0.1048 -1.2201 1.4173, 0.0204 -1.2201 1.4173, 0.0204 -1.06 1.4173, 0.041 -1.2019 1.4173, 0.041 -1.06 1.4173, 0.3797 -1.2201 1.4173, 0.3797 -1.06 1.4173, 0.4237 -1.2201 1.4173, 0.4531 -1.2215 1.4173, 0.4508 -1.2169 1.4173, 0.4254 -1.06 1.4173, 0.4531 2.9023 1.4173, 0.4917 -1.0868 1.4173, 0.5016 -1.1008 1.4173, 0.4859 -1.0812 1.4173, 0.5049 -1.1694 1.4173, 0.4964 -1.1856 1.4173, 0.4498 -1.0627 1.4173, 0.4531 -1.0639 1.4173, 0.4692 -1.0698 1.4173, 0.5075 -1.1161 1.4173, 0.5101 -1.138 1.4173, 0.5093 -1.151 1.4173, 0.4859 -1.1977 1.4173, 0.469 -1.2098 1.4173, 0.4531 -1.216 1.4173, 0.55 -1.4742 1.4173, 0.55 -1.4559 1.4173, 0.5418 -1.4021 1.4173, 0.5145 -1.4559 1.4173, 0.3646 -1.3877 1.4173, 0.3848 -1.4458 1.4173, 0.3902 -1.4459 1.4173, 0.4531 -2.498 1.4173, 0.3813 -1.5091 1.4173, 0.3739 -1.518 1.4173, 0.3872 -1.4552 1.4173, 0.3878 -1.4552 1.4173, 0.3887 -1.4513 1.4173, 0.3646 -1.3356 1.4173, 0.4215 -1.3598 1.4173, 0.4531 -1.3356 1.4173, 0.4422 -1.3598 1.4173, 0.3903 -1.4915 1.4173, 0.3646 -1.5245 1.4173, 0.3646 -2.4883 1.4173, 0.3655 -1.5241 1.4173, 0.3726 -1.5192 1.4173, 0.3366 -1.5264 1.4173, 0.3366 -1.5086 1.4173, 0.3272 -1.3356 1.4173, 0.3549 -1.3598 1.4173, 0.3325 -1.3598 1.4173, 0.3646 -1.4415 1.4173, 0.3576 -1.5271 1.4173, 0.3495 -1.5281 1.4173, 0.3272 -2.4841 1.4173, 0.3451 -1.5279 1.4173, 0.3407 -1.5099 1.4173, 0.348 -1.5109 1.4173, 0.3528 -1.5103 1.4173, 0.3572 -1.5087 1.4173, 0.3609 -1.5061 1.4173, 0.3646 -1.502 1.4173, 0.3153 -1.4242 1.4173, 0.3191 -1.4297 1.4173, 0.3165 -1.3818 1.4173, 0.2634 -1.3629 1.4173, 0.254 -1.3356 1.4173, 0.2578 -1.3663 1.4173, 0.254 -1.3696 1.4173, 0.3165 -1.3623 1.4173, 0.3212 -1.4356 1.4173, 0.322 -1.4431 1.4173, 0.2744 -1.3589 1.4173, 0.2894 -1.3572 1.4173, 0.3025 -1.3583 1.4173, 0.3211 -1.4511 1.4173, 0.3186 -1.4575 1.4173, 0.254 -2.4761 1.4173, 0.3149 -1.4628 1.4173, 0.3091 -1.4678 1.4173, 0.3031 -1.4714 1.4173, 0.2921 -1.4752 1.4173, 0.2758 -1.4769 1.4173, 0.258 -1.4749 1.4173, 0.254 -1.4735 1.4173, 0.2875 -1.3735 1.4173, 0.2815 -1.3739 1.4173, 0.2656 -1.3889 1.4173, 0.2762 -1.3753 1.4173, 0.2717 -1.3777 1.4173, 0.2658 -1.3915 1.4173, 0.2666 -1.3947 1.4173, 0.268 -1.3974 1.4173, 0.27 -1.3995 1.4173, 0.277 -1.4039 1.4173, 0.3013 -1.3751 1.4173, 0.2894 -1.4093 1.4173, 0.3127 -1.3795 1.4173, 0.2972 -1.4125 1.4173, 0.3105 -1.4199 1.4173, 0.2686 -1.3804 1.4173, 0.2669 -1.383 1.4173, 0.2659 -1.3857 1.4173, 0.1297 -1.4256 1.4173, 0.1336 -1.4198 1.4173, 0.1369 -1.3873 1.4173, 0.2448 -1.4702 1.4173, 0.2448 -1.4495 1.4173, 0.1185 -2.4749 1.4173, 0.2519 -1.4539 1.4173, 0.254 -1.4548 1.4173, 0.254 -1.4123 1.4173, 0.2435 -2.4749 1.4173, 0.2539 -1.4122 1.4173, 0.2506 -1.4088 1.4173, 0.1397 -1.4145 1.4173, 0.1481 -1.4101 1.4173, 0.1496 -1.3791 1.4173, 0.1636 -1.4062 1.4173, 0.1812 -1.3742 1.4173, 0.1744 -1.3735 1.4173, 0.1622 -1.3748 1.4173, 0.1975 -1.4742 1.4173, 0.2176 -1.4742 1.4173, 0.2176 -1.4006 1.4173, 0.2518 -1.3716 1.4173, 0.1185 -1.3356 1.4173, 0.2481 -1.377 1.4173, 0.1975 -1.4015 1.4173, 0.1968 -1.3926 1.4173, 0.1948 -1.3855 1.4173, 0.1924 -1.3813 1.4173, 0.1333 -1.4656 1.4173, 0.1355 -1.4679 1.4173, 0.1423 -1.4726 1.4173, 0.1291 -1.4594 1.4173, 0.1267 -1.4527 1.4173, 0.1257 -1.4436 1.4173, 0.1369 -1.3678 1.4173, 0.127 -1.4327 1.4173, 0.2086 -1.3695 1.4173, 0.2457 -1.3835 1.4173, 0.2127 -1.3758 1.4173, 0.2159 -1.3848 1.4173, 0.1894 -1.3781 1.4173, 0.1858 -1.3758 1.4173, 0.1975 -1.4565 1.4173, 0.197 -1.4565 1.4173, 0.1723 -1.4757 1.4173, 0.162 -1.4769 1.4173, 0.15 -1.4755 1.4173, 0.248 -1.4046 1.4173, 0.2458 -1.3985 1.4173, 0.2449 -1.3907 1.4173, 0.1938 -1.4613 1.4173, 0.1875 -1.4681 1.4173, 0.1805 -1.4728 1.4173, 0.1411 -1.3654 1.4173, 0.1561 -1.3596 1.4173, 0.1763 -1.3572 1.4173, 0.1878 -1.3582 1.4173, 0.1964 -1.3607 1.4173, 0.2032 -1.3644 1.4173, 0.1089 -1.2684 1.4173, 0.0204 -1.314 1.4173, 0.0204 -1.3356 1.4173, 0.0204 -1.4742 1.4173, 0.1089 -2.4749 1.4173, -3.9412 -1.8215 1.4173, -2.8445 -1.3694 1.4173, -3.9573 -1.8068 1.4173, -2.8445 -1.3356 1.4173, -3.9758 -1.7953 1.4173, -2.2576 -3.062 1.4173, -2.1043 -3.0 1.4173, -1.6637 -2.7925 1.4173, -1.565 -1.3694 1.4173, -3.0138 -2.8443 1.4173, -2.8899 -2.9538 1.4173, -2.7449 -3.0333 1.4173, -2.586 -3.0791 1.4173, -2.4208 -3.0888 1.4173, -1.565 -1.2684 1.4173, -1.565 -1.3356 1.4173, -1.2029 -2.6347 1.4173, -3.9961 -1.7873 1.4173, -3.9961 -1.3356 1.4173, -3.9961 -1.2684 1.4173, -2.8445 -1.2684 1.4173, 0.2645 -1.4589 1.4173, 0.2753 -1.4239 1.4173, 0.2633 -1.4184 1.4173, 0.2778 -1.4605 1.4173, 0.2787 -1.4605 1.4173, 0.2884 -1.4294 1.4173, 0.2889 -1.4594 1.4173, 0.3014 -1.445 1.4173, 0.3012 -1.4425 1.4173, 0.2941 -1.4575 1.4173, 0.2959 -1.4563 1.4173, 0.2982 -1.4543 1.4173, 0.3 -1.4517 1.4173, 0.301 -1.4489 1.4173, 0.3003 -1.4394 1.4173, 0.2988 -1.4368 1.4173, 0.2963 -1.4341 1.4173, 0.3646 -1.5019 1.4173, 0.3685 -1.4947 1.4173, 0.3773 -1.4739 1.4173, 0.5145 -1.4021 1.4173, 0.4845 -1.4021 1.4173, 0.4845 -1.4559 1.4173, 0.4845 -1.3356 1.4173, 0.4845 -1.3837 1.4173, 0.5145 -1.3837 1.4173, 0.4845 -1.3325 1.4173, 0.5145 -1.3356 1.4173, 0.5418 -1.3837 1.4173, 0.5145 -2.5048 1.4173, 0.5145 -1.4742 1.4173, 0.4639 -1.4742 1.4173, 0.4639 -1.3356 1.4173, 0.4639 -1.314 1.4173, 0.3272 -1.2684 1.4173, 0.3646 -1.2684 1.4173, 0.4531 -1.2684 1.4173, 0.5145 -1.2684 1.4173, 0.5145 -1.314 1.4173, 0.5463 -1.314 1.4173, 0.5463 -1.3325 1.4173, 0.5145 -1.3325 1.4173, 1.9587 0.6823 0.5193, 2.0374 0.6823 0.5193, 2.0374 0.7763 0.5118, 1.565 0.7763 0.5118, 1.565 0.6476 0.526, 1.7477 0.6476 0.5261, 1.7586 0.656 0.5242, 1.772 0.6631 0.5228, 1.8095 0.6755 0.5205, 1.8329 0.6801 0.5197, 1.8472 0.6823 0.5193, 1.8799 0.6823 0.5193, 1.6954 0.5803 0.5453, 1.7109 0.6107 0.5355, 1.692 0.57 0.549, 1.6826 0.5249 0.568, 1.565 0.525 0.5679, 1.6826 0.5249 0.568, 1.7197 0.6225 0.5322, 1.7314 0.6351 0.5289, -2.8445 -1.0721 1.3189, -2.8445 -0.0984 1.3189, -2.8445 -1.2018 1.3799, -2.8445 -1.2835 1.4079, -1.565 -1.2835 1.4079, -1.565 -0.0984 1.3189, -1.565 -1.0721 1.3189, -1.565 -1.2018 1.3799, -4.1929 -1.6646 0.1181, -4.1929 -0.9924 0.1181, -4.0945 -1.6646 0.1181, -4.0945 -0.9924 0.1181, -4.1929 -0.205 0.1181, -4.1929 0.228 0.1181, -4.0945 -0.205 0.1181, -4.0945 0.228 0.1181, -2.1043 -3.0 1.3189, -2.2576 -3.062 1.3189, -2.4208 -3.0888 1.3189, -2.586 -3.0791 1.3189, -2.7449 -3.0333 1.3189, -2.8899 -2.9538 1.3189, -3.0138 -2.8443 1.3189, -3.9412 -1.8215 1.3189, -4.1929 -1.7827 0.2362, -4.0945 -1.7827 0.2362, -4.1929 -1.7827 1.2205, -4.0945 -1.7827 1.2205, -4.1862 -1.7827 1.2714, -4.0911 -1.7827 1.2459, -4.1665 -1.7827 1.3189, -4.0813 -1.7827 1.2697, -4.1353 -1.7827 1.3597, -4.0657 -1.7827 1.2901, -4.0945 -1.7827 1.3909, -4.0453 -1.7827 1.3057, -4.047 -1.7827 1.4106, -4.0287 -1.7827 1.3133, -4.0287 -1.7827 1.4146, -4.1929 1.5243 0.1181, -4.1929 1.0154 0.1181, -4.1929 1.6425 1.2205, -4.1929 1.6425 0.2362, -4.1929 1.6384 0.2057, -4.1929 1.6266 0.1772, -4.1929 1.6079 0.1527, -4.1929 1.5834 0.1339, -4.1929 1.5549 0.1221, -4.1929 -1.7237 0.1339, -4.1929 -1.7481 0.1527, -4.1929 -1.7669 0.1772, -4.1929 -1.6952 0.1221, -4.1929 -1.7787 0.2057, -4.0945 1.6425 0.2362, -4.0945 1.6425 1.2205, -4.0911 1.6425 1.2459, -4.1862 1.6425 1.2714, -4.0813 1.6425 1.2697, -4.1665 1.6425 1.3189, -4.0657 1.6425 1.2901, -4.1353 1.6425 1.3597, -4.0453 1.6425 1.3057, -4.0945 1.6425 1.3909, -4.0215 1.6425 1.3155, -4.047 1.6425 1.4106, -3.9961 1.6425 1.3189, -3.9445 1.6425 1.3189, -3.9292 1.6445 1.3189, -3.915 1.6504 1.3189, -3.9027 1.6598 1.3189, -3.8933 1.672 1.3189, -3.8874 1.6862 1.3189, -3.8854 1.7015 1.3189, -3.8874 1.7168 1.3189, -3.8933 1.731 1.3189, -3.9027 1.7433 1.3189, -3.9955 1.8361 1.3189, -4.0135 1.8541 1.3155, -4.0316 1.8721 1.4106, -4.0303 1.8709 1.3057, -4.0651 1.9057 1.3909, -4.0447 1.8853 1.2901, -4.094 1.9345 1.3597, -4.0558 1.8963 1.2697, -4.1161 1.9566 1.3189, -4.0628 1.9033 1.2459, -4.13 1.9705 1.2714, -4.0651 1.9057 1.2205, -4.1347 1.9753 1.2205, -4.0651 1.9057 0.7087, -4.1347 1.9753 0.7087, -3.1047 3.0053 0.5906, -4.0512 2.0588 0.5906, -3.0212 3.0888 1.2205, -3.0212 3.0888 0.7087, -3.024 3.086 0.6781, -3.0324 3.0776 0.6496, -4.0728 2.0372 0.5946, -4.093 2.017 0.6064, -4.1319 1.9781 0.6781, -4.1103 1.9997 0.6251, -4.1235 1.9865 0.6496, -3.0456 3.0644 0.6251, -3.0629 3.0471 0.6064, -3.0831 3.0269 0.5946, -2.9516 3.0192 0.7087, -2.9516 3.0192 1.2205, -2.9492 3.0168 1.2459, -3.0164 3.0841 1.2714, -2.9422 3.0099 1.2697, -3.0025 3.0702 1.3189, -2.9312 2.9988 1.2901, -2.9804 3.048 1.3597, -2.9168 2.9844 1.3057, -2.9516 3.0192 1.3909, -2.9 2.9676 1.3155, -2.918 2.9857 1.4106, -2.882 2.9496 1.3189, -2.8692 2.9369 1.3189, -2.7857 2.9023 1.3189, 2.7857 2.9023 1.3189, -1.3686 0.0602 1.3189, -1.2105 0.2569 1.3189, -1.0977 0.4827 1.3189, -1.0355 0.7273 1.3189, -1.0267 0.9795 1.3189, -1.0717 1.2279 1.3189, -1.1684 1.461 1.3189, -1.3124 1.6682 1.3189, -1.4972 1.8402 1.3189, -1.7143 1.9689 1.3189, -1.9538 2.0486 1.3189, -2.2047 2.0755 1.3189, -2.4557 2.0486 1.3189, -2.6952 1.9689 1.3189, -2.9122 1.8402 1.3189, -3.097 1.6682 1.3189, -3.2411 1.461 1.3189, -3.3378 1.2279 1.3189, -3.3828 0.9795 1.3189, -3.3739 0.7273 1.3189, -3.3117 0.4827 1.3189, -3.199 0.2569 1.3189, -3.0408 0.0602 1.3189, 2.1043 -3.0 1.3189, 1.6637 -2.7925 1.3189, 1.2029 -2.6347 1.3189, 0.7276 -2.5284 1.3189, 0.2435 -2.4749 1.3189, -0.2435 -2.4749 1.3189, -0.7276 -2.5284 1.3189, -1.2029 -2.6347 1.3189, -1.6637 -2.7925 1.3189, -3.9961 -1.7873 1.3189, -1.565 -1.3694 1.3189, -2.8445 -1.3694 1.3189, -3.9595 -1.8051 1.3189, -3.9809 -1.7929 1.3189, 1.3686 0.0602 1.3189, 1.565 -0.0984 1.3189, 1.565 -1.0721 1.3189, 1.565 -1.3694 1.3189, 3.9595 -1.8051 1.3189, 3.9412 -1.8215 1.3189, 2.8445 -1.3694 1.3189, 3.0138 -2.8443 1.3189, 1.0977 0.4827 1.3189, 1.2105 0.2569 1.3189, 2.586 -3.0791 1.3189, 2.4208 -3.0888 1.3189, 1.0267 0.9795 1.3189, 1.0355 0.7273 1.3189, 2.8899 -2.9538 1.3189, 2.7449 -3.0333 1.3189, 2.2576 -3.062 1.3189, 3.8874 1.7168 1.3189, 3.8854 1.7015 1.3189, 2.8448 2.9181 1.3189, 3.8874 1.6862 1.3189, 2.8163 2.9063 1.3189, -2.8448 2.9181 1.3189, -2.8163 2.9063 1.3189, 3.3378 1.2279 1.3189, 3.2411 1.461 1.3189, 3.097 1.6682 1.3189, 2.8445 -0.0984 1.3189, 3.0408 0.0602 1.3189, 2.8445 -1.0721 1.3189, 3.9809 -1.7929 1.3189, 3.9292 1.6445 1.3189, 3.9961 -1.7873 1.3189, 3.9445 1.6425 1.3189, 3.9961 1.6425 1.3189, 2.882 2.9496 1.3189, 3.9955 1.8361 1.3189, 2.8692 2.9369 1.3189, 3.9027 1.7433 1.3189, 3.8933 1.731 1.3189, 3.199 0.2569 1.3189, 3.3117 0.4827 1.3189, 3.3739 0.7273 1.3189, 3.915 1.6504 1.3189, 3.3828 0.9795 1.3189, 3.9027 1.6598 1.3189, 3.8933 1.672 1.3189, 2.9122 1.8402 1.3189, 2.6952 1.9689 1.3189, 2.4557 2.0486 1.3189, 2.2047 2.0755 1.3189, 1.1684 1.461 1.3189, 1.0717 1.2279 1.3189, 1.3124 1.6682 1.3189, 1.9538 2.0486 1.3189, 1.7143 1.9689 1.3189, 1.4972 1.8402 1.3189, -2.9628 3.008 0.6496, -3.0351 2.9357 0.5906, -2.976 2.9948 0.6251, -3.0135 2.9573 0.5946, -2.9933 2.9775 0.6064, -2.9544 3.0164 0.6781, -3.9816 1.9892 0.5906, -4.0623 1.9085 0.6781, -4.0539 1.9169 0.6496, -4.0407 1.9301 0.6251, -4.0032 1.9676 0.5946, -4.0234 1.9474 0.6064, -4.0945 -1.6952 0.1221, -4.0945 -1.7787 0.2057, -4.0945 -1.7669 0.1772, -4.0945 1.0154 0.1181, -4.0945 1.5243 0.1181, -4.0945 -1.7481 0.1527, -4.0945 -1.7237 0.1339, -4.0945 1.5549 0.1221, -4.0945 1.6384 0.2057, -4.0945 1.5834 0.1339, -4.0945 1.6079 0.1527, -4.0945 1.6266 0.1772, -4.626 0.228 0.0984, -4.626 0.228 0.0, -4.2126 0.228 0.0984, -4.2126 0.228 0.0, -4.2075 0.228 0.0991, -4.182 0.228 0.004, -4.2028 0.228 0.1011, -4.1535 0.228 0.0158, -4.1987 0.228 0.1042, -4.1291 0.228 0.0346, -4.1956 0.228 0.1083, -4.1103 0.228 0.0591, -4.1936 0.228 0.113, -4.0985 0.228 0.0875, -4.1936 1.0154 0.113, -4.0985 1.0154 0.0875, -4.1956 1.0154 0.1083, -4.1103 1.0154 0.0591, -4.1987 1.0154 0.1042, -4.1291 1.0154 0.0346, -4.2028 1.0154 0.1011, -4.1535 1.0154 0.0158, -4.2075 1.0154 0.0991, -4.182 1.0154 0.004, -4.2126 1.0154 0.0984, -4.2126 1.0154 0.0, -4.626 1.0154 0.0984, -4.626 1.0154 0.0, -4.7401 0.3156 0.0, -4.7441 0.3461 0.0, -4.7441 0.8973 0.0, -4.7401 0.9279 0.0, -4.7283 0.9564 0.0, -4.6566 0.232 0.0, -4.685 0.2438 0.0, -4.7095 0.9808 0.0, -4.685 0.9996 0.0, -4.6566 1.0114 0.0, -4.7095 0.2626 0.0, -4.7283 0.2871 0.0, -4.7441 0.8973 0.0984, -4.7441 0.3461 0.0984, -4.7401 0.9279 0.0984, -4.685 0.9996 0.0984, -4.7095 0.9808 0.0984, -4.7283 0.9564 0.0984, -4.6566 1.0114 0.0984, -4.7283 0.2871 0.0984, -4.7095 0.2626 0.0984, -4.685 0.2438 0.0984, -4.7401 0.3156 0.0984, -4.6566 0.232 0.0984, -4.626 -0.9924 0.0984, -4.626 -0.9924 0.0, -4.2126 -0.9924 0.0984, -4.2126 -0.9924 0.0, -4.2075 -0.9924 0.0991, -4.182 -0.9924 0.004, -4.2028 -0.9924 0.1011, -4.1535 -0.9924 0.0158, -4.1987 -0.9924 0.1042, -4.1291 -0.9924 0.0346, -4.1956 -0.9924 0.1083, -4.1103 -0.9924 0.0591, -4.1936 -0.9924 0.113, -4.0985 -0.9924 0.0875, -4.1936 -0.205 0.113, -4.0985 -0.205 0.0875, -4.1956 -0.205 0.1083, -4.1103 -0.205 0.0591, -4.1987 -0.205 0.1042, -4.1291 -0.205 0.0346, -4.2028 -0.205 0.1011, -4.1535 -0.205 0.0158, -4.2075 -0.205 0.0991, -4.182 -0.205 0.004, -4.2126 -0.205 0.0984, -4.2126 -0.205 0.0, -4.626 -0.205 0.0984, -4.626 -0.205 0.0, -4.7441 -0.3232 0.0, -4.7401 -0.9049 0.0, -4.7441 -0.8743 0.0, -4.685 -0.9766 0.0, -4.7095 -0.9579 0.0, -4.7283 -0.9334 0.0, -4.7283 -0.2641 0.0, -4.7095 -0.2396 0.0, -4.685 -0.2209 0.0, -4.7401 -0.2926 0.0, -4.6566 -0.2091 0.0, -4.6566 -0.9884 0.0, -4.7441 -0.8743 0.0984, -4.7441 -0.3232 0.0984, -4.7401 -0.2926 0.0984, -4.6566 -0.2091 0.0984, -4.685 -0.2209 0.0984, -4.7095 -0.2396 0.0984, -4.7283 -0.2641 0.0984, -4.7401 -0.9049 0.0984, -4.7283 -0.9334 0.0984, -4.7095 -0.9579 0.0984, -4.685 -0.9766 0.0984, -4.6566 -0.9884 0.0984, -2.8445 -1.305 1.3118, -2.8445 0.7862 0.5118, -2.8445 0.7862 0.4134, -2.8445 0.7763 0.5118, -2.8445 0.7763 0.4134, -2.8445 0.6476 0.526, -2.8445 0.6261 0.43, -2.8445 0.525 0.5679, -2.8445 0.4831 0.4789, -2.8445 -1.2437 1.2908, -1.565 0.7862 0.4134, -1.565 0.7862 0.5118, -1.565 0.7763 0.4134, -1.565 0.7763 0.5118, -1.565 0.6261 0.43, -1.565 0.6476 0.526, -1.565 0.4831 0.4789, -1.565 0.525 0.5679, -1.565 -1.2437 1.2908, -1.565 -1.305 1.3118, -2.3703 1.4041 0.5118, -1.5868 0.9517 0.5118, -1.7523 1.2385 0.5118, -1.8848 1.3402 0.5118, -2.0391 1.4041 0.5118, -2.5246 1.3402 0.5118, -2.6571 1.2385 0.5118, -2.7588 1.106 0.5118, -1.6507 1.106 0.5118, -2.2047 1.4259 0.5118, -2.8227 0.9517 0.5118, -2.7588 1.106 0.4134, -2.6571 1.2385 0.4134, -2.5246 1.3402 0.4134, -2.3703 1.4041 0.4134, -2.8227 0.9517 0.4134, -2.2047 1.4259 0.4134, -2.0391 1.4041 0.4134, -1.8848 1.3402 0.4134, -1.7523 1.2385 0.4134, -1.6507 1.106 0.4134, -1.5868 0.9517 0.4134, -4.0043 -1.7853 1.4172, -4.0215 -1.783 1.3155, -4.0043 -1.7853 1.3186, -2.8163 2.9063 1.4173, -2.8448 2.9181 1.4173, -3.9595 -1.8051 1.4173, -3.9809 -1.7929 1.4173, 2.8445 -1.2835 1.4079, 2.8445 -1.2018 1.3799, 1.565 -1.2018 1.3799, 1.565 -1.2835 1.4079, 4.1929 -0.9924 0.1181, 4.1929 -1.6646 0.1181, 4.0945 -0.9924 0.1181, 4.0945 -1.6646 0.1181, 4.1929 0.228 0.1181, 4.1929 -0.205 0.1181, 4.0945 0.228 0.1181, 4.0945 -0.205 0.1181, 4.0287 -1.7827 1.4146, 4.0287 -1.7827 1.3133, 4.047 -1.7827 1.4106, 4.0453 -1.7827 1.3057, 4.0945 -1.7827 0.2362, 4.1929 -1.7827 0.2362, 4.0945 -1.7827 1.2205, 4.1929 -1.7827 1.2205, 4.0911 -1.7827 1.2459, 4.1862 -1.7827 1.2714, 4.0813 -1.7827 1.2697, 4.1665 -1.7827 1.3189, 4.0657 -1.7827 1.2901, 4.1353 -1.7827 1.3597, 4.0945 -1.7827 1.3909, 4.1929 1.6425 1.2205, 4.1929 -1.7787 0.2057, 4.1929 -1.7669 0.1772, 4.1929 1.0154 0.1181, 4.1929 1.5243 0.1181, 4.1929 1.6425 0.2362, 4.1929 -1.7481 0.1527, 4.1929 -1.7237 0.1339, 4.1929 -1.6952 0.1221, 4.1929 1.6079 0.1527, 4.1929 1.5834 0.1339, 4.1929 1.5549 0.1221, 4.1929 1.6266 0.1772, 4.1929 1.6384 0.2057, 4.0215 1.6425 1.3155, 4.047 1.6425 1.4106, 4.0453 1.6425 1.3057, 4.0945 1.6425 1.3909, 4.0657 1.6425 1.2901, 4.1353 1.6425 1.3597, 4.0813 1.6425 1.2697, 4.1665 1.6425 1.3189, 4.0911 1.6425 1.2459, 4.1862 1.6425 1.2714, 4.0945 1.6425 1.2205, 4.0945 1.6425 0.2362, 4.0651 1.9057 0.7087, 4.1347 1.9753 0.7087, 4.0651 1.9057 1.2205, 4.1347 1.9753 1.2205, 4.0628 1.9033 1.2459, 4.13 1.9705 1.2714, 4.0558 1.8963 1.2697, 4.1161 1.9566 1.3189, 4.0447 1.8853 1.2901, 4.094 1.9345 1.3597, 4.0303 1.8709 1.3057, 4.0651 1.9057 1.3909, 4.0135 1.8541 1.3155, 4.0316 1.8721 1.4106, 3.0212 3.0888 1.2205, 3.0212 3.0888 0.7087, 4.0512 2.0588 0.5906, 3.1047 3.0053 0.5906, 3.024 3.086 0.6781, 3.0629 3.0471 0.6064, 3.0456 3.0644 0.6251, 3.0324 3.0776 0.6496, 4.1235 1.9865 0.6496, 4.1103 1.9997 0.6251, 4.1319 1.9781 0.6781, 4.093 2.017 0.6064, 4.0728 2.0372 0.5946, 3.0831 3.0269 0.5946, 2.9 2.9676 1.3155, 2.918 2.9857 1.4106, 2.9168 2.9844 1.3057, 2.9516 3.0192 1.3909, 2.9312 2.9988 1.2901, 2.9804 3.048 1.3597, 2.9422 3.0099 1.2697, 3.0025 3.0702 1.3189, 2.9492 3.0168 1.2459, 3.0164 3.0841 1.2714, 2.9516 3.0192 1.2205, 2.9516 3.0192 0.7087, 4.0623 1.9085 0.6781, 3.9816 1.9892 0.5906, 3.0351 2.9357 0.5906, 4.0234 1.9474 0.6064, 4.0407 1.9301 0.6251, 4.0539 1.9169 0.6496, 2.9933 2.9775 0.6064, 3.0135 2.9573 0.5946, 2.976 2.9948 0.6251, 2.9628 3.008 0.6496, 4.0032 1.9676 0.5946, 2.9544 3.0164 0.6781, 4.0945 1.5243 0.1181, 4.0945 1.0154 0.1181, 4.0945 1.6384 0.2057, 4.0945 1.6266 0.1772, 4.0945 1.6079 0.1527, 4.0945 1.5834 0.1339, 4.0945 1.5549 0.1221, 4.0945 -1.6952 0.1221, 4.0945 -1.7237 0.1339, 4.0945 -1.7481 0.1527, 4.0945 -1.7669 0.1772, 4.0945 -1.7787 0.2057, 4.1936 0.228 0.113, 4.0985 0.228 0.0875, 4.1956 0.228 0.1083, 4.1103 0.228 0.0591, 4.1987 0.228 0.1042, 4.1291 0.228 0.0346, 4.2028 0.228 0.1011, 4.1535 0.228 0.0158, 4.2075 0.228 0.0991, 4.182 0.228 0.004, 4.2126 0.228 0.0984, 4.2126 0.228 0.0, 4.626 0.228 0.0984, 4.626 0.228 0.0, 4.626 1.0154 0.0984, 4.626 1.0154 0.0, 4.2126 1.0154 0.0984, 4.2126 1.0154 0.0, 4.2075 1.0154 0.0991, 4.182 1.0154 0.004, 4.2028 1.0154 0.1011, 4.1535 1.0154 0.0158, 4.1987 1.0154 0.1042, 4.1291 1.0154 0.0346, 4.1956 1.0154 0.1083, 4.1103 1.0154 0.0591, 4.1936 1.0154 0.113, 4.0985 1.0154 0.0875, 4.7441 0.3461 0.0, 4.7401 0.9279 0.0, 4.7441 0.8973 0.0, 4.685 0.9996 0.0, 4.7095 0.9808 0.0, 4.7283 0.9564 0.0, 4.7283 0.2871 0.0, 4.7095 0.2626 0.0, 4.685 0.2438 0.0, 4.7401 0.3156 0.0, 4.6566 0.232 0.0, 4.6566 1.0114 0.0, 4.7441 0.3461 0.0984, 4.7441 0.8973 0.0984, 4.7401 0.3156 0.0984, 4.685 0.2438 0.0984, 4.7095 0.2626 0.0984, 4.7283 0.2871 0.0984, 4.6566 0.232 0.0984, 4.7401 0.9279 0.0984, 4.7283 0.9564 0.0984, 4.7095 0.9808 0.0984, 4.685 0.9996 0.0984, 4.6566 1.0114 0.0984, 4.1936 -0.9924 0.113, 4.0985 -0.9924 0.0875, 4.1956 -0.9924 0.1083, 4.1103 -0.9924 0.0591, 4.1987 -0.9924 0.1042, 4.1291 -0.9924 0.0346, 4.2028 -0.9924 0.1011, 4.1535 -0.9924 0.0158, 4.2075 -0.9924 0.0991, 4.182 -0.9924 0.004, 4.2126 -0.9924 0.0984, 4.2126 -0.9924 0.0, 4.626 -0.9924 0.0984, 4.626 -0.9924 0.0, 4.626 -0.205 0.0984, 4.626 -0.205 0.0, 4.2126 -0.205 0.0984, 4.2126 -0.205 0.0, 4.2075 -0.205 0.0991, 4.182 -0.205 0.004, 4.2028 -0.205 0.1011, 4.1535 -0.205 0.0158, 4.1987 -0.205 0.1042, 4.1291 -0.205 0.0346, 4.1956 -0.205 0.1083, 4.1103 -0.205 0.0591, 4.1936 -0.205 0.113, 4.0985 -0.205 0.0875, 4.7401 -0.2926 0.0, 4.7441 -0.3232 0.0, 4.685 -0.2209 0.0, 4.7095 -0.2396 0.0, 4.7283 -0.2641 0.0, 4.7441 -0.8743 0.0, 4.7401 -0.9049 0.0, 4.7283 -0.9334 0.0, 4.7095 -0.9579 0.0, 4.685 -0.9766 0.0, 4.6566 -0.9884 0.0, 4.6566 -0.2091 0.0, 4.7441 -0.3232 0.0984, 4.7441 -0.8743 0.0984, 4.7401 -0.9049 0.0984, 4.685 -0.9766 0.0984, 4.7095 -0.9579 0.0984, 4.7283 -0.9334 0.0984, 4.6566 -0.9884 0.0984, 4.7401 -0.2926 0.0984, 4.7283 -0.2641 0.0984, 4.7095 -0.2396 0.0984, 4.685 -0.2209 0.0984, 4.6566 -0.2091 0.0984, 2.8445 0.7862 0.4134, 2.8445 0.7862 0.5118, 2.8445 0.7763 0.4134, 2.8445 0.7763 0.5118, 2.8445 0.6261 0.43, 2.8445 0.6476 0.526, 2.8445 0.4831 0.4789, 2.8445 0.525 0.5679, 2.8445 -1.2437 1.2908, 2.8445 -1.305 1.3118, 1.565 -1.305 1.3118, 1.565 0.7862 0.5118, 1.565 0.7862 0.4134, 1.565 0.7763 0.4134, 1.565 0.6261 0.43, 1.565 0.4831 0.4789, 1.565 -1.2437 1.2908, 2.0374 0.8746 0.5118, 1.5868 0.9517 0.5118, 2.8227 0.9517 0.5118, 2.7588 1.106 0.5118, 2.3618 0.9254 0.5118, 2.3657 0.9107 0.5118, 2.372 0.8746 0.5118, 2.372 0.7763 0.5118, 1.7523 1.2385 0.5118, 1.6507 1.106 0.5118, 2.0588 0.9533 0.5118, 2.0457 0.9187 0.5118, 2.3703 1.4041 0.5118, 2.2047 1.4259 0.5118, 2.2047 1.0389 0.5118, 2.2436 1.0343 0.5118, 2.2598 1.0295 0.5118, 2.5246 1.3402 0.5118, 2.0677 0.9682 0.5118, 2.0925 0.996 0.5118, 1.8848 1.3402 0.5118, 2.1059 1.0068 0.5118, 2.0391 1.4041 0.5118, 2.1407 1.0261 0.5118, 2.1535 1.0308 0.5118, 2.1921 1.0384 0.5118, 2.2956 1.0121 0.5118, 2.3091 1.0026 0.5118, 2.6571 1.2385 0.5118, 2.3353 0.9767 0.5118, 2.3472 0.9595 0.5118, 2.8227 0.9517 0.4134, 2.7588 1.106 0.4134, 2.5246 1.3402 0.4134, 1.5868 0.9517 0.4134, 1.6507 1.106 0.4134, 2.3703 1.4041 0.4134, 2.2047 1.4259 0.4134, 2.0391 1.4041 0.4134, 2.6571 1.2385 0.4134, 1.7523 1.2385 0.4134, 1.8848 1.3402 0.4134, 2.7268 0.5249 0.568, 2.715 0.473 0.5924, 2.1004 0.0858 0.7744, 2.0741 0.1092 0.7634, 1.7317 0.4176 0.6185, 1.7594 0.3977 0.6278, 1.7746 0.3903 0.6313, 1.7179 0.4318 0.6118, 1.7092 0.4433 0.6064, 1.6944 0.473 0.5924, 2.3507 0.1304 0.7535, 2.3417 0.117 0.7598, 2.317 0.0918 0.7716, 2.0374 0.2016 0.72, 2.0374 0.3736 0.6391, 1.8474 0.3736 0.6391, 2.7002 0.4433 0.6064, 2.6915 0.4318 0.6118, 2.6778 0.4176 0.6185, 2.6501 0.3977 0.6278, 2.6349 0.3903 0.6313, 2.372 0.2016 0.72, 2.5946 0.3787 0.6367, 2.3637 0.1618 0.7387, 2.0622 0.1248 0.7561, 2.0476 0.1557 0.7416, 2.0438 0.169 0.7353, 1.8418 0.3744 0.6388, 1.8148 0.3787 0.6367, 2.5676 0.3744 0.6388, 2.5621 0.3736 0.6391, 2.372 0.3736 0.6391, 2.1659 0.0572 0.7879, 2.1496 0.0615 0.7859, 2.1138 0.0772 0.7785, 2.3036 0.0821 0.7762, 2.2688 0.0646 0.7845, 2.2559 0.0603 0.7865, 2.2174 0.0534 0.7897, 2.2047 0.053 0.7899, 2.6779 0.6353 0.5289, 2.7 0.6085 0.5362, 2.6741 0.6388 0.5281, 2.7072 0.596 0.54, 2.7198 0.5604 0.5527, 2.7246 0.5375 0.5623, 2.372 0.6824 0.5193, 2.4508 0.6824 0.5193, 2.5295 0.6823 0.5193, 2.5623 0.6823 0.5193, 2.5959 0.6766 0.5203, 2.6336 0.6649 0.5224, 2.6462 0.6587 0.5236, 2.6617 0.6476 0.5261, 4.0043 -1.7853 1.4172, 4.0215 -1.783 1.3155, 4.0043 -1.7853 1.3186, 2.8448 2.9181 1.4173, 2.8163 2.9063 1.4173, 3.9595 -1.8051 1.4173, 3.9809 -1.7929 1.4173, 1.8504 0.6377 0.4891, 1.8504 0.6374 0.4879, 1.8799 0.6377 0.4892, 1.9439 0.6374 0.488, 1.9439 0.6377 0.4892, 1.9587 0.6377 0.4892, 2.0374 0.6374 0.488, 2.0374 0.6377 0.4892, 1.7394 0.5693 0.5076, 1.7393 0.5694 0.5078, 1.7329 0.5559 0.5124, 1.7329 0.5558 0.5123, 1.7308 0.549 0.515, 1.7314 0.549 0.5152, 1.7301 0.547 0.5157, 1.7224 0.5083 0.5323, 1.7446 0.5804 0.504, 1.7449 0.5807 0.5036, 1.7491 0.5867 0.5021, 1.7495 0.5863 0.5019, 1.7512 0.5897 0.5012, 1.76 0.5997 0.4983, 1.763 0.6025 0.4969, 1.7635 0.6025 0.4976, 1.7632 0.6027 0.4969, 1.7804 0.6152 0.4934, 1.8216 0.6314 0.4894, 1.8215 0.6321 0.4904, 1.8188 0.6316 0.4905, 1.8083 0.6285 0.49, 1.7984 0.6245 0.4921, 1.7984 0.6244 0.491, 1.7899 0.6216 0.4927, 1.7858 0.6192 0.4923, 1.7801 0.6161 0.4941, 1.78 0.616 0.4941, 1.84 0.6359 0.4895, 2.5591 0.6377 0.4891, 2.5591 0.6374 0.4879, 2.5873 0.6325 0.4903, 2.5952 0.6298 0.4897, 2.5951 0.63 0.4908, 2.6023 0.6283 0.4901, 2.6152 0.6235 0.4923, 2.615 0.6226 0.4915, 2.6167 0.623 0.4924, 2.6315 0.6137 0.4938, 2.6315 0.6139 0.4946, 2.6259 0.6182 0.4935, 2.6269 0.6173 0.4928, 2.6465 0.6026 0.4975, 2.6473 0.6013 0.4973, 2.6475 0.6017 0.4978, 2.6491 0.5999 0.4976, 2.6526 0.5963 0.4987, 2.6493 0.5999 0.4983, 2.6565 0.5908 0.5005, 2.687 0.5083 0.5323, 2.6857 0.516 0.5288, 2.687 0.5085 0.5322, 2.6813 0.5385 0.5191, 2.6785 0.5497 0.5146, 2.676 0.5547 0.5131, 2.6764 0.5547 0.5128, 2.6713 0.5686 0.5079, 2.669 0.5732 0.5061, 2.6687 0.5735 0.5063, 2.6688 0.5735 0.506, 2.6659 0.5786 0.5046, 2.6564 0.5908 0.501, 2.5295 0.6377 0.4891, 2.4655 0.6374 0.4879, 2.372 0.6377 0.4891, 2.372 0.6374 0.4879, 2.4508 0.6377 0.4891, 2.4655 0.6377 0.4891, 2.3273 0.9021 0.4724, 2.0768 0.8716 0.4724, 2.3327 0.8716 0.4724, 2.0768 0.7763 0.4724, 2.3327 0.7763 0.4724, 2.1951 0.9992 0.4724, 2.1656 0.9934 0.4724, 2.1557 0.9897 0.4724, 2.3241 0.9142 0.4724, 2.3133 0.9395 0.4724, 2.3046 0.9521 0.4724, 2.2848 0.9716 0.4724, 2.2744 0.979 0.4724, 2.2468 0.9924 0.4724, 2.2344 0.996 0.4724, 2.2047 0.9996 0.4724, 2.1289 0.9748 0.4724, 2.1186 0.9666 0.4724, 2.0838 0.9087 0.4724, 2.1001 0.9458 0.4724, 2.0937 0.9351 0.4724, 2.3327 0.6761 0.4805, 2.0768 0.6761 0.4805, 2.3336 0.6678 0.4819, 2.0759 0.6677 0.4819, 2.3365 0.6595 0.4834, 2.073 0.6594 0.4834, 2.3411 0.6521 0.4848, 2.0683 0.652 0.4848, 2.3474 0.6459 0.4861, 2.0621 0.6459 0.4861, 2.3615 0.639 0.4876, 2.3549 0.6413 0.4871, 2.3632 0.6384 0.4877, 2.6259 0.6102 0.4947, 1.7604 0.5653 0.5088, 2.0546 0.6412 0.4871, 2.0481 0.639 0.4876, 2.0462 0.6384 0.4877, 2.6775 0.4672 0.5516, 2.5616 0.3928 0.5866, 2.0545 0.389 0.5884, 2.0619 0.3847 0.5904, 2.3633 0.3916 0.5872, 2.372 0.3925 0.5868, 2.5591 0.3925 0.5868, 2.0682 0.3791 0.5931, 2.0729 0.3723 0.5962, 2.0758 0.3648 0.5998, 2.3327 0.3569 0.6035, 2.3337 0.3648 0.5998, 2.3366 0.3723 0.5962, 2.3413 0.3791 0.5931, 2.3475 0.3847 0.5904, 2.355 0.389 0.5884, 2.5865 0.3968 0.5847, 2.6184 0.4059 0.5804, 2.6295 0.4113 0.5779, 2.0462 0.3916 0.5872, 2.0374 0.3925 0.5868, 2.65 0.426 0.571, 2.6602 0.4366 0.566, 2.6666 0.4451 0.562, 1.78 0.4113 0.5779, 1.791 0.4059 0.5804, 1.823 0.3968 0.5847, 2.0822 0.1601 0.696, 2.3327 0.1876 0.6831, 2.0768 0.1876 0.6831, 2.0768 0.3569 0.6035, 1.7319 0.4672 0.5516, 1.8479 0.3928 0.5866, 1.8504 0.3925 0.5868, 1.7429 0.4451 0.562, 1.7493 0.4366 0.566, 1.7595 0.426 0.571, 2.2144 0.0722 0.7374, 2.2438 0.0774 0.7349, 2.2538 0.0807 0.7333, 2.0853 0.1491 0.7012, 2.0961 0.1261 0.712, 2.1048 0.1148 0.7173, 2.1247 0.0971 0.7256, 2.135 0.0905 0.7288, 2.1626 0.0784 0.7345, 2.1751 0.075 0.736, 2.2047 0.0718 0.7375, 2.2805 0.0942 0.727, 2.2908 0.1017 0.7235, 2.3256 0.1541 0.6989, 2.3093 0.1205 0.7146, 2.3158 0.1302 0.7101, 2.3336 0.6679 0.4823, 2.3636 0.6386 0.4889, 2.3632 0.6387 0.4889, 2.3477 0.646 0.4873, 2.3549 0.6416 0.4883, 2.3474 0.6462 0.4872, 2.3411 0.6523 0.4858, 2.3367 0.6593 0.4842, 2.3365 0.6597 0.4842, 2.3337 0.6675 0.4824, 2.0759 0.6678 0.4823, 2.0757 0.6675 0.4824, 2.073 0.6596 0.4842, 2.0683 0.6523 0.4858, 2.068 0.652 0.4859, 2.0458 0.6386 0.4889, 2.0462 0.6386 0.4889, 2.0542 0.6414 0.4883, 2.0546 0.6415 0.4883, 2.0621 0.6461 0.4872, 2.0756 0.3606 0.6114, 2.0726 0.1946 0.6986, 2.0746 0.193 0.6949, 2.0726 0.3641 0.6189, 2.0754 0.1919 0.6923, 2.0754 0.3612 0.6127, 2.0757 0.1915 0.6915, 2.0757 0.1913 0.691, 2.0682 0.1975 0.7056, 2.0682 0.1975 0.7056, 2.0715 0.3652 0.6213, 2.0705 0.1963 0.7026, 2.0544 0.3718 0.6354, 2.0616 0.1998 0.7117, 2.0571 0.3714 0.6344, 2.0619 0.1997 0.7114, 2.0617 0.3698 0.6311, 2.065 0.1986 0.7085, 2.0652 0.3687 0.6287, 2.0679 0.3672 0.6255, 2.0476 0.2018 0.7184, 2.0499 0.2016 0.7177, 2.0461 0.3731 0.6381, 2.0476 0.373 0.6379, 2.0544 0.2011 0.7157, 2.0584 0.2005 0.7138, 2.0394 0.2018 0.7199, 2.0462 0.2018 0.7188, 2.0462 0.2018 0.7188, 2.0454 0.3788 0.6352, 2.0438 0.3802 0.6345, 2.0459 0.3947 0.597, 2.0539 0.3922 0.5982, 2.0745 0.3689 0.6091, 2.0611 0.3881 0.6001, 2.0587 0.3894 0.61, 2.0706 0.3721 0.6181, 2.0671 0.3827 0.6026, 2.0641 0.3845 0.6123, 2.0592 0.3844 0.6213, 2.0374 0.3956 0.5965, 2.0374 0.3961 0.6068, 2.045 0.3953 0.6072, 2.0717 0.3761 0.6057, 2.0681 0.3786 0.615, 2.0625 0.3796 0.6236, 2.0551 0.3791 0.6307, 2.0436 0.3933 0.6172, 2.0495 0.3914 0.618, 2.0645 0.3743 0.6261, 2.0566 0.3753 0.6325, 2.0473 0.3751 0.637, 2.0459 0.3874 0.6268, 2.0497 0.3853 0.6278, 2.0418 0.3813 0.634, 2.0418 0.3887 0.6262, 2.0397 0.382 0.6337, 2.0374 0.3939 0.6169, 2.0374 0.3892 0.626, 2.0374 0.3823 0.6336, 2.0522 0.393 0.6083, 2.0548 0.3884 0.6194, 2.0528 0.3825 0.6291, 2.0466 0.377 0.636, 2.3269 0.1581 0.7082, 2.3338 0.1915 0.6915, 2.3337 0.1913 0.691, 2.3368 0.1946 0.6986, 2.3349 0.193 0.6949, 2.3341 0.1919 0.6923, 2.3413 0.1975 0.7056, 2.339 0.1963 0.7026, 2.3308 0.1612 0.7172, 2.3475 0.1997 0.7114, 2.3444 0.1986 0.7085, 2.3368 0.1633 0.7253, 2.3413 0.1975 0.7056, 2.3551 0.201 0.7157, 2.3511 0.2005 0.7138, 2.3447 0.1641 0.7318, 2.3479 0.1998 0.7117, 2.3619 0.2018 0.7184, 2.3595 0.2016 0.7177, 2.3539 0.1636 0.7364, 2.37 0.2018 0.7199, 2.3633 0.2018 0.7188, 2.3633 0.2018 0.7188, 2.0537 0.1705 0.7332, 2.063 0.1707 0.7287, 2.0709 0.1696 0.7223, 2.0809 0.1641 0.7054, 2.0574 0.1577 0.7392, 2.071 0.1289 0.7527, 2.0821 0.1144 0.7595, 2.1067 0.0925 0.7698, 2.1193 0.0844 0.7736, 2.153 0.0696 0.7806, 2.1682 0.0655 0.7825, 2.2047 0.0616 0.7844, 2.2166 0.062 0.7842, 2.2528 0.0685 0.7811, 2.2649 0.0725 0.7792, 2.2976 0.089 0.7715, 2.3102 0.0981 0.7672, 2.3333 0.1217 0.7561, 2.3417 0.1341 0.7503, 2.3332 0.1364 0.7448, 2.3255 0.1249 0.7503, 2.3039 0.1029 0.7606, 2.2921 0.0943 0.7646, 2.2613 0.0788 0.7719, 2.2499 0.075 0.7737, 2.2159 0.0689 0.7766, 2.2047 0.0685 0.7768, 2.1705 0.0722 0.775, 2.1561 0.076 0.7732, 2.1244 0.09 0.7667, 2.1125 0.0976 0.7631, 2.0895 0.1182 0.7534, 2.0792 0.1316 0.7471, 2.0665 0.1585 0.7344, 2.326 0.1372 0.7376, 2.3188 0.1264 0.7426, 2.2985 0.1057 0.7524, 2.2873 0.0976 0.7562, 2.2582 0.0829 0.7631, 2.2474 0.0794 0.7648, 2.2152 0.0736 0.7675, 2.2047 0.0732 0.7676, 2.1724 0.0767 0.766, 2.1588 0.0803 0.7643, 2.1288 0.0935 0.7581, 2.1176 0.1007 0.7547, 2.0958 0.1201 0.7456, 2.0862 0.1327 0.7397, 2.0743 0.158 0.7278, 2.3205 0.1363 0.729, 2.3137 0.1262 0.7337, 2.2943 0.1065 0.743, 2.2836 0.0987 0.7466, 2.2558 0.0847 0.7532, 2.2455 0.0813 0.7548, 2.2148 0.0758 0.7574, 2.2047 0.0754 0.7576, 2.1738 0.0788 0.756, 2.1609 0.0822 0.7544, 2.1322 0.0948 0.7485, 2.1214 0.1017 0.7452, 2.1007 0.1202 0.7365, 2.0916 0.1321 0.7309, 2.0803 0.1561 0.7196, 2.077 0.1674 0.7143, 2.317 0.1339 0.7196, 2.3104 0.1241 0.7242, 2.2917 0.1051 0.7331, 2.2813 0.0976 0.7367, 2.2543 0.0839 0.7431, 2.2443 0.0806 0.7447, 2.2145 0.0753 0.7472, 2.2047 0.075 0.7473, 2.1748 0.0782 0.7458, 2.1622 0.0815 0.7442, 2.1343 0.0938 0.7385, 2.1238 0.1005 0.7353, 2.1038 0.1184 0.7269, 2.095 0.1299 0.7215, 2.084 0.1531 0.7106, 1.8501 0.3962 0.6034, 1.85 0.3958 0.6068, 1.8495 0.3941 0.6164, 1.8495 0.3938 0.6168, 1.8481 0.3822 0.6335, 1.848 0.3811 0.6345, 1.8475 0.3754 0.6382, 1.849 0.39 0.6248, 1.8489 0.3891 0.626, 1.8487 0.3877 0.6279, 1.8497 0.3952 0.6126, 1.8504 0.394 0.5904, 1.8503 0.3954 0.5966, 1.8502 0.396 0.5995, 2.3551 0.3718 0.6354, 2.3619 0.373 0.6379, 2.3633 0.3731 0.6381, 2.3415 0.3672 0.6255, 2.3442 0.3687 0.6287, 2.3477 0.3698 0.6311, 2.3524 0.3714 0.6344, 2.3368 0.3641 0.6189, 2.338 0.3652 0.6213, 2.334 0.3612 0.6127, 2.3338 0.3606 0.6114, 1.8434 0.3829 0.6333, 1.8477 0.396 0.5964, 1.7221 0.5104 0.5369, 1.7208 0.5126 0.5415, 1.7306 0.4712 0.561, 1.7106 0.52 0.5574, 1.7106 0.52 0.5574, 1.7209 0.4758 0.5783, 1.6827 0.5249 0.568, 1.6923 0.5244 0.5669, 1.7085 0.5209 0.5594, 1.7132 0.4762 0.585, 1.7005 0.5231 0.5642, 1.6929 0.5243 0.5668, 1.7269 0.4741 0.5701, 1.7154 0.5177 0.5525, 1.7208 0.5126 0.5415, 1.7197 0.5143 0.5453, 1.8471 0.3965 0.6066, 1.8461 0.3944 0.6166, 1.8449 0.3897 0.6257, 1.8227 0.4 0.5945, 1.7905 0.4092 0.5902, 1.7793 0.4146 0.5876, 1.7585 0.4295 0.5806, 1.7482 0.4402 0.5756, 1.7417 0.4488 0.5715, 1.7384 0.451 0.581, 1.7451 0.4421 0.5852, 1.7558 0.431 0.5904, 1.7772 0.4156 0.5976, 1.7888 0.41 0.6003, 1.8219 0.4005 0.6047, 1.733 0.4515 0.5898, 1.7401 0.4422 0.5942, 1.7513 0.4305 0.5997, 1.774 0.4143 0.6073, 1.7862 0.4083 0.6101, 1.8206 0.3984 0.6147, 1.7261 0.4503 0.5972, 1.7336 0.4404 0.6019, 1.7456 0.4279 0.6078, 1.7697 0.4106 0.6159, 1.7828 0.4043 0.6189, 1.8189 0.3939 0.6238, 1.7041 0.4753 0.5898, 1.718 0.4476 0.6029, 1.726 0.4368 0.6079, 1.7389 0.4235 0.6142, 1.7647 0.405 0.6229, 1.7788 0.3981 0.6261, 1.8169 0.3872 0.6313, 2.3621 0.3751 0.637, 2.3657 0.3802 0.6345, 2.3641 0.3788 0.6352, 2.372 0.3952 0.5952, 2.3636 0.3947 0.597, 2.372 0.3956 0.5965, 2.335 0.3689 0.6091, 2.372 0.396 0.6039, 2.3645 0.3953 0.6072, 2.372 0.3961 0.6068, 2.3483 0.3881 0.6001, 2.3423 0.3827 0.6026, 2.3508 0.3894 0.61, 2.3454 0.3845 0.6123, 2.3547 0.3884 0.6194, 2.3388 0.3721 0.6181, 2.3555 0.3922 0.5982, 2.3573 0.393 0.6083, 2.36 0.3914 0.618, 2.3635 0.3874 0.6268, 2.3449 0.3743 0.6261, 2.3659 0.3933 0.6172, 2.3677 0.3887 0.6262, 2.372 0.3892 0.626, 2.372 0.3919 0.6208, 2.372 0.3939 0.6169, 2.372 0.3948 0.6126, 2.3698 0.382 0.6337, 2.3529 0.3753 0.6325, 2.3567 0.3825 0.6291, 2.3378 0.3761 0.6057, 2.3413 0.3786 0.615, 2.347 0.3796 0.6236, 2.3543 0.3791 0.6307, 2.3629 0.377 0.636, 2.372 0.381 0.6344, 2.372 0.3823 0.6336, 2.372 0.3872 0.6282, 2.3503 0.3844 0.6213, 2.3598 0.3853 0.6278, 2.3676 0.3813 0.634, 1.7316 0.5597 0.5218, 1.8493 0.6546 0.5135, 1.8487 0.663 0.5176, 1.8363 0.6608 0.5179, 1.8473 0.6804 0.5196, 1.8477 0.676 0.5198, 1.8484 0.6667 0.5187, 1.8347 0.6703 0.5201, 1.848 0.6724 0.5194, 1.848 0.6725 0.5194, 1.8499 0.6468 0.5064, 1.8496 0.6514 0.5112, 1.8378 0.6521 0.5135, 1.8494 0.6539 0.513, 1.8494 0.654 0.5131, 1.8502 0.6411 0.498, 1.8502 0.6413 0.4983, 1.8396 0.6393 0.4988, 1.8501 0.6427 0.5013, 1.85 0.6449 0.5045, 1.8389 0.6448 0.507, 1.8499 0.6466 0.5062, 1.8504 0.6387 0.4929, 1.7288 0.5509 0.5251, 1.725 0.5551 0.5336, 1.7189 0.5595 0.5407, 1.7111 0.5635 0.5458, 1.7019 0.5671 0.5487, 1.6929 0.5243 0.5668, 1.8184 0.635 0.4998, 1.7891 0.625 0.5021, 1.7792 0.6195 0.5034, 1.8118 0.6659 0.5209, 1.7765 0.6543 0.5232, 1.764 0.6476 0.5246, 1.7387 0.6282 0.5293, 1.7589 0.6032 0.5077, 1.75 0.5932 0.5106, 1.7433 0.5839 0.5135, 1.7278 0.6164 0.5325, 1.7195 0.6054 0.5357, 1.7051 0.5769 0.5451, 1.814 0.6565 0.5188, 1.7807 0.6455 0.5212, 1.7691 0.6392 0.5226, 1.7455 0.621 0.5272, 1.7353 0.61 0.5303, 1.7276 0.5996 0.5334, 1.7141 0.5729 0.5424, 1.8159 0.6479 0.5144, 1.7844 0.6374 0.5167, 1.7735 0.6315 0.5181, 1.7513 0.6142 0.5226, 1.7417 0.6037 0.5256, 1.7345 0.5939 0.5287, 1.7218 0.5684 0.5373, 1.8174 0.6405 0.5079, 1.7872 0.6304 0.5102, 1.7769 0.6247 0.5116, 1.7559 0.6081 0.516, 1.7468 0.598 0.5189, 1.7399 0.5885 0.5219, 1.7278 0.5639 0.5303, 2.5592 0.3956 0.5966, 2.5591 0.3954 0.5956, 2.5591 0.3953 0.5951, 2.5595 0.3959 0.6088, 2.5594 0.396 0.6039, 2.5592 0.396 0.5995, 2.5597 0.3952 0.6126, 2.5597 0.3952 0.6126, 2.56 0.3936 0.6168, 2.5602 0.3921 0.6209, 2.5602 0.3919 0.6214, 2.5613 0.3822 0.6336, 2.5611 0.3841 0.632, 2.5608 0.3872 0.6282, 2.5605 0.39 0.6248, 2.5619 0.3754 0.6382, 2.5614 0.3811 0.6345, 2.5614 0.3811 0.6345, 2.0374 0.6439 0.5026, 2.0374 0.6464 0.5064, 1.9587 0.6464 0.5064, 1.8799 0.6539 0.513, 1.8799 0.6464 0.5064, 1.9587 0.6409 0.4982, 2.0374 0.6397 0.4948, 2.0374 0.6409 0.4982, 1.8799 0.6409 0.4982, 1.8799 0.6627 0.5175, 1.8799 0.6724 0.5197, 1.9587 0.6724 0.5197, 1.9587 0.6627 0.5175, 1.9587 0.6539 0.513, 2.0374 0.6496 0.5092, 2.0374 0.6539 0.513, 2.0374 0.6567 0.5144, 2.0374 0.6627 0.5175, 2.0374 0.6724 0.5197, 2.0374 0.6735 0.5196, 2.6884 0.5126 0.5416, 2.6884 0.5126 0.5415, 2.6788 0.4712 0.561, 2.5624 0.3965 0.6066, 2.5661 0.3829 0.6333, 2.5646 0.3897 0.6257, 2.5633 0.3944 0.6166, 2.5618 0.396 0.5964, 2.6883 0.5125 0.5415, 2.6972 0.5194 0.5562, 2.6916 0.5161 0.549, 2.6825 0.4741 0.5701, 2.6885 0.4758 0.5783, 2.6988 0.52 0.5574, 2.6988 0.52 0.5574, 2.7128 0.5238 0.5657, 2.7048 0.5221 0.562, 2.6963 0.4762 0.585, 2.7053 0.4753 0.5898, 2.7166 0.5242 0.5666, 2.7217 0.5247 0.5677, 2.5925 0.3872 0.6313, 2.6306 0.3981 0.6261, 2.6448 0.405 0.6229, 2.6706 0.4235 0.6142, 2.6834 0.4368 0.6079, 2.6915 0.4475 0.6029, 2.6834 0.4503 0.5972, 2.6759 0.4404 0.6019, 2.6639 0.4279 0.6078, 2.6398 0.4106 0.6159, 2.6267 0.4043 0.6189, 2.5905 0.3939 0.6238, 2.6764 0.4515 0.5898, 2.6694 0.4422 0.5942, 2.6581 0.4305 0.5997, 2.6355 0.4143 0.6073, 2.6232 0.4083 0.6101, 2.5888 0.3984 0.6147, 2.6711 0.451 0.581, 2.6644 0.4421 0.5852, 2.6537 0.431 0.5904, 2.6322 0.4156 0.5976, 2.6206 0.41 0.6003, 2.5875 0.4005 0.6047, 2.6677 0.4488 0.5715, 2.6613 0.4402 0.5756, 2.6509 0.4295 0.5806, 2.6302 0.4146 0.5876, 2.619 0.4092 0.5902, 2.5867 0.4 0.5945, 2.0538 0.6431 0.4943, 2.0612 0.6476 0.4936, 2.072 0.6608 0.4915, 2.0762 0.6771 0.487, 2.0749 0.6689 0.4902, 2.0457 0.6403 0.4948, 2.0374 0.6409 0.4982, 2.045 0.6444 0.5026, 2.044 0.6501 0.5093, 2.0374 0.6464 0.5064, 2.0411 0.6651 0.5181, 2.0427 0.6571 0.5146, 2.0374 0.6539 0.513, 2.0393 0.6737 0.5197, 2.0374 0.6724 0.5197, 2.0757 0.6774 0.4888, 2.0734 0.6786 0.4961, 2.0721 0.6709 0.4984, 2.0729 0.6787 0.497, 2.0685 0.6799 0.5044, 2.0675 0.6731 0.5056, 2.062 0.6809 0.5107, 2.0614 0.6755 0.5116, 2.0616 0.681 0.5111, 2.0541 0.6779 0.5161, 2.0526 0.647 0.5022, 2.0594 0.6511 0.5015, 2.0506 0.6523 0.509, 2.0565 0.656 0.5084, 2.048 0.6589 0.5143, 2.0527 0.6618 0.5138, 2.0447 0.6664 0.5179, 2.048 0.6684 0.5176, 2.0412 0.6743 0.5196, 2.0429 0.6753 0.5195, 2.0674 0.6536 0.4926, 2.0651 0.6567 0.5006, 2.0615 0.6608 0.5076, 2.0566 0.6657 0.5132, 2.0508 0.6711 0.5172, 2.0443 0.6767 0.5192, 2.0694 0.6634 0.4996, 2.0652 0.6666 0.5067, 2.0596 0.6703 0.5125, 2.0529 0.6743 0.5166, 2.0453 0.6784 0.519, 2.046 0.6802 0.5187, 2.0533 0.6818 0.516, 2.0462 0.6821 0.5182, 2.044 0.6822 0.5188, 2.7166 0.5242 0.5666, 2.7146 0.5355 0.5617, 2.5592 0.6408 0.4979, 2.5592 0.6409 0.4981, 2.5877 0.6359 0.4996, 2.5596 0.6466 0.5062, 2.5593 0.6427 0.5013, 2.5592 0.6411 0.4984, 2.5599 0.6514 0.5112, 2.5597 0.6485 0.5086, 2.5886 0.6415 0.5077, 2.5596 0.6468 0.5064, 2.5605 0.6594 0.5161, 2.5601 0.6542 0.5129, 2.59 0.6488 0.5142, 2.5601 0.654 0.5128, 2.5615 0.6721 0.5196, 2.5607 0.663 0.5176, 2.5917 0.6575 0.5186, 2.5937 0.6669 0.5207, 2.5615 0.6724 0.5196, 2.5615 0.6725 0.5196, 2.5621 0.6804 0.5196, 2.7052 0.5326 0.5587, 2.6871 0.5203 0.538, 2.6826 0.5425 0.5285, 2.6726 0.5723 0.5173, 2.6672 0.5822 0.514, 2.6505 0.6033 0.5077, 2.6476 0.6061 0.5069, 2.7099 0.558 0.5522, 2.698 0.5916 0.54, 2.6913 0.6033 0.5363, 2.6706 0.6283 0.5293, 2.6671 0.6315 0.5285, 2.6411 0.6501 0.5241, 2.6268 0.6216 0.5029, 2.6175 0.6264 0.5017, 2.6294 0.6559 0.5229, 2.6254 0.647 0.5208, 2.6363 0.6416 0.522, 2.6606 0.6242 0.5263, 2.6638 0.6211 0.5271, 2.6831 0.5977 0.534, 2.6894 0.5867 0.5375, 2.7006 0.5547 0.5493, 2.622 0.6388 0.5164, 2.6321 0.6337 0.5176, 2.6549 0.6172 0.5218, 2.658 0.6143 0.5226, 2.6761 0.592 0.5292, 2.682 0.5816 0.5327, 2.6926 0.5509 0.5441, 2.6971 0.5289 0.5535, 2.6192 0.6318 0.5099, 2.6289 0.6269 0.5111, 2.6505 0.611 0.5152, 2.6534 0.6082 0.516, 2.6707 0.5868 0.5224, 2.6763 0.5767 0.5258, 2.6865 0.5467 0.537, 2.6909 0.5247 0.5464, 2.044 0.7763 0.5113, 2.0533 0.7763 0.5085, 2.0616 0.7763 0.5035, 2.0685 0.7763 0.4966, 2.0734 0.7763 0.4883, 2.0762 0.7763 0.479, 2.5295 0.6539 0.513, 2.5295 0.6724 0.5197, 2.5295 0.6409 0.4982, 2.4508 0.6409 0.4981, 2.372 0.6409 0.4981, 2.372 0.6397 0.4948, 2.5295 0.6627 0.5175, 2.5295 0.6464 0.5064, 2.4508 0.6627 0.5175, 2.4508 0.6539 0.513, 2.4508 0.6465 0.5064, 2.372 0.6735 0.5196, 2.4508 0.6724 0.5197, 2.372 0.6724 0.5197, 2.372 0.6648 0.518, 2.372 0.6627 0.5175, 2.372 0.6539 0.513, 2.372 0.6497 0.5092, 2.372 0.6465 0.5064, 2.372 0.6439 0.5026, 2.0746 0.8718 0.4854, 2.0734 0.8719 0.4883, 2.044 0.8741 0.5111, 2.0394 0.8745 0.5118, 2.0549 0.8733 0.5077, 2.0532 0.8734 0.5083, 2.0475 0.8739 0.5103, 2.0462 0.874 0.5108, 2.0656 0.8725 0.4999, 2.0652 0.8725 0.5002, 2.0614 0.8728 0.5033, 2.0584 0.873 0.5058, 2.0731 0.8719 0.4891, 2.0713 0.872 0.492, 2.0684 0.8723 0.4966, 2.0682 0.8723 0.497, 2.0752 0.8717 0.4826, 2.076 0.8717 0.479, 2.0766 0.8716 0.4764, 2.3683 0.6743 0.5196, 2.3702 0.6737 0.5197, 2.3666 0.6754 0.5194, 2.3652 0.6768 0.5192, 2.3562 0.6818 0.516, 2.3549 0.6817 0.5153, 2.3553 0.6779 0.516, 2.3374 0.6709 0.4984, 2.3346 0.669 0.4902, 2.3374 0.6609 0.4915, 2.372 0.6409 0.4981, 2.3644 0.6445 0.5026, 2.372 0.6465 0.5064, 2.3654 0.6502 0.5093, 2.372 0.6627 0.5175, 2.3684 0.6652 0.5181, 2.3638 0.6404 0.4948, 2.3632 0.6387 0.4889, 2.3482 0.6476 0.4936, 2.3549 0.6416 0.4883, 2.3336 0.6679 0.4823, 2.3365 0.6597 0.4842, 2.3411 0.6523 0.4858, 2.341 0.68 0.5044, 2.336 0.6786 0.4961, 2.3338 0.6774 0.4888, 2.3332 0.6772 0.487, 2.3412 0.68 0.5045, 2.3419 0.6732 0.5056, 2.34 0.6635 0.4996, 2.3421 0.6537 0.4926, 2.3474 0.6462 0.4872, 2.3478 0.681 0.5111, 2.348 0.6755 0.5116, 2.3442 0.6667 0.5067, 2.3443 0.6568 0.5006, 2.3667 0.6572 0.5146, 2.3615 0.659 0.5143, 2.3498 0.6704 0.5125, 2.348 0.6609 0.5076, 2.35 0.6512 0.5015, 2.3556 0.6431 0.4943, 2.3614 0.6684 0.5176, 2.3647 0.6664 0.5179, 2.3568 0.647 0.5022, 2.3529 0.656 0.5084, 2.3528 0.6657 0.5132, 2.3566 0.6743 0.5166, 2.3635 0.6803 0.5187, 2.3655 0.6823 0.5188, 2.3633 0.6822 0.5181, 2.3588 0.6524 0.509, 2.3568 0.6619 0.5138, 2.3587 0.6711 0.5171, 2.3641 0.6784 0.519, 2.0726 0.9116 0.5003, 2.37 0.8745 0.5118, 2.3655 0.8741 0.5111, 2.3557 0.9085 0.5105, 2.3633 0.874 0.5108, 2.3545 0.8733 0.5077, 2.3562 0.8734 0.5083, 2.3619 0.8739 0.5103, 2.3413 0.8723 0.497, 2.3438 0.8725 0.4999, 2.3385 0.9046 0.5003, 2.3442 0.8725 0.5002, 2.348 0.8728 0.5033, 2.3364 0.8719 0.4891, 2.3382 0.872 0.492, 2.3324 0.9032 0.4921, 2.341 0.8723 0.4966, 2.3335 0.8717 0.479, 2.3343 0.8717 0.4826, 2.3286 0.9024 0.4826, 2.3349 0.8718 0.4854, 2.3361 0.8719 0.4883, 2.3329 0.8716 0.4764, 2.0825 0.909 0.4826, 2.0787 0.91 0.4921, 2.0648 0.9137 0.5065, 2.0556 0.9161 0.5105, 2.3521 0.9225 0.5105, 2.3385 0.9544 0.5105, 2.3274 0.9704 0.5105, 2.3028 0.9946 0.5105, 2.2902 1.0035 0.5105, 2.2565 1.0199 0.5105, 2.2412 1.0244 0.5105, 2.2047 1.0287 0.5105, 2.1928 1.0283 0.5105, 2.1567 1.0211 0.5105, 2.1446 1.0167 0.5105, 2.1118 0.9985 0.5105, 2.0993 0.9884 0.5105, 2.0761 0.9624 0.5105, 2.0678 0.9486 0.5105, 2.0762 0.9442 0.5065, 2.0839 0.957 0.5065, 2.1056 0.9813 0.5065, 2.1174 0.9908 0.5065, 2.1482 1.0079 0.5065, 2.1596 1.0121 0.5065, 2.1936 1.0188 0.5065, 2.2047 1.0192 0.5065, 2.239 1.0152 0.5065, 2.2533 1.0109 0.5065, 2.285 0.9955 0.5065, 2.2969 0.9871 0.5065, 2.32 0.9644 0.5065, 2.3303 0.9495 0.5065, 2.343 0.9198 0.5065, 2.3465 0.9064 0.5065, 2.3511 0.873 0.5058, 2.0834 0.9404 0.5003, 2.0906 0.9523 0.5003, 2.111 0.9752 0.5003, 2.1222 0.9842 0.5003, 2.1513 1.0004 0.5003, 2.1621 1.0043 0.5003, 2.1942 1.0107 0.5003, 2.2047 1.0111 0.5003, 2.2371 1.0072 0.5003, 2.2506 1.0032 0.5003, 2.2807 0.9887 0.5003, 2.2919 0.9807 0.5003, 2.3136 0.9593 0.5003, 2.3233 0.9454 0.5003, 2.3352 0.9175 0.5003, 2.089 0.9375 0.4921, 2.0958 0.9488 0.4921, 2.1151 0.9705 0.4921, 2.1258 0.9791 0.4921, 2.1537 0.9946 0.4921, 2.164 0.9984 0.4921, 2.1947 1.0044 0.4921, 2.2047 1.0048 0.4921, 2.2356 1.0011 0.4921, 2.2486 0.9973 0.4921, 2.2773 0.9834 0.4921, 2.288 0.9758 0.4921, 2.3087 0.9554 0.4921, 2.3179 0.9422 0.4921, 2.3292 0.9157 0.4921, 2.0925 0.9357 0.4826, 2.099 0.9465 0.4826, 2.1178 0.9676 0.4826, 2.1281 0.9759 0.4826, 2.1552 0.991 0.4826, 2.1652 0.9946 0.4826, 2.195 1.0005 0.4826, 2.2047 1.0009 0.4826, 2.2347 0.9973 0.4826, 2.2473 0.9936 0.4826, 2.2752 0.9801 0.4826, 2.2856 0.9727 0.4826, 2.3057 0.9529 0.4826, 2.3145 0.9402 0.4826, 2.3254 0.9146 0.4826, 2.3332 0.7763 0.479, 2.336 0.7763 0.4883, 2.3478 0.7763 0.5035, 2.341 0.7763 0.4966, 2.3562 0.7763 0.5085, 2.3655 0.7763 0.5113
            ]
        }
        coordIndex [
            0,1,2,-1,3,4,5,-1,6,7,8,-1,9,10,11,-1,12,13,14,-1,15,16,17,-1,18,19,20,-1,21,22,23,-1,24,25,26,-1,27,28,20,-1,20,28,29,-1,20,29,30,-1,21,23,26,-1,26,23,31,-1,26,31,24,-1,30,32,20,-1,20,32,33,-1,20,33,18,-1,34,35,26,-1,35,36,26,-1,26,36,37,-1,26,37,20,-1,20,37,38,-1,20,38,27,-1,25,39,26,-1,26,39,40,-1,26,40,34,-1,34,40,41,-1,34,41,42,-1,43,44,45,-1,45,44,46,-1,45,46,47,-1,43,48,44,-1,44,48,49,-1,44,49,21,-1,21,49,50,-1,21,50,22,-1,51,52,53,-1,54,55,56,-1,51,53,57,-1,58,59,60,-1,52,61,53,-1,53,61,62,-1,53,62,63,-1,64,65,66,-1,66,65,67,-1,68,69,70,-1,70,69,71,-1,70,71,53,-1,53,71,72,-1,53,72,57,-1,56,55,46,-1,46,55,73,-1,46,73,47,-1,64,74,65,-1,65,74,75,-1,65,75,76,-1,76,77,65,-1,65,77,78,-1,65,78,79,-1,79,78,68,-1,79,68,80,-1,80,68,70,-1,81,82,83,-1,84,85,56,-1,56,85,86,-1,56,86,87,-1,53,88,89,-1,87,90,56,-1,56,90,91,-1,56,91,54,-1,58,60,83,-1,83,60,92,-1,83,92,81,-1,63,93,53,-1,53,93,94,-1,53,94,95,-1,95,96,53,-1,53,96,97,-1,53,97,88,-1,65,98,67,-1,67,98,83,-1,67,83,99,-1,99,83,82,-1,98,100,83,-1,83,100,101,-1,83,101,102,-1,102,101,103,-1,102,103,104,-1,104,103,105,-1,104,105,56,-1,56,105,106,-1,56,106,84,-1,89,107,53,-1,53,107,108,-1,53,108,109,-1,109,108,110,-1,111,112,113,-1,110,114,109,-1,109,114,115,-1,109,115,116,-1,112,117,113,-1,113,117,116,-1,113,116,118,-1,118,116,115,-1,119,120,121,-1,121,120,111,-1,121,111,122,-1,122,111,113,-1,117,123,116,-1,116,123,124,-1,116,124,17,-1,17,124,125,-1,17,125,15,-1,126,127,119,-1,119,127,128,-1,119,128,120,-1,126,129,127,-1,127,129,130,-1,127,130,131,-1,132,133,134,-1,134,113,132,-1,132,113,118,-1,132,118,135,-1,135,118,136,-1,136,137,135,-1,135,137,138,-1,135,138,139,-1,140,141,142,-1,141,143,142,-1,142,143,144,-1,142,144,145,-1,146,142,147,-1,133,132,146,-1,146,132,148,-1,146,148,142,-1,142,148,149,-1,142,149,140,-1,147,150,146,-1,146,150,151,-1,146,151,152,-1,145,144,153,-1,153,144,154,-1,153,154,155,-1,155,154,156,-1,155,156,157,-1,158,159,152,-1,152,159,160,-1,152,160,146,-1,161,162,163,-1,163,162,164,-1,163,164,58,-1,58,164,165,-1,58,165,59,-1,166,167,161,-1,168,169,170,-1,170,169,171,-1,172,173,174,-1,12,175,176,-1,176,175,172,-1,176,172,177,-1,174,178,172,-1,172,178,179,-1,172,179,177,-1,168,180,169,-1,169,180,181,-1,169,181,172,-1,172,181,182,-1,172,182,173,-1,14,13,183,-1,171,169,184,-1,184,169,185,-1,184,185,186,-1,13,187,183,-1,183,187,188,-1,183,188,185,-1,185,188,189,-1,185,189,186,-1,190,191,192,-1,192,191,193,-1,194,195,193,-1,193,195,196,-1,193,196,192,-1,192,196,197,-1,198,199,192,-1,190,192,200,-1,200,192,199,-1,200,199,201,-1,202,203,204,-1,204,203,205,-1,206,207,208,-1,208,207,9,-1,208,9,209,-1,209,9,11,-1,11,210,209,-1,209,210,211,-1,209,211,212,-1,202,213,203,-1,203,213,212,-1,203,212,214,-1,214,212,211,-1,215,216,217,-1,217,216,218,-1,219,220,221,-1,215,217,222,-1,222,217,223,-1,222,223,224,-1,225,226,227,-1,227,226,228,-1,227,228,229,-1,221,230,219,-1,219,230,231,-1,219,231,8,-1,8,231,232,-1,233,234,235,-1,227,224,225,-1,225,224,223,-1,225,223,236,-1,236,223,237,-1,236,237,238,-1,238,237,239,-1,238,239,232,-1,232,239,235,-1,232,235,8,-1,8,235,234,-1,8,234,240,-1,6,8,241,-1,242,243,240,-1,240,244,245,-1,246,247,248,-1,246,248,249,-1,242,240,250,-1,245,251,240,-1,240,251,252,-1,240,252,8,-1,8,252,253,-1,8,253,241,-1,247,254,248,-1,248,254,255,-1,248,255,235,-1,235,255,256,-1,235,256,233,-1,243,257,240,-1,240,257,258,-1,240,258,244,-1,259,260,261,-1,261,260,262,-1,261,262,263,-1,264,265,266,-1,266,265,267,-1,267,268,266,-1,266,268,269,-1,266,269,240,-1,240,269,270,-1,240,270,250,-1,264,266,261,-1,261,266,271,-1,261,271,259,-1,272,273,248,-1,248,273,274,-1,248,274,249,-1,5,4,275,-1,275,4,276,-1,275,276,277,-1,278,279,5,-1,279,280,5,-1,5,280,281,-1,5,281,3,-1,282,283,284,-1,283,282,285,-1,285,282,286,-1,285,286,7,-1,287,288,289,-1,290,291,292,-1,293,294,295,-1,296,297,298,-1,298,297,299,-1,287,289,300,-1,295,294,301,-1,301,294,302,-1,301,302,303,-1,292,297,290,-1,290,297,296,-1,290,296,304,-1,304,296,305,-1,304,305,306,-1,306,307,304,-1,304,307,308,-1,304,308,309,-1,310,311,312,-1,313,314,312,-1,315,310,316,-1,316,310,312,-1,316,312,317,-1,317,312,318,-1,317,318,289,-1,289,318,293,-1,289,293,300,-1,300,293,295,-1,313,312,319,-1,320,321,322,-1,322,321,323,-1,322,323,324,-1,325,326,327,-1,319,312,328,-1,328,312,311,-1,328,311,329,-1,329,311,330,-1,329,330,331,-1,332,333,334,-1,334,333,335,-1,334,335,330,-1,330,335,336,-1,330,336,331,-1,337,338,208,-1,208,338,339,-1,340,341,342,-1,342,341,325,-1,342,325,343,-1,343,325,327,-1,340,344,341,-1,341,344,345,-1,341,345,204,-1,320,322,334,-1,334,322,346,-1,334,346,332,-1,339,347,208,-1,208,347,348,-1,208,348,349,-1,205,206,204,-1,204,206,208,-1,204,208,350,-1,350,208,349,-1,350,351,204,-1,204,351,352,-1,204,352,353,-1,353,354,204,-1,204,354,355,-1,204,355,356,-1,324,341,322,-1,322,341,204,-1,322,204,357,-1,357,204,356,-1,309,303,304,-1,304,303,302,-1,304,302,358,-1,358,302,359,-1,358,359,360,-1,360,359,361,-1,360,361,185,-1,299,297,172,-1,172,297,362,-1,172,362,169,-1,169,362,363,-1,169,363,185,-1,185,363,364,-1,185,364,360,-1,365,366,367,-1,0,2,368,-1,369,370,371,-1,371,370,372,-1,371,372,373,-1,373,372,374,-1,373,374,375,-1,375,374,368,-1,376,377,378,-1,379,380,381,-1,381,380,382,-1,381,382,383,-1,383,382,378,-1,383,378,384,-1,384,378,377,-1,385,386,387,-1,387,386,388,-1,369,371,385,-1,385,371,389,-1,385,389,386,-1,390,391,392,-1,392,391,393,-1,392,393,394,-1,388,395,387,-1,387,395,396,-1,387,396,378,-1,378,396,26,-1,378,26,376,-1,396,397,26,-1,26,397,398,-1,26,398,399,-1,399,400,26,-1,26,400,401,-1,26,401,402,-1,21,403,404,-1,402,405,26,-1,26,405,406,-1,26,406,21,-1,21,406,407,-1,21,407,403,-1,408,275,409,-1,409,275,277,-1,409,277,248,-1,248,277,410,-1,248,410,272,-1,408,411,275,-1,275,411,412,-1,275,412,166,-1,166,412,413,-1,414,408,415,-1,415,408,409,-1,415,409,413,-1,413,409,20,-1,413,20,166,-1,166,20,19,-1,166,19,167,-1,220,416,417,-1,416,220,418,-1,418,220,419,-1,418,419,420,-1,421,422,417,-1,417,422,237,-1,417,237,220,-1,220,237,223,-1,220,223,221,-1,423,424,213,-1,423,213,425,-1,212,426,427,-1,421,428,422,-1,422,428,429,-1,422,429,213,-1,213,429,430,-1,213,430,425,-1,424,431,213,-1,213,431,432,-1,213,432,212,-1,212,432,433,-1,212,433,426,-1,427,434,212,-1,212,434,435,-1,212,435,419,-1,419,435,436,-1,419,436,420,-1,437,14,438,-1,438,14,439,-1,438,439,440,-1,441,442,443,-1,444,445,446,-1,447,448,442,-1,442,448,449,-1,442,449,443,-1,450,451,452,-1,452,451,453,-1,452,453,444,-1,444,453,454,-1,444,454,445,-1,455,456,457,-1,457,456,444,-1,457,444,458,-1,458,444,446,-1,459,460,461,-1,443,451,441,-1,441,451,450,-1,441,450,462,-1,462,450,463,-1,450,461,463,-1,463,461,460,-1,463,460,464,-1,455,465,456,-1,456,465,466,-1,456,466,467,-1,467,466,468,-1,460,469,464,-1,464,469,470,-1,464,470,471,-1,471,472,464,-1,464,472,473,-1,464,473,474,-1,475,476,477,-1,478,479,480,-1,480,479,481,-1,461,482,477,-1,476,483,477,-1,477,483,484,-1,477,484,461,-1,461,484,467,-1,461,467,459,-1,459,467,468,-1,478,485,479,-1,479,485,486,-1,479,486,461,-1,461,486,487,-1,461,487,482,-1,484,488,467,-1,467,488,489,-1,467,489,490,-1,490,489,491,-1,491,492,490,-1,490,492,493,-1,490,493,494,-1,494,495,490,-1,490,495,496,-1,490,496,497,-1,498,499,500,-1,500,499,501,-1,500,501,502,-1,500,503,498,-1,498,503,504,-1,498,504,505,-1,505,506,498,-1,498,506,507,-1,498,507,508,-1,508,507,509,-1,508,509,510,-1,510,509,511,-1,510,511,477,-1,477,511,512,-1,477,512,475,-1,513,514,502,-1,502,514,515,-1,502,515,500,-1,516,517,518,-1,519,520,521,-1,522,523,524,-1,519,521,497,-1,497,521,525,-1,497,525,490,-1,522,524,520,-1,520,524,526,-1,520,526,527,-1,517,528,518,-1,518,528,529,-1,518,529,530,-1,530,529,531,-1,532,533,531,-1,531,533,534,-1,531,534,530,-1,535,521,536,-1,536,521,520,-1,536,520,537,-1,537,520,527,-1,481,479,538,-1,538,479,539,-1,538,539,540,-1,541,542,531,-1,531,542,543,-1,531,543,544,-1,545,521,546,-1,546,521,547,-1,545,548,521,-1,521,548,549,-1,521,549,550,-1,551,539,518,-1,518,539,552,-1,518,552,516,-1,540,553,554,-1,554,553,555,-1,554,555,556,-1,544,557,531,-1,531,557,558,-1,531,558,532,-1,535,559,560,-1,561,562,521,-1,521,562,563,-1,521,563,547,-1,527,564,537,-1,537,564,565,-1,537,565,556,-1,556,565,566,-1,556,566,554,-1,560,567,535,-1,535,567,568,-1,535,568,521,-1,521,568,569,-1,521,569,561,-1,551,570,539,-1,539,570,571,-1,539,571,572,-1,572,573,539,-1,539,573,574,-1,539,574,540,-1,540,574,575,-1,540,575,553,-1,198,576,577,-1,577,576,163,-1,577,163,578,-1,578,163,58,-1,578,58,579,-1,579,58,83,-1,579,83,197,-1,197,83,580,-1,197,580,192,-1,192,580,521,-1,192,521,539,-1,539,521,550,-1,539,550,552,-1,581,582,583,-1,583,582,584,-1,583,584,585,-1,586,587,582,-1,582,587,588,-1,582,588,589,-1,581,590,582,-1,582,590,591,-1,582,591,592,-1,592,593,582,-1,582,593,594,-1,582,594,586,-1,404,365,21,-1,21,365,367,-1,21,367,44,-1,44,367,595,-1,44,595,46,-1,46,595,596,-1,46,596,56,-1,56,596,589,-1,56,589,597,-1,597,589,588,-1,598,585,599,-1,599,585,584,-1,599,584,600,-1,600,584,601,-1,600,601,2,-1,2,601,392,-1,2,392,368,-1,368,392,394,-1,368,394,375,-1,602,603,523,-1,523,603,604,-1,523,604,524,-1,602,605,603,-1,603,605,606,-1,603,606,607,-1,607,606,608,-1,607,609,610,-1,608,611,607,-1,607,611,612,-1,607,612,613,-1,613,614,607,-1,607,614,615,-1,607,615,609,-1,610,616,607,-1,607,616,617,-1,607,617,618,-1,474,619,464,-1,464,619,620,-1,464,620,621,-1,439,622,440,-1,440,622,623,-1,440,623,624,-1,625,626,627,-1,628,625,629,-1,629,625,627,-1,629,627,14,-1,14,627,630,-1,14,630,439,-1,12,14,175,-1,175,14,437,-1,175,437,631,-1,631,437,632,-1,631,632,444,-1,444,632,633,-1,444,633,452,-1,452,633,634,-1,452,634,635,-1,7,286,8,-1,8,286,636,-1,8,636,219,-1,219,636,637,-1,219,637,220,-1,220,637,638,-1,220,638,419,-1,419,638,639,-1,419,639,212,-1,212,639,183,-1,212,183,209,-1,209,183,185,-1,209,185,208,-1,208,185,361,-1,208,361,337,-1,161,163,166,-1,166,163,576,-1,166,576,275,-1,275,576,282,-1,275,282,5,-1,5,282,284,-1,5,284,278,-1,198,192,576,-1,576,192,539,-1,576,539,282,-1,282,539,479,-1,282,479,286,-1,286,479,461,-1,286,461,636,-1,636,461,450,-1,636,450,637,-1,637,450,452,-1,637,452,638,-1,638,452,635,-1,638,635,639,-1,639,635,640,-1,639,640,183,-1,183,640,641,-1,183,641,14,-1,14,641,642,-1,14,642,629,-1,629,642,643,-1,629,643,628,-1,644,645,646,-1,647,648,649,-1,649,650,647,-1,647,650,651,-1,647,651,652,-1,652,653,647,-1,647,653,654,-1,647,654,646,-1,646,654,655,-1,646,655,644,-1,656,657,648,-1,656,648,658,-1,658,648,659,-1,659,648,660,-1,659,660,661,-1,657,662,648,-1,648,662,663,-1,648,663,649,-1,664,665,666,-1,666,665,390,-1,666,390,667,-1,667,390,582,-1,668,589,366,-1,669,670,366,-1,366,670,671,-1,366,671,668,-1,672,673,674,-1,674,673,675,-1,676,677,678,-1,678,677,679,-1,680,587,586,-1,680,586,681,-1,681,586,594,-1,681,594,682,-1,682,594,593,-1,682,593,683,-1,683,593,592,-1,683,592,684,-1,684,592,591,-1,684,591,685,-1,685,591,590,-1,685,590,686,-1,687,686,581,-1,581,686,590,-1,688,689,690,-1,690,689,691,-1,690,691,692,-1,692,691,693,-1,692,693,694,-1,694,693,695,-1,694,695,696,-1,696,695,697,-1,696,697,698,-1,698,697,699,-1,698,699,700,-1,700,699,701,-1,700,701,702,-1,703,704,705,-1,705,704,677,-1,705,677,690,-1,690,677,676,-1,676,673,690,-1,690,673,672,-1,690,672,688,-1,705,706,703,-1,703,706,707,-1,703,707,708,-1,708,709,703,-1,703,709,710,-1,703,710,711,-1,712,713,714,-1,672,715,688,-1,688,715,712,-1,688,712,716,-1,716,712,714,-1,717,706,718,-1,718,706,705,-1,718,705,719,-1,719,705,720,-1,719,720,721,-1,721,720,722,-1,721,722,723,-1,723,722,724,-1,723,724,725,-1,725,724,726,-1,725,726,727,-1,727,726,728,-1,727,728,729,-1,729,728,1,-1,729,1,730,-1,730,1,0,-1,730,0,731,-1,731,0,368,-1,731,368,732,-1,732,368,374,-1,732,374,733,-1,733,374,372,-1,733,372,734,-1,734,372,370,-1,734,370,735,-1,735,370,369,-1,735,369,736,-1,736,369,385,-1,736,385,737,-1,737,385,387,-1,737,387,738,-1,738,387,378,-1,738,378,739,-1,739,378,382,-1,739,382,740,-1,740,382,380,-1,740,380,741,-1,741,380,742,-1,741,742,743,-1,743,742,744,-1,743,744,745,-1,745,744,746,-1,745,746,747,-1,747,746,748,-1,747,748,749,-1,749,748,750,-1,749,750,751,-1,751,750,752,-1,751,752,753,-1,753,752,754,-1,755,756,754,-1,752,757,754,-1,754,757,758,-1,754,758,755,-1,755,758,759,-1,755,759,760,-1,756,761,754,-1,754,761,762,-1,754,762,763,-1,763,762,764,-1,763,764,765,-1,760,766,755,-1,755,766,767,-1,755,767,768,-1,769,758,770,-1,770,758,757,-1,770,757,771,-1,771,757,772,-1,771,772,773,-1,773,772,774,-1,773,774,775,-1,775,774,776,-1,775,776,777,-1,777,776,778,-1,777,778,779,-1,779,778,780,-1,779,780,781,-1,781,780,379,-1,781,379,782,-1,782,379,381,-1,376,345,783,-1,783,345,784,-1,669,366,785,-1,785,366,365,-1,785,365,786,-1,786,365,404,-1,786,404,787,-1,787,404,403,-1,787,403,788,-1,788,403,407,-1,788,407,789,-1,789,407,406,-1,789,406,790,-1,790,406,405,-1,790,405,791,-1,791,405,402,-1,791,402,792,-1,792,402,401,-1,792,401,793,-1,793,401,400,-1,793,400,794,-1,794,400,399,-1,794,399,795,-1,795,399,398,-1,795,398,796,-1,796,398,397,-1,796,397,797,-1,797,397,396,-1,797,396,798,-1,798,396,395,-1,798,395,799,-1,799,395,388,-1,799,388,800,-1,800,388,386,-1,800,386,801,-1,801,386,389,-1,801,389,802,-1,802,389,371,-1,802,371,803,-1,803,371,373,-1,803,373,804,-1,804,373,375,-1,804,375,805,-1,805,375,394,-1,805,394,806,-1,806,394,393,-1,806,393,807,-1,807,393,391,-1,807,391,665,-1,665,391,390,-1,808,305,809,-1,809,305,296,-1,809,296,810,-1,810,296,298,-1,810,298,811,-1,811,298,299,-1,811,299,812,-1,812,299,525,-1,812,525,813,-1,813,525,102,-1,813,102,814,-1,814,102,104,-1,814,104,815,-1,815,104,597,-1,815,597,816,-1,816,597,588,-1,816,588,680,-1,680,588,587,-1,817,806,807,-1,818,814,815,-1,818,815,819,-1,670,812,818,-1,818,812,813,-1,818,813,814,-1,819,687,664,-1,664,687,820,-1,664,820,665,-1,665,820,807,-1,807,820,821,-1,807,821,817,-1,822,823,787,-1,787,823,824,-1,787,824,786,-1,786,824,825,-1,786,825,785,-1,826,827,828,-1,828,827,829,-1,828,809,825,-1,825,809,810,-1,810,811,825,-1,825,811,812,-1,825,812,785,-1,785,812,670,-1,785,670,669,-1,730,803,729,-1,729,803,804,-1,729,804,817,-1,817,804,805,-1,817,805,806,-1,730,731,803,-1,803,731,732,-1,803,732,802,-1,815,816,819,-1,819,816,680,-1,819,680,681,-1,788,830,787,-1,787,830,831,-1,787,831,822,-1,828,832,833,-1,798,799,735,-1,681,682,819,-1,819,682,683,-1,819,683,684,-1,684,685,819,-1,819,685,686,-1,819,686,687,-1,789,834,788,-1,788,834,835,-1,788,835,830,-1,829,836,828,-1,828,836,837,-1,828,837,832,-1,833,838,828,-1,828,838,808,-1,828,808,809,-1,732,733,802,-1,802,733,734,-1,802,734,801,-1,801,734,735,-1,801,735,800,-1,800,735,799,-1,798,735,797,-1,797,735,736,-1,797,736,737,-1,739,740,781,-1,839,840,841,-1,841,840,842,-1,841,842,843,-1,781,782,739,-1,739,782,844,-1,739,844,738,-1,738,844,845,-1,738,845,783,-1,846,847,842,-1,842,847,848,-1,842,848,843,-1,849,850,851,-1,851,850,828,-1,826,828,852,-1,852,828,853,-1,852,853,854,-1,854,853,855,-1,854,855,856,-1,857,858,859,-1,859,858,860,-1,859,860,841,-1,841,860,861,-1,841,861,839,-1,850,862,828,-1,828,862,863,-1,828,863,853,-1,853,863,864,-1,853,864,865,-1,865,864,866,-1,865,866,867,-1,867,866,846,-1,867,846,868,-1,868,846,842,-1,848,869,843,-1,843,869,870,-1,843,870,784,-1,784,870,871,-1,784,871,872,-1,873,874,793,-1,795,783,794,-1,794,783,784,-1,794,784,793,-1,737,738,797,-1,797,738,783,-1,797,783,796,-1,796,783,795,-1,873,793,875,-1,789,790,834,-1,834,790,791,-1,834,791,874,-1,874,791,792,-1,874,792,793,-1,872,876,784,-1,784,876,877,-1,784,877,793,-1,793,877,878,-1,793,878,875,-1,770,751,769,-1,769,751,753,-1,879,880,881,-1,881,880,882,-1,881,882,883,-1,879,884,880,-1,880,884,769,-1,880,769,885,-1,885,769,753,-1,885,753,886,-1,886,887,885,-1,885,887,888,-1,885,888,889,-1,889,888,890,-1,880,885,755,-1,755,885,756,-1,891,674,689,-1,689,674,675,-1,689,675,691,-1,691,675,678,-1,691,678,718,-1,689,892,893,-1,678,679,718,-1,718,679,894,-1,718,894,895,-1,893,896,689,-1,689,896,897,-1,689,897,891,-1,898,899,895,-1,895,899,717,-1,895,717,718,-1,898,900,899,-1,899,900,901,-1,899,901,902,-1,895,894,703,-1,703,894,704,-1,903,904,905,-1,905,904,906,-1,905,906,907,-1,907,906,908,-1,907,908,909,-1,909,908,910,-1,909,910,911,-1,911,910,912,-1,911,912,913,-1,913,912,914,-1,913,914,915,-1,915,914,916,-1,915,916,677,-1,677,916,679,-1,704,894,917,-1,917,894,918,-1,917,918,919,-1,919,918,920,-1,919,920,921,-1,921,920,922,-1,921,922,923,-1,923,922,924,-1,923,924,925,-1,925,924,926,-1,925,926,927,-1,927,926,928,-1,927,928,929,-1,929,928,930,-1,931,932,904,-1,904,932,906,-1,906,932,928,-1,928,932,933,-1,928,933,930,-1,930,933,934,-1,930,934,935,-1,904,936,937,-1,938,939,935,-1,935,939,940,-1,935,940,930,-1,937,941,904,-1,904,941,942,-1,904,942,931,-1,933,932,943,-1,943,932,944,-1,945,943,929,-1,929,943,927,-1,946,947,948,-1,927,943,905,-1,905,943,944,-1,905,944,903,-1,945,929,948,-1,948,929,949,-1,948,949,946,-1,950,951,952,-1,944,953,903,-1,903,953,950,-1,903,950,954,-1,954,950,952,-1,955,956,957,-1,957,956,958,-1,957,958,959,-1,959,958,960,-1,959,960,961,-1,961,960,962,-1,961,962,963,-1,963,962,964,-1,963,964,965,-1,965,964,966,-1,965,966,967,-1,967,966,968,-1,967,968,673,-1,673,968,675,-1,676,678,969,-1,969,678,970,-1,969,970,971,-1,971,970,972,-1,971,972,973,-1,973,972,974,-1,973,974,975,-1,975,974,976,-1,975,976,977,-1,977,976,978,-1,977,978,979,-1,979,978,980,-1,979,980,981,-1,981,980,982,-1,982,980,983,-1,984,985,956,-1,983,980,985,-1,985,980,958,-1,985,958,956,-1,986,987,988,-1,989,990,991,-1,983,992,982,-1,982,992,989,-1,982,989,993,-1,993,989,991,-1,984,956,988,-1,988,956,994,-1,988,994,986,-1,995,996,985,-1,985,996,983,-1,997,996,981,-1,981,996,979,-1,981,998,999,-1,999,1000,981,-1,981,1000,1001,-1,981,1001,997,-1,979,996,957,-1,957,996,995,-1,957,995,955,-1,955,995,1002,-1,955,1002,1003,-1,1004,1005,1003,-1,1003,1005,1006,-1,1003,1006,955,-1,1007,819,664,-1,1008,1009,1010,-1,1010,1009,1011,-1,1010,1011,1012,-1,1012,1011,1013,-1,1012,1013,1014,-1,1014,1013,1015,-1,1014,1015,664,-1,664,1015,1016,-1,664,1016,1007,-1,1017,1018,1019,-1,1019,1018,1020,-1,1019,1020,1021,-1,1021,1020,1022,-1,1021,1022,1023,-1,1023,1022,1024,-1,1023,1024,1025,-1,1025,1024,670,-1,1025,670,1026,-1,1026,670,818,-1,1027,1018,1028,-1,1029,1030,1031,-1,1027,1032,1018,-1,1018,1032,1033,-1,1018,1033,1034,-1,1028,1035,1027,-1,1027,1035,1029,-1,1027,1029,1036,-1,1036,1029,1031,-1,1010,1020,1008,-1,1008,1020,1018,-1,1008,1018,1037,-1,1037,1018,1034,-1,1019,1011,1009,-1,1038,1039,1017,-1,1017,1039,1040,-1,1017,1040,1041,-1,1019,1009,1017,-1,1017,1009,1042,-1,1017,1042,1038,-1,1043,1044,1041,-1,1041,1044,1045,-1,1041,1045,1046,-1,1046,1047,1041,-1,1041,1047,1048,-1,1041,1048,1017,-1,1011,1019,1021,-1,1011,1021,1013,-1,1013,1021,1023,-1,1013,1023,1015,-1,1016,1015,1025,-1,1025,1015,1023,-1,1016,1025,1007,-1,1007,1025,1026,-1,1007,1026,819,-1,819,1026,818,-1,582,589,668,-1,582,668,667,-1,667,668,671,-1,667,671,666,-1,666,671,664,-1,664,671,670,-1,664,670,1014,-1,1014,670,1024,-1,1014,1024,1012,-1,1012,1024,1022,-1,1012,1022,1010,-1,1010,1022,1020,-1,1018,1017,1048,-1,1018,1048,1028,-1,1028,1048,1047,-1,1028,1047,1035,-1,1035,1047,1046,-1,1035,1046,1029,-1,1029,1046,1045,-1,1029,1045,1030,-1,1030,1045,1044,-1,1030,1044,1031,-1,1031,1044,1043,-1,1031,1043,1036,-1,1009,1008,1037,-1,1009,1037,1042,-1,1042,1037,1034,-1,1042,1034,1038,-1,1038,1034,1033,-1,1038,1033,1039,-1,1039,1033,1032,-1,1039,1032,1040,-1,1040,1032,1027,-1,1040,1027,1041,-1,1041,1027,1036,-1,1041,1036,1043,-1,700,702,1,-1,1,702,1049,-1,1,1049,598,-1,1,728,700,-1,700,728,726,-1,700,726,698,-1,698,726,724,-1,698,724,696,-1,696,724,722,-1,696,722,694,-1,694,722,720,-1,694,720,692,-1,692,720,705,-1,692,705,690,-1,757,752,750,-1,757,750,772,-1,772,750,748,-1,772,748,774,-1,774,748,746,-1,774,746,776,-1,776,746,744,-1,776,744,778,-1,778,744,742,-1,778,742,780,-1,780,742,380,-1,780,380,379,-1,725,727,1050,-1,729,817,727,-1,727,817,1051,-1,727,1051,1050,-1,691,718,693,-1,693,718,719,-1,693,719,695,-1,695,719,721,-1,695,721,697,-1,697,721,723,-1,697,723,699,-1,699,723,725,-1,699,725,701,-1,701,725,1050,-1,751,770,749,-1,749,770,771,-1,749,771,747,-1,747,771,773,-1,747,773,745,-1,745,773,775,-1,745,775,743,-1,743,775,777,-1,743,777,741,-1,741,777,779,-1,741,779,740,-1,740,779,781,-1,927,905,925,-1,925,905,907,-1,925,907,923,-1,923,907,909,-1,923,909,921,-1,921,909,911,-1,921,911,919,-1,919,911,913,-1,919,913,917,-1,917,913,915,-1,917,915,704,-1,704,915,677,-1,979,957,977,-1,977,957,959,-1,977,959,975,-1,975,959,961,-1,975,961,973,-1,973,961,963,-1,973,963,971,-1,971,963,965,-1,971,965,969,-1,969,965,967,-1,969,967,676,-1,676,967,673,-1,958,980,978,-1,958,978,960,-1,960,978,976,-1,960,976,962,-1,962,976,974,-1,962,974,964,-1,964,974,972,-1,964,972,966,-1,966,972,970,-1,966,970,968,-1,968,970,678,-1,968,678,675,-1,906,928,926,-1,906,926,908,-1,908,926,924,-1,908,924,910,-1,910,924,922,-1,910,922,912,-1,912,922,920,-1,912,920,914,-1,914,920,918,-1,914,918,916,-1,916,918,894,-1,916,894,679,-1,758,769,884,-1,758,884,759,-1,759,884,879,-1,759,879,760,-1,760,879,881,-1,760,881,766,-1,766,881,883,-1,766,883,767,-1,767,883,882,-1,767,882,768,-1,768,882,880,-1,768,880,755,-1,753,754,763,-1,753,763,886,-1,886,763,765,-1,886,765,887,-1,887,765,764,-1,887,764,888,-1,888,764,762,-1,888,762,890,-1,890,762,761,-1,890,761,889,-1,889,761,756,-1,889,756,885,-1,376,783,1052,-1,1052,783,845,-1,1052,845,1053,-1,1053,845,844,-1,1053,844,381,-1,381,844,782,-1,687,581,820,-1,820,581,1054,-1,820,1054,821,-1,821,1054,1055,-1,821,1055,817,-1,817,1055,598,-1,817,598,1051,-1,1051,598,1049,-1,1051,1049,1050,-1,1050,1049,702,-1,1050,702,701,-1,706,717,899,-1,706,899,707,-1,707,899,902,-1,707,902,708,-1,708,902,901,-1,708,901,709,-1,709,901,900,-1,709,900,710,-1,710,900,898,-1,710,898,711,-1,711,898,895,-1,711,895,703,-1,689,688,716,-1,689,716,892,-1,892,716,714,-1,892,714,893,-1,893,714,713,-1,893,713,896,-1,896,713,712,-1,896,712,897,-1,897,712,715,-1,897,715,891,-1,891,715,672,-1,891,672,674,-1,956,955,1006,-1,956,1006,994,-1,994,1006,1005,-1,994,1005,986,-1,986,1005,1004,-1,986,1004,987,-1,987,1004,1003,-1,987,1003,988,-1,988,1003,1002,-1,988,1002,984,-1,984,1002,995,-1,984,995,985,-1,983,996,997,-1,983,997,992,-1,992,997,1001,-1,992,1001,989,-1,989,1001,1000,-1,989,1000,990,-1,990,1000,999,-1,990,999,991,-1,991,999,998,-1,991,998,993,-1,993,998,981,-1,993,981,982,-1,933,943,945,-1,933,945,934,-1,934,945,948,-1,934,948,935,-1,935,948,947,-1,935,947,938,-1,938,947,946,-1,938,946,939,-1,939,946,949,-1,939,949,940,-1,940,949,929,-1,940,929,930,-1,904,903,954,-1,904,954,936,-1,936,954,952,-1,936,952,937,-1,937,952,951,-1,937,951,941,-1,941,951,950,-1,941,950,942,-1,942,950,953,-1,942,953,931,-1,931,953,944,-1,931,944,932,-1,1056,294,314,-1,849,851,314,-1,314,851,1057,-1,314,1057,1056,-1,824,823,1058,-1,1058,823,338,-1,1058,338,1059,-1,1059,338,302,-1,1060,1061,1062,-1,1062,1061,1063,-1,1064,1065,1066,-1,1066,1065,1067,-1,829,301,303,-1,829,303,836,-1,836,303,309,-1,836,309,837,-1,837,309,308,-1,837,308,832,-1,832,308,307,-1,832,307,833,-1,833,307,306,-1,833,306,838,-1,838,306,305,-1,838,305,808,-1,829,827,301,-1,301,827,295,-1,1068,1069,1070,-1,1070,1069,1071,-1,1072,1073,1074,-1,1074,1073,1075,-1,1074,1075,1076,-1,1076,1075,1077,-1,1076,1077,1078,-1,1078,1077,1079,-1,1078,1079,1080,-1,1080,1079,1081,-1,1080,1081,1071,-1,1071,1081,1082,-1,1071,1082,1070,-1,1061,1060,1075,-1,1075,1060,1065,-1,1075,1065,1083,-1,1083,1065,1064,-1,1075,1073,1061,-1,1061,1073,1084,-1,1061,1084,1085,-1,1064,1086,1083,-1,1083,1086,1087,-1,1083,1087,1088,-1,1089,1090,1085,-1,1085,1090,1091,-1,1085,1091,1061,-1,1092,1087,1093,-1,1093,1087,1094,-1,1092,1095,1087,-1,1087,1095,1096,-1,1087,1096,1088,-1,855,310,856,-1,856,310,315,-1,856,315,1097,-1,1097,315,1098,-1,1097,1098,1099,-1,1099,1098,1100,-1,1099,1100,1101,-1,1101,1100,1102,-1,1101,1102,1103,-1,1103,1102,1104,-1,1103,1104,1105,-1,1105,1104,1106,-1,1105,1106,1107,-1,1107,1106,1083,-1,1107,1083,1108,-1,1108,1083,1088,-1,860,325,861,-1,861,325,341,-1,861,341,839,-1,839,341,324,-1,839,324,840,-1,840,324,323,-1,840,323,842,-1,842,323,321,-1,842,321,868,-1,868,321,320,-1,868,320,867,-1,867,320,334,-1,867,334,865,-1,865,334,330,-1,865,330,853,-1,853,330,311,-1,853,311,855,-1,855,311,310,-1,1109,1110,1111,-1,1111,1110,1112,-1,1111,1112,1113,-1,1113,1112,1114,-1,1113,1114,1115,-1,1115,1114,1116,-1,1115,1116,1117,-1,1117,1116,1118,-1,1117,1118,1119,-1,1119,1118,1120,-1,1119,1120,1121,-1,1121,1120,1122,-1,1121,1122,858,-1,858,1122,326,-1,858,326,860,-1,860,326,325,-1,1123,1112,1124,-1,1124,1112,1110,-1,1110,1125,1124,-1,1124,1125,1126,-1,1124,1126,1127,-1,1128,1129,1130,-1,1131,1132,1133,-1,1133,1132,1134,-1,1133,1134,1110,-1,1110,1134,1135,-1,1110,1135,1125,-1,1127,1126,1130,-1,1130,1126,1136,-1,1130,1136,1128,-1,859,343,857,-1,857,343,327,-1,857,327,1137,-1,1137,327,1138,-1,1137,1138,1139,-1,1139,1138,1140,-1,1139,1140,1141,-1,1141,1140,1142,-1,1141,1142,1143,-1,1143,1142,1144,-1,1143,1144,1145,-1,1145,1144,1146,-1,1145,1146,1147,-1,1147,1146,1123,-1,1147,1123,1148,-1,1148,1123,1124,-1,849,314,850,-1,850,314,313,-1,850,313,862,-1,862,313,319,-1,862,319,863,-1,863,319,328,-1,863,328,864,-1,864,328,329,-1,864,329,866,-1,866,329,331,-1,866,331,846,-1,846,331,336,-1,846,336,847,-1,847,336,335,-1,847,335,848,-1,848,335,333,-1,848,333,869,-1,869,333,332,-1,869,332,870,-1,870,332,346,-1,870,346,871,-1,871,346,322,-1,871,322,872,-1,872,322,357,-1,872,357,876,-1,876,357,356,-1,876,356,877,-1,877,356,355,-1,877,355,878,-1,878,355,354,-1,878,354,875,-1,875,354,353,-1,875,353,873,-1,873,353,352,-1,873,352,874,-1,874,352,351,-1,874,351,834,-1,834,351,350,-1,834,350,835,-1,835,350,349,-1,835,349,830,-1,830,349,348,-1,830,348,831,-1,831,348,347,-1,831,347,822,-1,822,347,339,-1,822,339,823,-1,823,339,338,-1,1149,1109,1150,-1,1150,1109,1151,-1,1152,1153,1154,-1,1155,1156,1157,-1,1157,1156,1151,-1,1157,1151,1158,-1,1149,1150,1154,-1,1154,1150,1159,-1,1154,1159,1152,-1,1111,1147,1109,-1,1109,1147,1148,-1,1109,1148,1151,-1,1151,1148,1160,-1,1151,1160,1158,-1,1150,1151,1125,-1,1125,1151,1126,-1,1161,1162,1107,-1,1107,1162,1066,-1,1107,1066,1074,-1,1107,1108,1161,-1,1161,1108,1163,-1,1161,1163,1164,-1,1164,1165,1161,-1,1161,1165,1166,-1,1161,1166,1167,-1,1168,1169,1072,-1,1066,1067,1074,-1,1074,1067,1062,-1,1074,1062,1072,-1,1072,1062,1063,-1,1072,1063,1168,-1,1169,1170,1072,-1,1072,1170,1171,-1,1072,1171,1172,-1,1162,1161,1086,-1,1086,1161,1087,-1,1064,1066,1173,-1,1173,1066,1174,-1,1173,1174,1175,-1,1175,1174,1176,-1,1175,1176,1177,-1,1177,1176,1178,-1,1177,1178,1179,-1,1179,1178,1180,-1,1179,1180,1181,-1,1181,1180,1182,-1,1181,1182,1183,-1,1183,1182,1184,-1,1183,1184,1185,-1,1185,1184,1186,-1,1187,1188,1189,-1,1189,1188,1190,-1,1189,1190,1191,-1,1191,1190,1192,-1,1191,1192,1193,-1,1193,1192,1194,-1,1193,1194,1195,-1,1195,1194,1196,-1,1195,1196,1197,-1,1197,1196,1198,-1,1197,1198,1199,-1,1199,1198,1200,-1,1199,1200,1086,-1,1086,1200,1162,-1,1186,1184,1201,-1,1202,1203,1188,-1,1201,1184,1203,-1,1203,1184,1190,-1,1203,1190,1188,-1,1204,1205,1206,-1,1207,1208,1209,-1,1201,1210,1186,-1,1186,1210,1207,-1,1186,1207,1211,-1,1211,1207,1209,-1,1202,1188,1206,-1,1206,1188,1212,-1,1206,1212,1204,-1,1201,1203,1213,-1,1213,1203,1214,-1,1215,1213,1185,-1,1185,1213,1183,-1,1216,1217,1218,-1,1215,1185,1218,-1,1218,1185,1219,-1,1218,1219,1216,-1,1183,1213,1189,-1,1189,1213,1214,-1,1189,1214,1187,-1,1187,1214,1220,-1,1187,1220,1221,-1,1222,1223,1221,-1,1221,1223,1224,-1,1221,1224,1187,-1,1060,1062,1225,-1,1225,1062,1226,-1,1225,1226,1227,-1,1227,1226,1228,-1,1227,1228,1229,-1,1229,1228,1230,-1,1229,1230,1231,-1,1231,1230,1232,-1,1231,1232,1233,-1,1233,1232,1234,-1,1233,1234,1235,-1,1235,1234,1236,-1,1235,1236,1237,-1,1237,1236,1238,-1,1239,1240,1241,-1,1241,1240,1242,-1,1241,1242,1243,-1,1243,1242,1244,-1,1243,1244,1245,-1,1245,1244,1246,-1,1245,1246,1247,-1,1247,1246,1248,-1,1247,1248,1249,-1,1249,1248,1250,-1,1249,1250,1251,-1,1251,1250,1252,-1,1251,1252,1065,-1,1065,1252,1067,-1,1253,1254,1240,-1,1240,1254,1242,-1,1255,1256,1257,-1,1242,1254,1236,-1,1236,1254,1258,-1,1236,1258,1238,-1,1238,1258,1259,-1,1238,1259,1260,-1,1261,1262,1260,-1,1260,1262,1263,-1,1260,1263,1238,-1,1253,1240,1257,-1,1257,1240,1264,-1,1257,1264,1255,-1,1265,1266,1254,-1,1254,1266,1258,-1,1267,1266,1237,-1,1237,1266,1235,-1,1268,1269,1270,-1,1267,1237,1270,-1,1270,1237,1271,-1,1270,1271,1268,-1,1235,1266,1241,-1,1241,1266,1265,-1,1241,1265,1239,-1,1239,1265,1272,-1,1239,1272,1273,-1,1273,1274,1239,-1,1239,1274,1275,-1,1239,1275,1276,-1,1277,1278,1279,-1,1279,1278,1280,-1,1279,1280,1281,-1,1281,1280,1282,-1,1281,1282,1283,-1,1283,1282,1284,-1,1283,1284,1285,-1,1285,1284,851,-1,1285,851,1286,-1,1286,851,828,-1,1287,825,824,-1,1288,1289,647,-1,647,1289,1290,-1,647,1290,648,-1,648,1290,1291,-1,648,1291,660,-1,660,1291,1292,-1,660,1292,824,-1,824,1292,1293,-1,824,1293,1287,-1,647,646,1288,-1,1288,646,1294,-1,1288,1294,1295,-1,1296,1297,1298,-1,1298,1299,1296,-1,1296,1299,1300,-1,1296,1300,1278,-1,1278,1300,1301,-1,1278,1301,1280,-1,1302,1303,1304,-1,1295,1294,1303,-1,1303,1294,1305,-1,1303,1305,1304,-1,1306,1307,1308,-1,1308,1309,1306,-1,1306,1309,1310,-1,1306,1310,1311,-1,1304,1312,1302,-1,1302,1312,1313,-1,1302,1313,1314,-1,1314,1313,1315,-1,1314,1315,1316,-1,1315,1317,1316,-1,1316,1317,1318,-1,1316,1318,1307,-1,1307,1318,1319,-1,1307,1319,1308,-1,1310,1320,1311,-1,1311,1320,1321,-1,1311,1321,1322,-1,1322,1321,1323,-1,1322,1323,1297,-1,1297,1323,1324,-1,1297,1324,1298,-1,1279,1290,1277,-1,1277,1290,1289,-1,1277,1289,1325,-1,1325,1289,1326,-1,1327,1328,1329,-1,1330,1327,1331,-1,1331,1327,1332,-1,1328,1327,1289,-1,1289,1327,1333,-1,1289,1333,1326,-1,1329,1334,1327,-1,1327,1334,1335,-1,1327,1335,1332,-1,1283,1292,1291,-1,1283,1291,1281,-1,1281,1291,1290,-1,1281,1290,1279,-1,1283,1285,1292,-1,1292,1285,1293,-1,828,825,1286,-1,1286,825,1287,-1,1286,1287,1285,-1,1285,1287,1293,-1,1057,1058,1059,-1,1057,1059,1056,-1,1056,1059,302,-1,1056,302,294,-1,1284,1336,1337,-1,1338,1339,824,-1,1340,824,1341,-1,1341,824,1342,-1,1340,1343,824,-1,824,1343,1344,-1,824,1344,660,-1,660,1344,1345,-1,660,1345,661,-1,1346,1347,851,-1,851,1347,1348,-1,1349,1350,1351,-1,1337,1352,1284,-1,1284,1352,1353,-1,1284,1353,1354,-1,1355,1356,1357,-1,1357,1356,1358,-1,1354,1355,1284,-1,1284,1355,1357,-1,1284,1357,851,-1,851,1357,1359,-1,851,1359,1346,-1,1339,1360,824,-1,824,1360,1361,-1,824,1361,1342,-1,1342,1361,1362,-1,1342,1362,1349,-1,1351,1363,1349,-1,1349,1363,1364,-1,1349,1364,1342,-1,1358,1365,1357,-1,1357,1365,1366,-1,1357,1366,1367,-1,1058,1368,1369,-1,1058,1369,824,-1,824,1369,1370,-1,824,1370,1338,-1,1348,1371,851,-1,851,1371,1372,-1,851,1372,1057,-1,1372,1373,1057,-1,1057,1373,1374,-1,1057,1374,1058,-1,1058,1374,1375,-1,1058,1375,1368,-1,1376,1377,1282,-1,1376,1282,1378,-1,1377,1379,1282,-1,1282,1379,1380,-1,1282,1380,1284,-1,1284,1380,1381,-1,1284,1381,1336,-1,1382,1383,1301,-1,1301,1383,1384,-1,1301,1384,1280,-1,1280,1384,1385,-1,1280,1385,1386,-1,1386,1387,1280,-1,1280,1387,1388,-1,1280,1388,1282,-1,1282,1388,1389,-1,1282,1389,1378,-1,1307,1331,1332,-1,1307,1332,1316,-1,1316,1332,1335,-1,1316,1335,1314,-1,1314,1335,1334,-1,1314,1334,1302,-1,1302,1334,1329,-1,1302,1329,1303,-1,1303,1329,1328,-1,1303,1328,1295,-1,1295,1328,1289,-1,1295,1289,1288,-1,1331,1307,1306,-1,1331,1306,1330,-1,1330,1306,1311,-1,1330,1311,1327,-1,1327,1311,1322,-1,1327,1322,1333,-1,1333,1322,1297,-1,1333,1297,1326,-1,1326,1297,1296,-1,1326,1296,1325,-1,1325,1296,1278,-1,1325,1278,1277,-1,1098,1082,1100,-1,1100,1082,1081,-1,1100,1081,1102,-1,1102,1081,1079,-1,1102,1079,1104,-1,1104,1079,1077,-1,1104,1077,1106,-1,1106,1077,1075,-1,1106,1075,1083,-1,315,288,1098,-1,1098,288,1390,-1,1390,1068,1098,-1,1098,1068,1070,-1,1098,1070,1082,-1,327,326,1122,-1,327,1122,1138,-1,1138,1122,1120,-1,1138,1120,1140,-1,1140,1120,1118,-1,1140,1118,1142,-1,1142,1118,1116,-1,1142,1116,1144,-1,1144,1116,1114,-1,1144,1114,1146,-1,1146,1114,1112,-1,1146,1112,1123,-1,1097,1391,856,-1,856,1391,1392,-1,856,1392,854,-1,1107,1074,1105,-1,1105,1074,1076,-1,1105,1076,1103,-1,1103,1076,1078,-1,1103,1078,1101,-1,1101,1078,1080,-1,1101,1080,1099,-1,1099,1080,1071,-1,1099,1071,1097,-1,1097,1071,1069,-1,1097,1069,1391,-1,858,857,1121,-1,1121,857,1137,-1,1121,1137,1119,-1,1119,1137,1139,-1,1119,1139,1117,-1,1117,1139,1141,-1,1117,1141,1115,-1,1115,1141,1143,-1,1115,1143,1113,-1,1113,1143,1145,-1,1113,1145,1111,-1,1111,1145,1147,-1,1086,1064,1199,-1,1199,1064,1173,-1,1199,1173,1197,-1,1197,1173,1175,-1,1197,1175,1195,-1,1195,1175,1177,-1,1195,1177,1193,-1,1193,1177,1179,-1,1193,1179,1191,-1,1191,1179,1181,-1,1191,1181,1189,-1,1189,1181,1183,-1,1065,1060,1251,-1,1251,1060,1225,-1,1251,1225,1249,-1,1249,1225,1227,-1,1249,1227,1247,-1,1247,1227,1229,-1,1247,1229,1245,-1,1245,1229,1231,-1,1245,1231,1243,-1,1243,1231,1233,-1,1243,1233,1241,-1,1241,1233,1235,-1,1062,1067,1252,-1,1062,1252,1226,-1,1226,1252,1250,-1,1226,1250,1228,-1,1228,1250,1248,-1,1228,1248,1230,-1,1230,1248,1246,-1,1230,1246,1232,-1,1232,1246,1244,-1,1232,1244,1234,-1,1234,1244,1242,-1,1234,1242,1236,-1,1066,1162,1200,-1,1066,1200,1174,-1,1174,1200,1198,-1,1174,1198,1176,-1,1176,1198,1196,-1,1176,1196,1178,-1,1178,1196,1194,-1,1178,1194,1180,-1,1180,1194,1192,-1,1180,1192,1182,-1,1182,1192,1190,-1,1182,1190,1184,-1,1126,1151,1156,-1,1126,1156,1136,-1,1136,1156,1155,-1,1136,1155,1128,-1,1128,1155,1157,-1,1128,1157,1129,-1,1129,1157,1158,-1,1129,1158,1130,-1,1130,1158,1160,-1,1130,1160,1127,-1,1127,1160,1148,-1,1127,1148,1124,-1,1150,1125,1135,-1,1150,1135,1159,-1,1159,1135,1134,-1,1159,1134,1152,-1,1152,1134,1132,-1,1152,1132,1153,-1,1153,1132,1131,-1,1153,1131,1154,-1,1154,1131,1133,-1,1154,1133,1149,-1,1149,1133,1110,-1,1149,1110,1109,-1,343,859,1393,-1,1393,859,841,-1,1393,841,1394,-1,1394,841,843,-1,1394,843,345,-1,345,843,784,-1,295,827,1395,-1,1395,827,826,-1,1395,826,1396,-1,1396,826,852,-1,1396,852,288,-1,288,852,854,-1,288,854,1390,-1,1390,854,1392,-1,1390,1392,1068,-1,1068,1392,1391,-1,1068,1391,1069,-1,1087,1161,1167,-1,1087,1167,1094,-1,1094,1167,1166,-1,1094,1166,1093,-1,1093,1166,1165,-1,1093,1165,1092,-1,1092,1165,1164,-1,1092,1164,1095,-1,1095,1164,1163,-1,1095,1163,1096,-1,1096,1163,1108,-1,1096,1108,1088,-1,1063,1061,1091,-1,1063,1091,1168,-1,1168,1091,1090,-1,1168,1090,1169,-1,1169,1090,1089,-1,1169,1089,1170,-1,1170,1089,1085,-1,1170,1085,1171,-1,1171,1085,1084,-1,1171,1084,1172,-1,1172,1084,1073,-1,1172,1073,1072,-1,1258,1266,1267,-1,1258,1267,1259,-1,1259,1267,1270,-1,1259,1270,1260,-1,1260,1270,1269,-1,1260,1269,1261,-1,1261,1269,1268,-1,1261,1268,1262,-1,1262,1268,1271,-1,1262,1271,1263,-1,1263,1271,1237,-1,1263,1237,1238,-1,1240,1239,1276,-1,1240,1276,1264,-1,1264,1276,1275,-1,1264,1275,1255,-1,1255,1275,1274,-1,1255,1274,1256,-1,1256,1274,1273,-1,1256,1273,1257,-1,1257,1273,1272,-1,1257,1272,1253,-1,1253,1272,1265,-1,1253,1265,1254,-1,1188,1187,1224,-1,1188,1224,1212,-1,1212,1224,1223,-1,1212,1223,1204,-1,1204,1223,1222,-1,1204,1222,1205,-1,1205,1222,1221,-1,1205,1221,1206,-1,1206,1221,1220,-1,1206,1220,1202,-1,1202,1220,1214,-1,1202,1214,1203,-1,1201,1213,1215,-1,1201,1215,1210,-1,1210,1215,1218,-1,1210,1218,1207,-1,1207,1218,1217,-1,1207,1217,1208,-1,1208,1217,1216,-1,1208,1216,1209,-1,1209,1216,1219,-1,1209,1219,1211,-1,1211,1219,1185,-1,1211,1185,1186,-1,1397,1398,1399,-1,1399,1398,1400,-1,1399,1400,1401,-1,1401,1400,1402,-1,1402,1400,1403,-1,1402,1403,1404,-1,1405,1406,1407,-1,1405,1407,1408,-1,1408,1407,1409,-1,1408,1409,1410,-1,1410,1409,1411,-1,1410,1411,1412,-1,1406,1405,1413,-1,1413,1405,1414,-1,1413,1414,1415,-1,1415,1414,1416,-1,1415,1416,1417,-1,1417,1416,1418,-1,1418,1416,1419,-1,1418,1419,1420,-1,1420,1419,1421,-1,1420,1421,1422,-1,1423,1424,1425,-1,1423,1425,1426,-1,1426,1425,1427,-1,1426,1427,1428,-1,1428,1427,1429,-1,1428,1429,1430,-1,1430,1429,1431,-1,1430,1431,1422,-1,1422,1431,1432,-1,1422,1432,1420,-1,1424,1423,1433,-1,1433,1423,1398,-1,1433,1398,1397,-1,1434,1435,1436,-1,1436,1435,1437,-1,1436,1437,1438,-1,1438,1437,1439,-1,1438,1439,1440,-1,1440,1439,1441,-1,1440,1441,1442,-1,1443,1444,1445,-1,1442,1441,1445,-1,1445,1441,1446,-1,1445,1446,1443,-1,1444,1443,1447,-1,1447,1443,1448,-1,1447,1448,1449,-1,1448,1450,1449,-1,1449,1450,1451,-1,1449,1451,1452,-1,1452,1451,1453,-1,1454,1455,1456,-1,1456,1455,1457,-1,1456,1457,1458,-1,1458,1457,1459,-1,1458,1459,1460,-1,1460,1459,1461,-1,1460,1461,1462,-1,1462,1461,1463,-1,1462,1463,1464,-1,1464,1463,1465,-1,1464,1465,1453,-1,1453,1465,1466,-1,1453,1466,1452,-1,1435,1434,1467,-1,1435,1467,1468,-1,1469,1470,1471,-1,1471,1470,1468,-1,1471,1468,1472,-1,1472,1468,1467,-1,1473,1474,1475,-1,1475,1474,1476,-1,1475,1476,1477,-1,1478,1479,1474,-1,1474,1479,1480,-1,1473,1481,1474,-1,1474,1481,1482,-1,1474,1482,1483,-1,1483,1484,1474,-1,1474,1484,1485,-1,1474,1485,1486,-1,1486,1487,1474,-1,1474,1487,1488,-1,1474,1488,1478,-1,1480,1489,1474,-1,1474,1489,1490,-1,1474,1490,1491,-1,1491,1490,1492,-1,1491,1492,1493,-1,1477,1476,1494,-1,1494,1476,1495,-1,1494,1495,1496,-1,1496,1495,1497,-1,1496,1497,1498,-1,1498,1497,1499,-1,1498,1499,1500,-1,1500,1499,1501,-1,1500,1501,1502,-1,1503,1504,1501,-1,1501,1504,1505,-1,1501,1505,1502,-1,1470,1506,1412,-1,1470,1460,1462,-1,1450,1448,1507,-1,1507,1448,1443,-1,1507,1443,1446,-1,1446,1441,1507,-1,1507,1441,1439,-1,1507,1439,1437,-1,1462,1464,1470,-1,1470,1464,1453,-1,1470,1453,1507,-1,1507,1453,1451,-1,1507,1451,1450,-1,1437,1435,1507,-1,1507,1435,1468,-1,1507,1468,1470,-1,1458,1460,1456,-1,1456,1460,1470,-1,1456,1470,1454,-1,1454,1470,1412,-1,1398,1423,1508,-1,1503,1509,1504,-1,1504,1509,1510,-1,1504,1510,1506,-1,1506,1510,1511,-1,1506,1511,1412,-1,1412,1511,1403,-1,1412,1403,1508,-1,1508,1403,1400,-1,1508,1400,1398,-1,1423,1426,1508,-1,1508,1426,1428,-1,1508,1428,1430,-1,1430,1422,1508,-1,1508,1422,1421,-1,1508,1421,1419,-1,1419,1416,1508,-1,1508,1416,1414,-1,1508,1414,1405,-1,1405,1408,1508,-1,1508,1408,1410,-1,1508,1410,1412,-1,1512,1454,1513,-1,1514,1515,1516,-1,1412,1516,1517,-1,1412,1517,1454,-1,1454,1517,1518,-1,1454,1518,1513,-1,1515,1519,1516,-1,1516,1519,1520,-1,1516,1520,1521,-1,1522,1523,1521,-1,1521,1523,1524,-1,1521,1524,1525,-1,1525,1526,1521,-1,1521,1526,1527,-1,1521,1527,1516,-1,1528,1529,1530,-1,1514,1516,1531,-1,1531,1516,1412,-1,1531,1412,1532,-1,1530,1533,1528,-1,1528,1533,1534,-1,1528,1534,1513,-1,1513,1534,1535,-1,1513,1535,1512,-1,1536,1537,1538,-1,1539,1540,1541,-1,1541,1540,1522,-1,1541,1522,1542,-1,1542,1522,1521,-1,1543,1544,1412,-1,1412,1544,1545,-1,1412,1545,1532,-1,1543,1546,1544,-1,1544,1546,1547,-1,1544,1547,1538,-1,1538,1547,1548,-1,1538,1548,1536,-1,1549,1550,1540,-1,1540,1550,1551,-1,1539,1552,1540,-1,1540,1552,1553,-1,1540,1553,1554,-1,1554,1555,1540,-1,1540,1555,1556,-1,1540,1556,1557,-1,1557,1558,1540,-1,1540,1558,1559,-1,1540,1559,1549,-1,1551,1560,1540,-1,1540,1560,1561,-1,1540,1561,1562,-1,1562,1561,1563,-1,1562,1563,1564,-1,1496,1565,1494,-1,1470,1469,1506,-1,1506,1469,1566,-1,1506,1566,1567,-1,1568,1502,1569,-1,1569,1502,1505,-1,1569,1505,1567,-1,1567,1505,1504,-1,1567,1504,1506,-1,1568,1570,1502,-1,1502,1570,1571,-1,1502,1571,1500,-1,1500,1571,1498,-1,1571,1572,1498,-1,1498,1572,1573,-1,1498,1573,1496,-1,1496,1573,1574,-1,1496,1574,1565,-1,1495,1575,1497,-1,1497,1575,1576,-1,1497,1576,1499,-1,1576,1577,1499,-1,1499,1577,1578,-1,1499,1578,1501,-1,1501,1578,1579,-1,1501,1579,1503,-1,1404,1403,1580,-1,1580,1403,1511,-1,1580,1511,1581,-1,1581,1511,1510,-1,1581,1510,1582,-1,1582,1510,1509,-1,1582,1509,1583,-1,1583,1509,1503,-1,1583,1503,1584,-1,1584,1503,1579,-1,1541,1542,1585,-1,1586,1587,1588,-1,1588,1587,1589,-1,1588,1589,1590,-1,1590,1589,1591,-1,1590,1591,1585,-1,1585,1591,1592,-1,1585,1592,1541,-1,1593,1594,1595,-1,1595,1594,1588,-1,1588,1594,1596,-1,1588,1596,1586,-1,1597,1598,1599,-1,1599,1598,1600,-1,1599,1600,1601,-1,1601,1600,1602,-1,1601,1602,1603,-1,1603,1602,1593,-1,1603,1593,1604,-1,1604,1593,1595,-1,1605,1606,1607,-1,1607,1606,1608,-1,1608,1606,1609,-1,1608,1609,1597,-1,1597,1609,1610,-1,1597,1610,1598,-1,1349,1611,1350,-1,1350,1611,1612,-1,1350,1612,1607,-1,1607,1612,1613,-1,1607,1613,1605,-1,1614,1615,1350,-1,1616,1531,1532,-1,1617,1514,1531,-1,1542,1521,1585,-1,1585,1521,1618,-1,1585,1618,1590,-1,1515,1514,1619,-1,1619,1514,1617,-1,1619,1617,1620,-1,1590,1618,1588,-1,1588,1618,1621,-1,1588,1621,1595,-1,1519,1515,1622,-1,1622,1515,1619,-1,1622,1619,1623,-1,1623,1619,1620,-1,1623,1620,1624,-1,1625,1626,1627,-1,1520,1519,1628,-1,1628,1519,1622,-1,1628,1622,1629,-1,1629,1622,1623,-1,1629,1623,1630,-1,1630,1623,1624,-1,1630,1624,1631,-1,1627,1632,1633,-1,1634,1635,1599,-1,1599,1601,1634,-1,1634,1601,1603,-1,1634,1603,1621,-1,1621,1603,1604,-1,1621,1604,1595,-1,1521,1520,1618,-1,1618,1520,1628,-1,1618,1628,1621,-1,1621,1628,1629,-1,1621,1629,1634,-1,1634,1629,1630,-1,1634,1630,1635,-1,1635,1630,1631,-1,1635,1631,1636,-1,1633,1637,1638,-1,1615,1614,1638,-1,1638,1637,1615,-1,1615,1637,1639,-1,1615,1639,1350,-1,1633,1632,1637,-1,1637,1632,1640,-1,1637,1640,1639,-1,1639,1640,1641,-1,1639,1641,1350,-1,1627,1626,1632,-1,1632,1626,1642,-1,1632,1642,1640,-1,1640,1642,1643,-1,1640,1643,1641,-1,1641,1643,1644,-1,1641,1644,1350,-1,1350,1607,1636,-1,1636,1607,1608,-1,1636,1608,1635,-1,1635,1608,1597,-1,1635,1597,1599,-1,1531,1616,1617,-1,1617,1616,1645,-1,1617,1645,1620,-1,1620,1645,1646,-1,1620,1646,1624,-1,1624,1646,1647,-1,1624,1647,1631,-1,1631,1647,1648,-1,1631,1648,1636,-1,1636,1648,1350,-1,1532,1625,1616,-1,1616,1625,1627,-1,1616,1627,1645,-1,1645,1627,1633,-1,1645,1633,1646,-1,1646,1633,1638,-1,1646,1638,1647,-1,1647,1638,1614,-1,1647,1614,1648,-1,1648,1614,1350,-1,1611,1349,1362,-1,1649,1650,1651,-1,1652,1653,1649,-1,1649,1653,1654,-1,1649,1654,1650,-1,1655,1656,1657,-1,1657,1656,1652,-1,1658,1659,1660,-1,1660,1659,1661,-1,1660,1661,1655,-1,1662,1663,1664,-1,1664,1663,1665,-1,1664,1665,1658,-1,1666,1667,1668,-1,1668,1667,1662,-1,1357,1669,1359,-1,1359,1669,1670,-1,1359,1670,1671,-1,1606,1605,1672,-1,1672,1605,1613,-1,1672,1613,1612,-1,1611,1362,1612,-1,1598,1610,1673,-1,1673,1610,1609,-1,1594,1593,1674,-1,1674,1593,1602,-1,1674,1602,1600,-1,1675,1587,1586,-1,1592,1591,1675,-1,1675,1591,1589,-1,1675,1589,1587,-1,1539,1541,1592,-1,1612,1362,1672,-1,1672,1362,1361,-1,1672,1361,1676,-1,1676,1361,1360,-1,1676,1360,1677,-1,1677,1360,1339,-1,1677,1339,1678,-1,1678,1339,1338,-1,1678,1338,1679,-1,1679,1338,1370,-1,1679,1370,1680,-1,1680,1370,1369,-1,1680,1369,1681,-1,1681,1369,1368,-1,1681,1368,1682,-1,1682,1368,1375,-1,1682,1375,1683,-1,1683,1375,1374,-1,1683,1374,1684,-1,1684,1374,1373,-1,1684,1373,1685,-1,1685,1373,1372,-1,1685,1372,1686,-1,1686,1372,1371,-1,1686,1371,1687,-1,1687,1371,1348,-1,1687,1348,1688,-1,1688,1348,1347,-1,1688,1347,1689,-1,1689,1347,1346,-1,1689,1346,1690,-1,1690,1346,1359,-1,1690,1359,1668,-1,1668,1359,1671,-1,1668,1671,1666,-1,1662,1664,1668,-1,1668,1664,1691,-1,1668,1691,1690,-1,1690,1691,1692,-1,1690,1692,1689,-1,1689,1692,1693,-1,1689,1693,1688,-1,1688,1693,1694,-1,1688,1694,1687,-1,1687,1694,1695,-1,1687,1695,1686,-1,1686,1695,1696,-1,1686,1696,1685,-1,1685,1696,1697,-1,1685,1697,1684,-1,1684,1697,1698,-1,1684,1698,1683,-1,1683,1698,1699,-1,1683,1699,1682,-1,1682,1699,1700,-1,1682,1700,1681,-1,1681,1700,1701,-1,1681,1701,1680,-1,1680,1701,1702,-1,1680,1702,1679,-1,1679,1702,1703,-1,1679,1703,1678,-1,1678,1703,1704,-1,1678,1704,1677,-1,1677,1704,1705,-1,1677,1705,1676,-1,1676,1705,1673,-1,1676,1673,1672,-1,1672,1673,1609,-1,1672,1609,1606,-1,1658,1660,1664,-1,1664,1660,1706,-1,1664,1706,1691,-1,1691,1706,1707,-1,1691,1707,1692,-1,1692,1707,1708,-1,1692,1708,1693,-1,1693,1708,1709,-1,1693,1709,1694,-1,1694,1709,1710,-1,1694,1710,1695,-1,1695,1710,1711,-1,1695,1711,1696,-1,1696,1711,1712,-1,1696,1712,1697,-1,1697,1712,1713,-1,1697,1713,1698,-1,1698,1713,1714,-1,1698,1714,1699,-1,1699,1714,1715,-1,1699,1715,1700,-1,1700,1715,1716,-1,1700,1716,1701,-1,1701,1716,1717,-1,1701,1717,1702,-1,1702,1717,1718,-1,1702,1718,1703,-1,1703,1718,1719,-1,1703,1719,1704,-1,1704,1719,1720,-1,1704,1720,1705,-1,1705,1720,1674,-1,1705,1674,1673,-1,1673,1674,1600,-1,1673,1600,1598,-1,1655,1657,1660,-1,1660,1657,1721,-1,1660,1721,1706,-1,1706,1721,1722,-1,1706,1722,1707,-1,1707,1722,1723,-1,1707,1723,1708,-1,1708,1723,1724,-1,1708,1724,1709,-1,1709,1724,1725,-1,1709,1725,1710,-1,1710,1725,1726,-1,1710,1726,1711,-1,1711,1726,1727,-1,1711,1727,1712,-1,1712,1727,1728,-1,1712,1728,1713,-1,1713,1728,1729,-1,1713,1729,1714,-1,1714,1729,1730,-1,1714,1730,1715,-1,1715,1730,1731,-1,1715,1731,1716,-1,1716,1731,1732,-1,1716,1732,1717,-1,1717,1732,1733,-1,1717,1733,1718,-1,1718,1733,1734,-1,1718,1734,1719,-1,1719,1734,1735,-1,1719,1735,1720,-1,1720,1735,1736,-1,1720,1736,1674,-1,1674,1736,1596,-1,1674,1596,1594,-1,1652,1649,1657,-1,1657,1649,1737,-1,1657,1737,1721,-1,1721,1737,1738,-1,1721,1738,1722,-1,1722,1738,1739,-1,1722,1739,1723,-1,1723,1739,1740,-1,1723,1740,1724,-1,1724,1740,1741,-1,1724,1741,1725,-1,1725,1741,1742,-1,1725,1742,1726,-1,1726,1742,1743,-1,1726,1743,1727,-1,1727,1743,1744,-1,1727,1744,1728,-1,1728,1744,1745,-1,1728,1745,1729,-1,1729,1745,1746,-1,1729,1746,1730,-1,1730,1746,1747,-1,1730,1747,1731,-1,1731,1747,1748,-1,1731,1748,1732,-1,1732,1748,1749,-1,1732,1749,1733,-1,1733,1749,1750,-1,1733,1750,1734,-1,1734,1750,1751,-1,1734,1751,1735,-1,1735,1751,1675,-1,1735,1675,1736,-1,1736,1675,1586,-1,1736,1586,1596,-1,1592,1675,1539,-1,1539,1675,1751,-1,1539,1751,1552,-1,1552,1751,1750,-1,1552,1750,1553,-1,1553,1750,1749,-1,1553,1749,1554,-1,1554,1749,1748,-1,1554,1748,1555,-1,1555,1748,1747,-1,1555,1747,1556,-1,1556,1747,1746,-1,1556,1746,1557,-1,1557,1746,1745,-1,1557,1745,1558,-1,1558,1745,1744,-1,1558,1744,1559,-1,1559,1744,1743,-1,1559,1743,1549,-1,1549,1743,1742,-1,1549,1742,1550,-1,1550,1742,1741,-1,1550,1741,1551,-1,1551,1741,1740,-1,1551,1740,1560,-1,1560,1740,1739,-1,1560,1739,1561,-1,1561,1739,1738,-1,1561,1738,1563,-1,1563,1738,1737,-1,1563,1737,1564,-1,1564,1737,1649,-1,1564,1649,1562,-1,1562,1649,1651,-1,1562,1651,1540,-1,1752,1753,1626,-1,1754,1755,1642,-1,1350,1644,1756,-1,1756,1757,1350,-1,1350,1757,1758,-1,1350,1758,1351,-1,1642,1755,1643,-1,1755,1759,1643,-1,1643,1759,1760,-1,1643,1760,1644,-1,1644,1760,1761,-1,1644,1761,1756,-1,1626,1753,1642,-1,1642,1753,1762,-1,1642,1762,1754,-1,1625,1532,1545,-1,1545,1763,1625,-1,1625,1763,1764,-1,1625,1764,1626,-1,1626,1764,1765,-1,1626,1765,1752,-1,1669,1357,1367,-1,1766,1662,1767,-1,1767,1662,1667,-1,1767,1667,1768,-1,1667,1666,1768,-1,1768,1666,1671,-1,1768,1671,1367,-1,1367,1671,1670,-1,1367,1670,1669,-1,1769,1661,1770,-1,1770,1661,1659,-1,1770,1659,1771,-1,1771,1659,1658,-1,1771,1658,1772,-1,1772,1658,1665,-1,1772,1665,1766,-1,1766,1665,1663,-1,1766,1663,1662,-1,1773,1652,1774,-1,1774,1652,1656,-1,1774,1656,1769,-1,1769,1656,1655,-1,1769,1655,1661,-1,1651,1650,1775,-1,1775,1650,1654,-1,1775,1654,1773,-1,1773,1654,1653,-1,1773,1653,1652,-1,1775,1776,1651,-1,1651,1776,1522,-1,1651,1522,1540,-1,1757,1756,1777,-1,1765,1764,1778,-1,1763,1545,1544,-1,1779,1780,1781,-1,1782,1783,1784,-1,661,1345,1785,-1,1785,1345,1786,-1,1783,1787,1788,-1,1788,1787,1789,-1,1788,1789,1790,-1,1791,1792,1782,-1,1780,1793,1791,-1,1791,1793,1794,-1,1791,1794,1792,-1,1763,1544,1764,-1,1795,1753,1752,-1,1796,1754,1762,-1,1761,1760,1797,-1,1797,1760,1759,-1,1797,1759,1755,-1,1757,1777,1758,-1,1363,1351,1758,-1,1764,1544,1778,-1,1778,1544,1538,-1,1778,1538,1798,-1,1798,1538,1537,-1,1798,1537,1799,-1,1799,1537,1536,-1,1799,1536,1800,-1,1800,1536,1548,-1,1800,1548,1801,-1,1801,1548,1547,-1,1801,1547,1802,-1,1802,1547,1546,-1,1802,1546,1803,-1,1803,1546,1543,-1,1803,1543,1781,-1,1781,1543,1412,-1,1781,1412,1779,-1,1780,1791,1781,-1,1781,1791,1804,-1,1781,1804,1803,-1,1803,1804,1805,-1,1803,1805,1802,-1,1802,1805,1806,-1,1802,1806,1801,-1,1801,1806,1807,-1,1801,1807,1800,-1,1800,1807,1808,-1,1800,1808,1799,-1,1799,1808,1809,-1,1799,1809,1798,-1,1798,1809,1795,-1,1798,1795,1778,-1,1778,1795,1752,-1,1778,1752,1765,-1,1782,1784,1791,-1,1791,1784,1810,-1,1791,1810,1804,-1,1804,1810,1811,-1,1804,1811,1805,-1,1805,1811,1812,-1,1805,1812,1806,-1,1806,1812,1813,-1,1806,1813,1807,-1,1807,1813,1814,-1,1807,1814,1808,-1,1808,1814,1815,-1,1808,1815,1809,-1,1809,1815,1796,-1,1809,1796,1795,-1,1795,1796,1762,-1,1795,1762,1753,-1,1783,1788,1784,-1,1784,1788,1816,-1,1784,1816,1810,-1,1810,1816,1817,-1,1810,1817,1811,-1,1811,1817,1818,-1,1811,1818,1812,-1,1812,1818,1819,-1,1812,1819,1813,-1,1813,1819,1820,-1,1813,1820,1814,-1,1814,1820,1821,-1,1814,1821,1815,-1,1815,1821,1797,-1,1815,1797,1796,-1,1796,1797,1755,-1,1796,1755,1754,-1,1790,1822,1788,-1,1788,1822,1823,-1,1788,1823,1816,-1,1816,1823,1824,-1,1816,1824,1817,-1,1817,1824,1825,-1,1817,1825,1818,-1,1818,1825,1826,-1,1818,1826,1819,-1,1819,1826,1827,-1,1819,1827,1820,-1,1820,1827,1828,-1,1820,1828,1821,-1,1821,1828,1777,-1,1821,1777,1797,-1,1797,1777,1756,-1,1797,1756,1761,-1,1758,1777,1363,-1,1363,1777,1828,-1,1363,1828,1364,-1,1364,1828,1827,-1,1364,1827,1342,-1,1342,1827,1826,-1,1342,1826,1341,-1,1341,1826,1825,-1,1341,1825,1340,-1,1340,1825,1824,-1,1340,1824,1343,-1,1343,1824,1823,-1,1343,1823,1344,-1,1344,1823,1822,-1,1344,1822,1345,-1,1345,1822,1790,-1,1345,1790,1786,-1,1768,1367,1829,-1,1830,1831,1367,-1,1517,1516,1832,-1,1832,1516,1833,-1,1832,1833,1834,-1,1835,1523,1522,-1,1834,1833,1836,-1,1836,1833,1837,-1,1836,1837,1838,-1,1526,1525,1839,-1,1839,1525,1840,-1,1839,1840,1841,-1,1841,1840,1842,-1,1841,1842,1843,-1,1522,1776,1835,-1,1835,1776,1775,-1,1835,1775,1844,-1,1844,1775,1773,-1,1527,1526,1845,-1,1845,1526,1839,-1,1845,1839,1846,-1,1846,1839,1841,-1,1846,1841,1847,-1,1847,1841,1843,-1,1847,1843,1848,-1,1773,1774,1844,-1,1844,1774,1769,-1,1844,1769,1849,-1,1850,1851,1852,-1,1852,1853,1850,-1,1850,1853,1854,-1,1850,1854,1837,-1,1837,1854,1855,-1,1837,1855,1838,-1,1516,1527,1833,-1,1833,1527,1845,-1,1833,1845,1837,-1,1837,1845,1846,-1,1837,1846,1850,-1,1850,1846,1847,-1,1850,1847,1851,-1,1851,1847,1848,-1,1851,1848,1856,-1,1769,1770,1849,-1,1849,1770,1771,-1,1849,1771,1857,-1,1831,1830,1858,-1,1524,1523,1859,-1,1859,1523,1835,-1,1859,1835,1860,-1,1860,1835,1844,-1,1860,1844,1861,-1,1861,1844,1849,-1,1861,1849,1862,-1,1862,1849,1857,-1,1862,1857,1863,-1,1863,1857,1829,-1,1863,1829,1367,-1,1367,1864,1856,-1,1856,1864,1865,-1,1856,1865,1851,-1,1851,1865,1866,-1,1851,1866,1852,-1,1842,1867,1843,-1,1843,1867,1868,-1,1843,1868,1848,-1,1848,1868,1869,-1,1848,1869,1856,-1,1856,1869,1367,-1,1867,1858,1868,-1,1868,1858,1830,-1,1868,1830,1869,-1,1869,1830,1367,-1,1771,1772,1857,-1,1857,1772,1766,-1,1857,1766,1829,-1,1829,1766,1767,-1,1829,1767,1768,-1,1525,1524,1840,-1,1840,1524,1859,-1,1840,1859,1842,-1,1842,1859,1860,-1,1842,1860,1867,-1,1867,1860,1861,-1,1867,1861,1858,-1,1858,1861,1862,-1,1858,1862,1831,-1,1831,1862,1863,-1,1831,1863,1367,-1,1409,1407,1870,-1,1779,1412,1411,-1,1871,1872,1873,-1,1874,654,653,-1,1874,653,1875,-1,1872,1876,1877,-1,1876,1878,1877,-1,1877,1878,1879,-1,1877,1879,1875,-1,1880,1881,1882,-1,1881,1883,1882,-1,1882,1883,1884,-1,1882,1884,1871,-1,1885,1886,1887,-1,1887,1886,1888,-1,1888,1889,1890,-1,1890,1889,1891,-1,1890,1891,1880,-1,1433,1397,1892,-1,1779,1411,1780,-1,1780,1411,1793,-1,1793,1411,1893,-1,1793,1893,1794,-1,1794,1893,1894,-1,1794,1894,1792,-1,1792,1894,1895,-1,1792,1895,1782,-1,1782,1895,1783,-1,1783,1895,1896,-1,1783,1896,1787,-1,1787,1896,1789,-1,1789,1896,1897,-1,1789,1897,1898,-1,1898,1897,1786,-1,1786,1897,658,-1,1786,658,1785,-1,1785,658,659,-1,1785,659,661,-1,1892,1885,1433,-1,1433,1885,1887,-1,1433,1887,1424,-1,1424,1887,1899,-1,1424,1899,1425,-1,1425,1899,1427,-1,1427,1899,1900,-1,1427,1900,1429,-1,1429,1900,1901,-1,1429,1901,1431,-1,1875,653,1877,-1,1877,653,652,-1,1877,652,1902,-1,1902,652,651,-1,1902,651,1903,-1,1903,651,650,-1,1903,650,1904,-1,1904,650,649,-1,1904,649,1905,-1,1431,1901,1432,-1,1432,1901,1906,-1,1432,1906,1420,-1,1420,1906,1418,-1,1418,1906,1907,-1,1418,1907,1417,-1,1417,1907,1415,-1,1415,1907,1908,-1,1415,1908,1413,-1,649,663,1905,-1,1905,663,662,-1,1905,662,1909,-1,1909,662,657,-1,1909,657,1910,-1,1910,657,656,-1,1910,656,1911,-1,1872,1877,1873,-1,1873,1877,1902,-1,1873,1902,1912,-1,1912,1902,1903,-1,1912,1903,1913,-1,1913,1903,1904,-1,1913,1904,1914,-1,1914,1904,1905,-1,1914,1905,1915,-1,1915,1905,1909,-1,1915,1909,1916,-1,1916,1909,1910,-1,1916,1910,1917,-1,1917,1910,1911,-1,1917,1911,1918,-1,1871,1873,1882,-1,1882,1873,1912,-1,1882,1912,1919,-1,1919,1912,1913,-1,1919,1913,1920,-1,1920,1913,1914,-1,1920,1914,1921,-1,1921,1914,1915,-1,1921,1915,1922,-1,1922,1915,1916,-1,1922,1916,1923,-1,1923,1916,1917,-1,1923,1917,1924,-1,1924,1917,1918,-1,1924,1918,1925,-1,1880,1882,1890,-1,1890,1882,1919,-1,1890,1919,1926,-1,1926,1919,1920,-1,1926,1920,1927,-1,1927,1920,1921,-1,1927,1921,1928,-1,1928,1921,1922,-1,1928,1922,1929,-1,1929,1922,1923,-1,1929,1923,1930,-1,1930,1923,1924,-1,1930,1924,1931,-1,1931,1924,1925,-1,1931,1925,1932,-1,1888,1890,1887,-1,1887,1890,1926,-1,1887,1926,1899,-1,1899,1926,1927,-1,1899,1927,1900,-1,1900,1927,1928,-1,1900,1928,1901,-1,1901,1928,1929,-1,1901,1929,1906,-1,1906,1929,1930,-1,1906,1930,1907,-1,1907,1930,1931,-1,1907,1931,1908,-1,1908,1931,1932,-1,1908,1932,1870,-1,1870,1407,1908,-1,1908,1407,1406,-1,1908,1406,1413,-1,1411,1409,1893,-1,1893,1409,1870,-1,1893,1870,1894,-1,1894,1870,1932,-1,1894,1932,1895,-1,1895,1932,1925,-1,1895,1925,1896,-1,1896,1925,1918,-1,1896,1918,1897,-1,1897,1918,1911,-1,1897,1911,658,-1,658,1911,656,-1,1518,1517,1832,-1,1836,1933,1834,-1,1834,1933,1934,-1,1834,1934,1832,-1,1832,1934,1935,-1,1832,1935,1518,-1,1936,1937,1836,-1,1836,1937,1938,-1,1836,1938,1933,-1,1936,1836,1939,-1,1939,1836,1838,-1,1939,1838,1940,-1,1940,1838,1855,-1,1940,1855,1941,-1,1941,1855,1854,-1,1941,1854,1942,-1,1866,1943,1852,-1,1852,1943,1942,-1,1852,1942,1853,-1,1853,1942,1854,-1,1944,1945,1864,-1,1864,1945,1865,-1,1865,1945,1946,-1,1865,1946,1866,-1,1866,1946,1947,-1,1866,1947,1943,-1,1366,1948,1367,-1,1367,1948,1949,-1,1367,1949,1864,-1,1864,1949,1950,-1,1864,1950,1944,-1,1951,1952,1953,-1,1954,1955,1953,-1,1402,1404,1956,-1,1956,1404,1957,-1,1956,1957,1958,-1,1959,1399,1956,-1,1956,1399,1401,-1,1956,1401,1402,-1,1955,1891,1889,-1,1889,1888,1959,-1,1888,1886,1959,-1,1959,1886,1885,-1,1959,1885,1399,-1,1399,1885,1892,-1,1399,1892,1397,-1,1954,1881,1955,-1,1955,1881,1880,-1,1955,1880,1891,-1,1872,1871,1954,-1,1871,1884,1954,-1,1954,1884,1883,-1,1954,1883,1881,-1,1960,1961,1876,-1,1875,655,1874,-1,1874,655,654,-1,1875,1879,1961,-1,1961,1879,1878,-1,1961,1878,1876,-1,1962,1961,1963,-1,1963,1961,1960,-1,1963,1960,1964,-1,1889,1959,1955,-1,1955,1959,1956,-1,1955,1956,1953,-1,1953,1956,1958,-1,1953,1958,1951,-1,1952,1965,1953,-1,1953,1965,1964,-1,1953,1964,1954,-1,1954,1964,1960,-1,1954,1960,1872,-1,1872,1960,1876,-1,1965,1966,1964,-1,1964,1966,1967,-1,1964,1967,1963,-1,1963,1967,1968,-1,1963,1968,1962,-1,1962,1968,1969,-1,1962,1969,1970,-1,1875,1961,655,-1,655,1961,1962,-1,655,1962,644,-1,644,1962,1970,-1,644,1970,645,-1,1971,1972,1973,-1,1937,1936,1974,-1,1948,1366,1365,-1,1945,1944,1975,-1,1975,1944,1950,-1,1975,1950,1949,-1,1948,1365,1949,-1,1943,1947,1976,-1,1976,1947,1946,-1,1939,1940,1977,-1,1977,1940,1941,-1,1977,1941,1942,-1,1935,1934,1978,-1,1978,1934,1933,-1,1978,1933,1938,-1,1513,1518,1935,-1,1979,1454,1512,-1,1980,1981,1982,-1,1982,1981,1971,-1,1980,1983,1984,-1,1984,1983,1985,-1,1986,1987,1988,-1,1988,1987,1985,-1,1989,1990,1986,-1,1337,1336,1991,-1,1949,1365,1975,-1,1975,1365,1358,-1,1975,1358,1992,-1,1992,1358,1356,-1,1992,1356,1993,-1,1993,1356,1355,-1,1993,1355,1994,-1,1994,1355,1354,-1,1994,1354,1995,-1,1995,1354,1353,-1,1995,1353,1996,-1,1996,1353,1352,-1,1996,1352,1997,-1,1997,1352,1337,-1,1997,1337,1989,-1,1989,1337,1991,-1,1989,1991,1990,-1,1986,1988,1989,-1,1989,1988,1998,-1,1989,1998,1997,-1,1997,1998,1999,-1,1997,1999,1996,-1,1996,1999,2000,-1,1996,2000,1995,-1,1995,2000,2001,-1,1995,2001,1994,-1,1994,2001,2002,-1,1994,2002,1993,-1,1993,2002,2003,-1,1993,2003,1992,-1,1992,2003,1976,-1,1992,1976,1975,-1,1975,1976,1946,-1,1975,1946,1945,-1,1985,1983,1988,-1,1988,1983,2004,-1,1988,2004,1998,-1,1998,2004,2005,-1,1998,2005,1999,-1,1999,2005,2006,-1,1999,2006,2000,-1,2000,2006,2007,-1,2000,2007,2001,-1,2001,2007,2008,-1,2001,2008,2002,-1,2002,2008,2009,-1,2002,2009,2003,-1,2003,2009,1977,-1,2003,1977,1976,-1,1976,1977,1942,-1,1976,1942,1943,-1,1980,1982,1983,-1,1983,1982,2010,-1,1983,2010,2004,-1,2004,2010,2011,-1,2004,2011,2005,-1,2005,2011,2012,-1,2005,2012,2006,-1,2006,2012,2013,-1,2006,2013,2007,-1,2007,2013,2014,-1,2007,2014,2008,-1,2008,2014,2015,-1,2008,2015,2009,-1,2009,2015,1974,-1,2009,1974,1977,-1,1977,1974,1936,-1,1977,1936,1939,-1,1971,1973,1982,-1,1982,1973,2016,-1,1982,2016,2010,-1,2010,2016,2017,-1,2010,2017,2011,-1,2011,2017,2018,-1,2011,2018,2012,-1,2012,2018,2019,-1,2012,2019,2013,-1,2013,2019,2020,-1,2013,2020,2014,-1,2014,2020,2021,-1,2014,2021,2015,-1,2015,2021,1978,-1,2015,1978,1974,-1,1974,1978,1938,-1,1974,1938,1937,-1,1935,1978,1513,-1,1513,1978,2021,-1,1513,2021,1528,-1,1528,2021,2020,-1,1528,2020,1529,-1,1529,2020,2019,-1,1529,2019,1530,-1,1530,2019,2018,-1,1530,2018,1533,-1,1533,2018,2017,-1,1533,2017,1534,-1,1534,2017,2016,-1,1534,2016,1535,-1,1535,2016,1973,-1,1535,1973,1512,-1,1512,1973,1972,-1,1512,1972,1979,-1,1581,1582,2022,-1,1583,1584,2023,-1,1578,1577,2024,-1,1495,2025,1575,-1,1575,2025,2026,-1,1575,2026,1576,-1,1404,1580,1957,-1,1957,1580,2027,-1,1957,2027,2028,-1,2028,2027,2029,-1,2030,2031,2029,-1,2029,2031,1951,-1,2029,1951,2028,-1,2032,1967,2033,-1,2033,1967,2034,-1,2033,2034,2030,-1,2030,2034,1965,-1,2030,1965,2031,-1,645,1970,2035,-1,2035,1970,2036,-1,2035,2036,2032,-1,2032,2036,1968,-1,2032,1968,1967,-1,2025,2037,2026,-1,2026,2037,2038,-1,2026,2038,2039,-1,2038,2040,2039,-1,2039,2040,2041,-1,2039,2041,2042,-1,2042,2041,2043,-1,2042,2043,2044,-1,2044,2043,2045,-1,2044,2045,2046,-1,1582,1583,2022,-1,2022,1583,2023,-1,2022,2023,2047,-1,2047,2023,2048,-1,2047,2048,2049,-1,2049,2048,2050,-1,2049,2050,2051,-1,2051,2050,2052,-1,2051,2052,2053,-1,2053,2052,2054,-1,2053,2054,2055,-1,2055,2054,2056,-1,2055,2056,645,-1,1584,1579,2023,-1,2023,1579,2057,-1,2023,2057,2048,-1,2048,2057,2058,-1,2048,2058,2050,-1,2050,2058,2059,-1,2050,2059,2052,-1,2052,2059,2060,-1,2052,2060,2054,-1,2054,2060,2061,-1,2054,2061,2056,-1,2056,2061,2062,-1,2056,2062,645,-1,1580,1581,2027,-1,2027,1581,2022,-1,2027,2022,2029,-1,2029,2022,2047,-1,2029,2047,2030,-1,2030,2047,2049,-1,2030,2049,2033,-1,2033,2049,2051,-1,2033,2051,2032,-1,2032,2051,2053,-1,2032,2053,2035,-1,2035,2053,2055,-1,2035,2055,645,-1,1577,1576,2024,-1,2024,1576,2026,-1,2024,2026,2063,-1,2063,2026,2039,-1,2063,2039,2064,-1,2064,2039,2042,-1,2064,2042,2065,-1,2065,2042,2044,-1,2065,2044,2066,-1,2066,2044,2046,-1,2066,2046,2067,-1,2067,2046,2068,-1,2067,2068,645,-1,2045,2069,2046,-1,2046,2069,2070,-1,2046,2070,2068,-1,2068,2070,2071,-1,2068,2071,645,-1,1579,1578,2057,-1,2057,1578,2024,-1,2057,2024,2058,-1,2058,2024,2063,-1,2058,2063,2059,-1,2059,2063,2064,-1,2059,2064,2060,-1,2060,2064,2065,-1,2060,2065,2061,-1,2061,2065,2066,-1,2061,2066,2062,-1,2062,2066,2067,-1,2062,2067,645,-1,1986,2072,2073,-1,1991,1336,1381,-1,2074,1434,1436,-1,2075,2074,2076,-1,2077,2078,2076,-1,2076,2078,2079,-1,2076,2079,2075,-1,2080,2081,2082,-1,2082,2081,2083,-1,2082,2083,2077,-1,2084,2085,2086,-1,2086,2085,2087,-1,2086,2087,2080,-1,2088,2089,2090,-1,2090,2089,2084,-1,2088,2091,2092,-1,2092,2091,2093,-1,1386,1385,2094,-1,1991,1381,2072,-1,1985,1987,2095,-1,1454,1979,2096,-1,1979,1972,2096,-1,2096,1972,1971,-1,2096,1971,1981,-1,1454,2096,1455,-1,1455,2096,2097,-1,1455,2097,1457,-1,1457,2097,1459,-1,1459,2097,2098,-1,1459,2098,1461,-1,1461,2098,1463,-1,1463,2098,2099,-1,1463,2099,1465,-1,1465,2099,1466,-1,1466,2099,2100,-1,1466,2100,1452,-1,1452,2100,1449,-1,1449,2100,2101,-1,1449,2101,1447,-1,2072,1381,2073,-1,2073,1381,1380,-1,2073,1380,2102,-1,2102,1380,1379,-1,2102,1379,2103,-1,2103,1379,1377,-1,2103,1377,2104,-1,2104,1377,1376,-1,2104,1376,2105,-1,2105,1376,1378,-1,2105,1378,2106,-1,2106,1378,1389,-1,2106,1389,2107,-1,1447,2101,1444,-1,1444,2101,2108,-1,1444,2108,1445,-1,1445,2108,2109,-1,1445,2109,1442,-1,1389,1388,2107,-1,2107,1388,1387,-1,2107,1387,2110,-1,2110,1387,1386,-1,2110,1386,2091,-1,2091,1386,2094,-1,2091,2094,2093,-1,2088,2090,2091,-1,2091,2090,2111,-1,2091,2111,2110,-1,2110,2111,2112,-1,2110,2112,2107,-1,2107,2112,2113,-1,2107,2113,2106,-1,2106,2113,2114,-1,2106,2114,2105,-1,2105,2114,2115,-1,2105,2115,2104,-1,2104,2115,2116,-1,2104,2116,2103,-1,2103,2116,2117,-1,2103,2117,2102,-1,2102,2117,2095,-1,2102,2095,2073,-1,2073,2095,1987,-1,2073,1987,1986,-1,2084,2086,2090,-1,2090,2086,2118,-1,2090,2118,2111,-1,2111,2118,2119,-1,2111,2119,2112,-1,2112,2119,2120,-1,2112,2120,2113,-1,2113,2120,2121,-1,2113,2121,2114,-1,2114,2121,2122,-1,2114,2122,2115,-1,2115,2122,2123,-1,2115,2123,2116,-1,2116,2123,2124,-1,2116,2124,2117,-1,2117,2124,2125,-1,2117,2125,2095,-1,2095,2125,1984,-1,2095,1984,1985,-1,2080,2082,2086,-1,2086,2082,2126,-1,2086,2126,2118,-1,2118,2126,2127,-1,2118,2127,2119,-1,2119,2127,2128,-1,2119,2128,2120,-1,2120,2128,2129,-1,2120,2129,2121,-1,2121,2129,2130,-1,2121,2130,2122,-1,2122,2130,2131,-1,2122,2131,2123,-1,2123,2131,2132,-1,2123,2132,2124,-1,2124,2132,2133,-1,2124,2133,2125,-1,2077,2076,2082,-1,2082,2076,2109,-1,2082,2109,2126,-1,2126,2109,2108,-1,2126,2108,2127,-1,2127,2108,2101,-1,2127,2101,2128,-1,2128,2101,2100,-1,2128,2100,2129,-1,2129,2100,2099,-1,2129,2099,2130,-1,2130,2099,2098,-1,2130,2098,2131,-1,2131,2098,2097,-1,2131,2097,2132,-1,2132,2097,2096,-1,2132,2096,2133,-1,2133,2096,1981,-1,2133,1981,2125,-1,2125,1981,1980,-1,2125,1980,1984,-1,2074,1436,2076,-1,2076,1436,1438,-1,2076,1438,2109,-1,2109,1438,1440,-1,2109,1440,1442,-1,2134,646,645,-1,645,2071,2134,-1,2134,2071,2070,-1,2134,2070,2135,-1,2070,2069,2135,-1,2135,2069,2045,-1,2135,2045,2136,-1,2136,2045,2043,-1,2136,2043,2137,-1,2043,2041,2137,-1,2137,2041,2040,-1,2137,2040,2138,-1,2040,2038,2138,-1,2138,2038,2037,-1,2138,2037,2139,-1,2037,2025,2139,-1,2139,2025,1495,-1,2139,1495,1476,-1,2080,2087,2140,-1,2088,2092,2141,-1,2094,1385,1384,-1,1467,1434,2142,-1,2142,1434,2074,-1,2143,2144,2145,-1,1467,2142,1472,-1,1472,2142,2143,-1,1472,2143,1471,-1,1471,2143,2145,-1,1471,2145,1469,-1,2094,1384,2093,-1,2088,2141,2089,-1,2085,2084,2146,-1,2080,2140,2081,-1,2078,2077,2147,-1,2147,2077,2083,-1,2147,2083,2081,-1,2074,2075,2142,-1,2142,2075,2079,-1,2142,2079,2078,-1,1383,2141,1384,-1,1384,2141,2092,-1,1384,2092,2093,-1,2148,2149,2140,-1,2081,2140,2147,-1,2147,2140,2149,-1,2147,2149,2150,-1,1382,2151,1383,-1,1383,2151,2152,-1,1383,2152,2141,-1,2141,2152,2146,-1,2141,2146,2089,-1,2089,2146,2084,-1,2151,2153,2152,-1,2152,2153,2148,-1,2152,2148,2146,-1,2146,2148,2140,-1,2146,2140,2085,-1,2085,2140,2087,-1,2153,2154,2148,-1,2148,2154,2155,-1,2148,2155,2149,-1,2149,2155,2156,-1,2149,2156,2150,-1,2156,2157,2150,-1,2150,2157,2158,-1,2150,2158,2159,-1,2078,2147,2142,-1,2142,2147,2150,-1,2142,2150,2143,-1,2143,2150,2159,-1,2143,2159,2144,-1,2160,2161,2138,-1,2134,2162,646,-1,646,2162,2163,-1,646,2163,1294,-1,2164,2165,2135,-1,2135,2165,2166,-1,2135,2166,2134,-1,2134,2166,2167,-1,2134,2167,2162,-1,2168,2169,2136,-1,2136,2169,2170,-1,2136,2170,2135,-1,2135,2170,2171,-1,2135,2171,2164,-1,2161,2172,2138,-1,2138,2172,2173,-1,2138,2173,2137,-1,2137,2173,2174,-1,2137,2174,2136,-1,2136,2174,2175,-1,2136,2175,2168,-1,2160,2138,2176,-1,2176,2138,2139,-1,2176,2139,2177,-1,1476,1474,2139,-1,2139,1474,2178,-1,2139,2178,2177,-1,2179,2180,1382,-1,2179,1382,2181,-1,2182,2181,1382,-1,2183,2184,2185,-1,2186,2187,2188,-1,2189,2159,2190,-1,2191,2157,2192,-1,2193,2154,2194,-1,2153,2151,2180,-1,1469,2145,1566,-1,1566,2145,2195,-1,1566,2195,2196,-1,2197,1568,2198,-1,2199,1574,2187,-1,2187,1574,2200,-1,2187,2200,2188,-1,2188,2200,1572,-1,2188,1572,2201,-1,2202,2203,2186,-1,2186,2203,2204,-1,2186,2204,2187,-1,2187,2204,2205,-1,2187,2205,2199,-1,2199,2205,1494,-1,2206,2202,2207,-1,2207,2202,2186,-1,2207,2186,2208,-1,2208,2186,2188,-1,2208,2188,2209,-1,2209,2188,2201,-1,2209,2201,2210,-1,2211,2206,2212,-1,2212,2206,2207,-1,2212,2207,2213,-1,2213,2207,2208,-1,2213,2208,2214,-1,2214,2208,2209,-1,2214,2209,2197,-1,2197,2209,2210,-1,2197,2210,1568,-1,2157,2156,2192,-1,2192,2156,2215,-1,2192,2215,2216,-1,2184,2211,2185,-1,2185,2211,2212,-1,2185,2212,2217,-1,2217,2212,2213,-1,2217,2213,2218,-1,2218,2213,2214,-1,2218,2214,2219,-1,2219,2214,2197,-1,2219,2197,2220,-1,2220,2197,2198,-1,2220,2198,2196,-1,2221,2216,2222,-1,2222,2216,2215,-1,2222,2215,2194,-1,2194,2215,2156,-1,2194,2156,2193,-1,2196,2195,2220,-1,2220,2195,2223,-1,2220,2223,2219,-1,2219,2223,2224,-1,2219,2224,2218,-1,2218,2224,2225,-1,2218,2225,2217,-1,2217,2225,2226,-1,2217,2226,2185,-1,2185,2226,2227,-1,2185,2227,2183,-1,2182,2221,2181,-1,2181,2221,2222,-1,2181,2222,2179,-1,2179,2222,2194,-1,2179,2194,2180,-1,2180,2194,2154,-1,2180,2154,2153,-1,2151,1382,2180,-1,1382,2228,2227,-1,2227,2228,2229,-1,2227,2229,2183,-1,2145,2189,2195,-1,2195,2189,2190,-1,2195,2190,2223,-1,2223,2190,2230,-1,2223,2230,2224,-1,2224,2230,2231,-1,2224,2231,2225,-1,2225,2231,2232,-1,2225,2232,2226,-1,2226,2232,2233,-1,2226,2233,2227,-1,2227,2233,1382,-1,2159,2191,2190,-1,2190,2191,2192,-1,2190,2192,2230,-1,2230,2192,2216,-1,2230,2216,2231,-1,2231,2216,2221,-1,2231,2221,2232,-1,2232,2221,2182,-1,2232,2182,2233,-1,2233,2182,1382,-1,2170,2169,2234,-1,2178,1474,1491,-1,2235,1300,1299,-1,2235,1299,2236,-1,2237,2238,2236,-1,2239,2240,2237,-1,2237,2240,2241,-1,2237,2241,2238,-1,2242,2243,2244,-1,2244,2243,2245,-1,2244,2245,2246,-1,2247,2248,2249,-1,2249,2248,2250,-1,2251,2252,2253,-1,2253,2252,2254,-1,2253,2254,2255,-1,1475,2256,1473,-1,1473,2256,2251,-1,2161,2160,2257,-1,2257,2160,2176,-1,2257,2176,2177,-1,2174,2173,2258,-1,2258,2173,2172,-1,2258,2172,2161,-1,2169,2168,2234,-1,2234,2168,2175,-1,2234,2175,2174,-1,2164,2171,2259,-1,2259,2171,2170,-1,2164,2260,2165,-1,2165,2260,2166,-1,1294,2163,1305,-1,1305,2163,2162,-1,1305,2162,2167,-1,2236,1299,2237,-1,2237,1299,1298,-1,2237,1298,2261,-1,2261,1298,1324,-1,2261,1324,2262,-1,2262,1324,1323,-1,2262,1323,2263,-1,2263,1323,1321,-1,2263,1321,2264,-1,2264,1321,1320,-1,2264,1320,2265,-1,2265,1320,1310,-1,2265,1310,2266,-1,2266,1310,1309,-1,2266,1309,2267,-1,2267,1309,1308,-1,2267,1308,2268,-1,2268,1308,1319,-1,2268,1319,2269,-1,2269,1319,1318,-1,2269,1318,2270,-1,2270,1318,1317,-1,2270,1317,2271,-1,2271,1317,1315,-1,2271,1315,2272,-1,2272,1315,1313,-1,2272,1313,2273,-1,2273,1313,1312,-1,2273,1312,2274,-1,2274,1312,1304,-1,2274,1304,2275,-1,2275,1304,1305,-1,2275,1305,2260,-1,2260,1305,2167,-1,2260,2167,2166,-1,2164,2259,2260,-1,2260,2259,2276,-1,2260,2276,2275,-1,2275,2276,2277,-1,2275,2277,2274,-1,2274,2277,2278,-1,2274,2278,2273,-1,2273,2278,2279,-1,2273,2279,2272,-1,2272,2279,2280,-1,2272,2280,2271,-1,2271,2280,2281,-1,2271,2281,2270,-1,2270,2281,2282,-1,2270,2282,2269,-1,2269,2282,2283,-1,2269,2283,2268,-1,2268,2283,2284,-1,2268,2284,2267,-1,2267,2284,2285,-1,2267,2285,2266,-1,2266,2285,2286,-1,2266,2286,2265,-1,2265,2286,2287,-1,2265,2287,2264,-1,2264,2287,2288,-1,2264,2288,2263,-1,2263,2288,2289,-1,2263,2289,2262,-1,2262,2289,2290,-1,2262,2290,2261,-1,2261,2290,2291,-1,2261,2291,2237,-1,2237,2291,2292,-1,2237,2292,2239,-1,2170,2234,2259,-1,2259,2234,2293,-1,2259,2293,2276,-1,2276,2293,2294,-1,2276,2294,2277,-1,2277,2294,2295,-1,2277,2295,2278,-1,2278,2295,2296,-1,2278,2296,2279,-1,2279,2296,2297,-1,2279,2297,2280,-1,2280,2297,2298,-1,2280,2298,2281,-1,2281,2298,2299,-1,2281,2299,2282,-1,2282,2299,2300,-1,2282,2300,2283,-1,2283,2300,2301,-1,2283,2301,2284,-1,2284,2301,2302,-1,2284,2302,2285,-1,2285,2302,2303,-1,2285,2303,2286,-1,2286,2303,2304,-1,2286,2304,2287,-1,2287,2304,2305,-1,2287,2305,2288,-1,2288,2305,2306,-1,2288,2306,2289,-1,2289,2306,2307,-1,2289,2307,2290,-1,2290,2307,2244,-1,2290,2244,2291,-1,2291,2244,2246,-1,2291,2246,2292,-1,2174,2258,2234,-1,2234,2258,2308,-1,2234,2308,2293,-1,2293,2308,2309,-1,2293,2309,2294,-1,2294,2309,2310,-1,2294,2310,2295,-1,2295,2310,2311,-1,2295,2311,2296,-1,2296,2311,2312,-1,2296,2312,2297,-1,2297,2312,2313,-1,2297,2313,2298,-1,2298,2313,2314,-1,2298,2314,2299,-1,2299,2314,2315,-1,2299,2315,2300,-1,2300,2315,2316,-1,2300,2316,2301,-1,2301,2316,2317,-1,2301,2317,2302,-1,2302,2317,2318,-1,2302,2318,2303,-1,2303,2318,2319,-1,2303,2319,2304,-1,2304,2319,2320,-1,2304,2320,2305,-1,2305,2320,2321,-1,2305,2321,2306,-1,2306,2321,2322,-1,2306,2322,2307,-1,2307,2322,2249,-1,2307,2249,2244,-1,2244,2249,2250,-1,2244,2250,2242,-1,2161,2257,2258,-1,2258,2257,2323,-1,2258,2323,2308,-1,2308,2323,2324,-1,2308,2324,2309,-1,2309,2324,2325,-1,2309,2325,2310,-1,2310,2325,2326,-1,2310,2326,2311,-1,2311,2326,2327,-1,2311,2327,2312,-1,2312,2327,2328,-1,2312,2328,2313,-1,2313,2328,2329,-1,2313,2329,2314,-1,2314,2329,2330,-1,2314,2330,2315,-1,2315,2330,2331,-1,2315,2331,2316,-1,2316,2331,2332,-1,2316,2332,2317,-1,2317,2332,2333,-1,2317,2333,2318,-1,2318,2333,2334,-1,2318,2334,2319,-1,2319,2334,2335,-1,2319,2335,2320,-1,2320,2335,2336,-1,2320,2336,2321,-1,2321,2336,2337,-1,2321,2337,2322,-1,2322,2337,2253,-1,2322,2253,2249,-1,2249,2253,2255,-1,2249,2255,2247,-1,2251,2253,1473,-1,1473,2253,2337,-1,1473,2337,1481,-1,1481,2337,2336,-1,1481,2336,1482,-1,1482,2336,2335,-1,1482,2335,1483,-1,1483,2335,2334,-1,1483,2334,1484,-1,1484,2334,2333,-1,1484,2333,1485,-1,1485,2333,2332,-1,1485,2332,1486,-1,1486,2332,2331,-1,1486,2331,1487,-1,1487,2331,2330,-1,1487,2330,1488,-1,1488,2330,2329,-1,1488,2329,1478,-1,1478,2329,2328,-1,1478,2328,1479,-1,1479,2328,2327,-1,1479,2327,1480,-1,1480,2327,2326,-1,1480,2326,1489,-1,1489,2326,2325,-1,1489,2325,1490,-1,1490,2325,2324,-1,1490,2324,1492,-1,1492,2324,2323,-1,1492,2323,1493,-1,1493,2323,2257,-1,1493,2257,1491,-1,1491,2257,2177,-1,1491,2177,2178,-1,2338,1477,1494,-1,1494,2205,2338,-1,2338,2205,2204,-1,2338,2204,2339,-1,2339,2204,2203,-1,2339,2203,2202,-1,2206,2340,2202,-1,2202,2340,2341,-1,2202,2341,2339,-1,2206,2211,2340,-1,2340,2211,2184,-1,2340,2184,2342,-1,2184,2183,2342,-1,2342,2183,2229,-1,2342,2229,2343,-1,2229,2228,2343,-1,2343,2228,1382,-1,2343,1382,1301,-1,2236,2343,2235,-1,2235,2343,1301,-1,2235,1301,1300,-1,1475,1477,2256,-1,2256,1477,2338,-1,2255,2254,2339,-1,2339,2254,2252,-1,2339,2252,2338,-1,2338,2252,2251,-1,2338,2251,2256,-1,2341,2248,2339,-1,2339,2248,2247,-1,2339,2247,2255,-1,2340,2246,2245,-1,2245,2243,2340,-1,2340,2243,2242,-1,2340,2242,2341,-1,2341,2242,2250,-1,2341,2250,2248,-1,2246,2340,2292,-1,2292,2340,2342,-1,2292,2342,2239,-1,2236,2238,2343,-1,2343,2238,2241,-1,2343,2241,2342,-1,2342,2241,2240,-1,2342,2240,2239,-1,
        ]
    }
}
Shape{
    appearance Appearance {
        material  Material 	{
            diffuseColor 0.0 0.0 0.0
            specularColor 0.0 0.0 0.0
            ambientIntensity 0.0
            transparency 0.0
            shininess 0.5
        }
    }
    geometry IndexedFaceSet {
        ccw TRUE
        solid FALSE
        coord DEF co Coordinate {
            point [
                0.1048 -1.2019 1.4177, 0.1048 -1.2201 1.4177, 0.1048 -1.2019 1.4173, 0.1048 -1.2201 1.4173, 0.041 -1.2019 1.4177, 0.041 -1.2019 1.4173, 0.041 -1.06 1.4177, 0.041 -1.06 1.4173, 0.0204 -1.06 1.4177, 0.0204 -1.06 1.4173, 0.0204 -1.2201 1.4177, 0.0204 -1.2201 1.4173, 0.2113 -1.2205 1.4177, 0.1869 -1.2228 1.4177, 0.2011 -1.2215 1.4173, 0.1869 -1.2228 1.4173, 0.2113 -1.2205 1.4173, 0.2285 -1.2149 1.4173, 0.2285 -1.2149 1.4177, 0.2313 -1.2135 1.4173, 0.2313 -1.2135 1.4177, 0.2313 -1.1937 1.4177, 0.2313 -1.1937 1.4173, 0.2175 -1.2001 1.4173, 0.2175 -1.2001 1.4177, 0.1997 -1.2039 1.4173, 0.1997 -1.2039 1.4177, 0.1899 -1.2044 1.4173, 0.1899 -1.2044 1.4177, 0.1749 -1.2027 1.4173, 0.1749 -1.2027 1.4177, 0.1633 -1.1985 1.4173, 0.1633 -1.1985 1.4177, 0.1526 -1.1913 1.4173, 0.1526 -1.1913 1.4177, 0.1488 -1.1876 1.4173, 0.1488 -1.1876 1.4177, 0.141 -1.1767 1.4173, 0.141 -1.1767 1.4177, 0.1358 -1.1638 1.4173, 0.1358 -1.1638 1.4177, 0.1332 -1.1478 1.4173, 0.1332 -1.1478 1.4177, 0.1331 -1.1419 1.4173, 0.1331 -1.1419 1.4177, 0.1357 -1.1201 1.4173, 0.1357 -1.1201 1.4177, 0.141 -1.1062 1.4173, 0.141 -1.1062 1.4177, 0.1487 -1.095 1.4173, 0.1487 -1.095 1.4177, 0.1499 -1.0937 1.4173, 0.1499 -1.0937 1.4177, 0.1606 -1.0849 1.4173, 0.1606 -1.0849 1.4177, 0.1732 -1.079 1.4173, 0.1732 -1.079 1.4177, 0.1871 -1.0762 1.4173, 0.1871 -1.0762 1.4177, 0.1935 -1.076 1.4173, 0.1935 -1.076 1.4177, 0.2132 -1.0783 1.4173, 0.2132 -1.0783 1.4177, 0.2295 -1.0845 1.4173, 0.2295 -1.0845 1.4177, 0.2313 -1.0855 1.4173, 0.2313 -1.0855 1.4177, 0.2313 -1.0638 1.4177, 0.2313 -1.0638 1.4173, 0.217 -1.0595 1.4173, 0.217 -1.0595 1.4177, 0.1966 -1.0573 1.4173, 0.1966 -1.0573 1.4177, 0.1933 -1.0573 1.4173, 0.1933 -1.0573 1.4177, 0.1703 -1.0601 1.4173, 0.1703 -1.0601 1.4177, 0.1535 -1.0665 1.4173, 0.1535 -1.0665 1.4177, 0.1381 -1.0775 1.4173, 0.1381 -1.0775 1.4177, 0.1345 -1.0809 1.4173, 0.1345 -1.0809 1.4177, 0.1244 -1.0936 1.4173, 0.1244 -1.0936 1.4177, 0.1185 -1.106 1.4173, 0.1162 -1.1109 1.4177, 0.1162 -1.1109 1.4173, 0.112 -1.1312 1.4173, 0.112 -1.1312 1.4177, 0.1114 -1.1431 1.4173, 0.1114 -1.1431 1.4177, 0.1145 -1.169 1.4173, 0.1145 -1.169 1.4177, 0.1185 -1.1794 1.4173, 0.121 -1.1857 1.4177, 0.121 -1.1857 1.4173, 0.1305 -1.1994 1.4173, 0.1305 -1.1994 1.4177, 0.1319 -1.201 1.4173, 0.1319 -1.201 1.4177, 0.1754 -1.2222 1.4177, 0.1435 -1.2108 1.4173, 0.1435 -1.2108 1.4177, 0.1584 -1.2183 1.4173, 0.1584 -1.2183 1.4177, 0.1724 -1.2215 1.4173, 0.1754 -1.2222 1.4173, 0.3494 -1.2019 1.4177, 0.3494 -1.2201 1.4177, 0.3494 -1.2019 1.4173, 0.3494 -1.2201 1.4173, 0.284 -1.2019 1.4173, 0.284 -1.2019 1.4177, 0.3272 -1.2019 1.4173, 0.284 -1.148 1.4177, 0.284 -1.148 1.4173, 0.3413 -1.148 1.4173, 0.3413 -1.148 1.4177, 0.3272 -1.148 1.4173, 0.3413 -1.1297 1.4177, 0.3413 -1.1297 1.4173, 0.284 -1.1297 1.4173, 0.284 -1.1297 1.4177, 0.3272 -1.1297 1.4173, 0.284 -1.0784 1.4177, 0.284 -1.0784 1.4173, 0.3458 -1.0784 1.4173, 0.3458 -1.0784 1.4177, 0.3272 -1.0784 1.4173, 0.3458 -1.06 1.4177, 0.3458 -1.06 1.4173, 0.2633 -1.06 1.4173, 0.2633 -1.06 1.4177, 0.3272 -1.06 1.4173, 0.2633 -1.2201 1.4177, 0.2633 -1.2201 1.4173, 0.3272 -1.2201 1.4173, 0.4794 -1.175 1.4177, 0.4712 -1.1852 1.4177, 0.4859 -1.1977 1.4177, 0.4692 -1.187 1.4177, 0.469 -1.2098 1.4177, 0.4589 -1.1942 1.4177, 0.4508 -1.2169 1.4177, 0.4456 -1.1993 1.4177, 0.4237 -1.2201 1.4177, 0.4236 -1.2019 1.4177, 0.3797 -1.2201 1.4177, 0.4004 -1.2019 1.4177, 0.3797 -1.06 1.4177, 0.4004 -1.0784 1.4177, 0.4254 -1.06 1.4177, 0.4246 -1.0784 1.4177, 0.4498 -1.0627 1.4177, 0.4456 -1.0808 1.4177, 0.4692 -1.0698 1.4177, 0.4594 -1.0859 1.4177, 0.4859 -1.0812 1.4177, 0.4708 -1.0935 1.4177, 0.4917 -1.0868 1.4177, 0.4766 -1.0995 1.4177, 0.5016 -1.1008 1.4177, 0.4825 -1.1089 1.4177, 0.5075 -1.1161 1.4177, 0.4866 -1.1214 1.4177, 0.5101 -1.138 1.4177, 0.4883 -1.1386 1.4177, 0.5093 -1.151 1.4177, 0.4879 -1.1483 1.4177, 0.5049 -1.1694 1.4177, 0.4848 -1.1631 1.4177, 0.4964 -1.1856 1.4177, 0.4237 -1.2201 1.4173, 0.3797 -1.2201 1.4173, 0.4859 -1.1977 1.4173, 0.4508 -1.2169 1.4173, 0.4531 -1.216 1.4173, 0.469 -1.2098 1.4173, 0.4964 -1.1856 1.4173, 0.5049 -1.1694 1.4173, 0.5093 -1.151 1.4173, 0.5101 -1.138 1.4173, 0.5075 -1.1161 1.4173, 0.5016 -1.1008 1.4173, 0.4917 -1.0868 1.4173, 0.4859 -1.0812 1.4173, 0.4254 -1.06 1.4173, 0.4692 -1.0698 1.4173, 0.4531 -1.0639 1.4173, 0.4498 -1.0627 1.4173, 0.3797 -1.06 1.4173, 0.4246 -1.0784 1.4173, 0.4004 -1.0784 1.4173, 0.4004 -1.2019 1.4173, 0.4236 -1.2019 1.4173, 0.4712 -1.1852 1.4173, 0.4692 -1.187 1.4173, 0.4589 -1.1942 1.4173, 0.4456 -1.1993 1.4173, 0.4883 -1.1386 1.4173, 0.4879 -1.1483 1.4173, 0.4848 -1.1631 1.4173, 0.4794 -1.175 1.4173, 0.4708 -1.0935 1.4173, 0.4766 -1.0995 1.4173, 0.4825 -1.1089 1.4173, 0.4866 -1.1214 1.4173, 0.4456 -1.0808 1.4173, 0.4594 -1.0859 1.4173
            ]
        }
        coordIndex [
            0,1,2,-1,2,1,3,-1,4,0,5,-1,5,0,2,-1,6,4,7,-1,7,4,5,-1,8,6,9,-1,9,6,7,-1,10,8,11,-1,11,8,9,-1,1,10,3,-1,3,10,11,-1,6,8,4,-1,4,8,10,-1,4,10,0,-1,0,10,1,-1,12,13,14,-1,14,13,15,-1,14,16,12,-1,12,16,17,-1,12,17,18,-1,18,17,19,-1,18,19,20,-1,21,20,22,-1,22,20,19,-1,21,22,23,-1,21,23,24,-1,24,23,25,-1,24,25,26,-1,26,25,27,-1,26,27,28,-1,28,27,29,-1,28,29,30,-1,30,29,31,-1,30,31,32,-1,32,31,33,-1,32,33,34,-1,34,33,35,-1,34,35,36,-1,36,35,37,-1,36,37,38,-1,38,37,39,-1,38,39,40,-1,40,39,41,-1,40,41,42,-1,42,41,43,-1,42,43,44,-1,44,43,45,-1,44,45,46,-1,46,45,47,-1,46,47,48,-1,48,47,49,-1,48,49,50,-1,50,49,51,-1,50,51,52,-1,52,51,53,-1,52,53,54,-1,54,53,55,-1,54,55,56,-1,56,55,57,-1,56,57,58,-1,58,57,59,-1,58,59,60,-1,60,59,61,-1,60,61,62,-1,62,61,63,-1,62,63,64,-1,64,63,65,-1,64,65,66,-1,67,66,68,-1,68,66,65,-1,67,68,69,-1,67,69,70,-1,70,69,71,-1,70,71,72,-1,72,71,73,-1,72,73,74,-1,74,73,75,-1,74,75,76,-1,76,75,77,-1,76,77,78,-1,78,77,79,-1,78,79,80,-1,80,79,81,-1,80,81,82,-1,82,81,83,-1,82,83,84,-1,84,83,85,-1,84,85,86,-1,85,87,86,-1,86,87,88,-1,86,88,89,-1,89,88,90,-1,89,90,91,-1,91,90,92,-1,91,92,93,-1,93,92,94,-1,93,94,95,-1,94,96,95,-1,95,96,97,-1,95,97,98,-1,98,97,99,-1,98,99,100,-1,15,13,101,-1,100,99,102,-1,100,102,103,-1,103,102,104,-1,103,104,105,-1,105,104,106,-1,105,106,101,-1,101,106,107,-1,101,107,15,-1,64,66,67,-1,46,48,84,-1,64,67,62,-1,84,48,82,-1,74,60,72,-1,72,60,62,-1,72,62,70,-1,70,62,67,-1,48,50,82,-1,82,50,52,-1,82,52,80,-1,80,52,54,-1,80,54,78,-1,78,54,76,-1,76,54,56,-1,76,56,74,-1,74,56,58,-1,74,58,60,-1,91,44,89,-1,89,44,46,-1,89,46,86,-1,86,46,84,-1,20,21,18,-1,18,21,24,-1,18,24,12,-1,12,24,26,-1,12,26,13,-1,13,26,28,-1,13,28,101,-1,101,28,30,-1,101,30,105,-1,105,30,32,-1,105,32,103,-1,103,32,34,-1,103,34,100,-1,100,34,36,-1,100,36,98,-1,98,36,38,-1,98,38,95,-1,95,38,93,-1,93,38,40,-1,93,40,91,-1,91,40,42,-1,91,42,44,-1,108,109,110,-1,110,109,111,-1,112,113,114,-1,114,113,108,-1,114,108,110,-1,115,113,116,-1,116,113,112,-1,117,118,119,-1,119,118,115,-1,119,115,116,-1,120,118,121,-1,121,118,117,-1,122,123,124,-1,124,123,120,-1,124,120,121,-1,125,123,126,-1,126,123,122,-1,127,128,129,-1,129,128,125,-1,129,125,126,-1,130,128,131,-1,131,128,127,-1,132,133,134,-1,134,133,130,-1,134,130,131,-1,135,133,136,-1,136,133,132,-1,111,109,137,-1,137,109,135,-1,137,135,136,-1,135,109,108,-1,108,113,135,-1,135,113,115,-1,135,115,133,-1,128,130,125,-1,125,130,133,-1,125,133,123,-1,123,133,115,-1,123,115,120,-1,120,115,118,-1,138,139,140,-1,140,139,141,-1,140,141,142,-1,142,141,143,-1,142,143,144,-1,144,143,145,-1,144,145,146,-1,146,145,147,-1,146,147,148,-1,148,147,149,-1,148,149,150,-1,150,149,151,-1,150,151,152,-1,152,151,153,-1,152,153,154,-1,154,153,155,-1,154,155,156,-1,156,155,157,-1,156,157,158,-1,158,157,159,-1,158,159,160,-1,160,159,161,-1,160,161,162,-1,162,161,163,-1,162,163,164,-1,164,163,165,-1,164,165,166,-1,166,165,167,-1,166,167,168,-1,168,167,169,-1,168,169,170,-1,170,169,171,-1,170,171,172,-1,172,171,138,-1,172,138,140,-1,146,148,173,-1,173,148,174,-1,175,140,142,-1,146,173,176,-1,146,176,144,-1,144,176,177,-1,144,177,142,-1,142,177,178,-1,142,178,175,-1,140,175,179,-1,140,179,172,-1,172,179,180,-1,172,180,170,-1,170,180,181,-1,170,181,168,-1,168,181,182,-1,168,182,166,-1,166,182,183,-1,166,183,164,-1,164,183,184,-1,164,184,162,-1,162,184,185,-1,162,185,160,-1,160,185,186,-1,160,186,158,-1,187,152,154,-1,158,186,188,-1,158,188,156,-1,156,188,189,-1,156,189,154,-1,154,189,190,-1,154,190,187,-1,150,152,191,-1,191,152,187,-1,148,150,174,-1,174,150,191,-1,153,151,192,-1,192,151,193,-1,151,149,193,-1,193,149,194,-1,149,147,194,-1,194,147,195,-1,139,196,197,-1,139,197,141,-1,141,197,198,-1,141,198,143,-1,143,198,199,-1,143,199,145,-1,145,199,195,-1,145,195,147,-1,167,200,201,-1,167,201,169,-1,169,201,202,-1,169,202,171,-1,171,202,203,-1,171,203,138,-1,138,203,196,-1,138,196,139,-1,159,204,205,-1,159,205,161,-1,161,205,206,-1,161,206,163,-1,163,206,207,-1,163,207,165,-1,165,207,200,-1,165,200,167,-1,153,192,208,-1,153,208,155,-1,155,208,209,-1,155,209,157,-1,157,209,204,-1,157,204,159,-1,
        ]
    }
}
Shape{
    appearance Appearance {
        material  Material 	{
            diffuseColor 0.8509803921568627 0.8509803921568627 0.8509803921568627
            specularColor 0.4235294117647059 0.4235294117647059 0.4235294117647059
            ambientIntensity 0.851
            transparency 0.0
            shininess 0.5
        }
    }
    geometry IndexedFaceSet {
        ccw TRUE
        solid FALSE
        coord DEF co Coordinate {
            point [
                0.4004 -1.0784 1.4173, 0.4004 -1.2019 1.4173, 0.4246 -1.0784 1.4173, 0.4236 -1.2019 1.4173, 0.4692 -1.187 1.4173, 0.4712 -1.1852 1.4173, 0.4456 -1.1993 1.4173, 0.4589 -1.1942 1.4173, 0.4879 -1.1483 1.4173, 0.4883 -1.1386 1.4173, 0.4794 -1.175 1.4173, 0.4848 -1.1631 1.4173, 0.4866 -1.1214 1.4173, 0.4825 -1.1089 1.4173, 0.4766 -1.0995 1.4173, 0.4708 -1.0935 1.4173, 0.4594 -1.0859 1.4173, 0.4456 -1.0808 1.4173
            ]
        }
        coordIndex [
            0,1,2,-1,2,1,3,-1,2,4,5,-1,3,6,2,-1,2,6,7,-1,2,7,4,-1,8,9,2,-1,5,10,2,-1,2,10,11,-1,2,11,8,-1,9,12,2,-1,2,12,13,-1,2,13,14,-1,14,15,2,-1,2,15,16,-1,2,16,17,-1,
        ]
    }
}
Shape{
    appearance Appearance {
        material  Material 	{
            diffuseColor 0.0 0.0 0.0
            specularColor 0.0 0.0 0.0
            ambientIntensity 0.0
            transparency 0.0
            shininess 0.5
        }
    }
    geometry IndexedFaceSet {
        ccw TRUE
        solid FALSE
        coord DEF co Coordinate {
            point [
                0.5637 -1.1582 1.4177, 0.5572 -1.1763 1.4177, 0.6175 -1.1582 1.4177, 0.6239 -1.1763 1.4177, 0.5877 -1.0917 1.4177, 0.58 -1.06 1.4177, 0.519 -1.2201 1.4177, 0.5418 -1.2201 1.4177, 0.5891 -1.0869 1.4177, 0.5903 -1.0805 1.4177, 0.6021 -1.06 1.4177, 0.5908 -1.0805 1.4177, 0.5921 -1.0872 1.4177, 0.5933 -1.0917 1.4177, 0.6631 -1.2201 1.4177, 0.6402 -1.2201 1.4177, 0.6021 -1.06 1.4173, 0.6631 -1.2201 1.4173, 0.58 -1.06 1.4173, 0.519 -1.2201 1.4173, 0.5651 -1.099 1.4173, 0.5418 -1.2201 1.4173, 0.5572 -1.1763 1.4173, 0.6239 -1.1763 1.4173, 0.5651 -1.1763 1.4173, 0.6402 -1.2201 1.4173, 0.5637 -1.1582 1.4173, 0.6175 -1.1582 1.4173, 0.5933 -1.0917 1.4173, 0.5908 -1.0805 1.4173, 0.5921 -1.0872 1.4173, 0.5903 -1.0805 1.4173, 0.5877 -1.0917 1.4173, 0.5891 -1.0869 1.4173
            ]
        }
        coordIndex [
            0,1,2,-1,2,1,3,-1,4,5,0,-1,0,5,6,-1,0,6,1,-1,1,6,7,-1,4,8,5,-1,5,8,9,-1,5,9,10,-1,10,9,11,-1,10,11,12,-1,12,13,10,-1,10,13,2,-1,10,2,14,-1,14,2,3,-1,14,3,15,-1,10,14,16,-1,16,14,17,-1,5,10,18,-1,18,10,16,-1,19,6,20,-1,20,6,5,-1,20,5,18,-1,7,6,21,-1,21,6,19,-1,1,7,22,-1,22,7,21,-1,23,3,24,-1,24,3,1,-1,24,1,22,-1,15,3,25,-1,25,3,23,-1,14,15,17,-1,17,15,25,-1,0,2,26,-1,26,2,27,-1,2,13,27,-1,27,13,28,-1,11,29,30,-1,11,30,12,-1,12,30,28,-1,12,28,13,-1,11,9,29,-1,29,9,31,-1,4,32,33,-1,4,33,8,-1,8,33,31,-1,8,31,9,-1,4,0,32,-1,32,0,26,-1,
        ]
    }
}
Shape{
    appearance Appearance {
        material  Material 	{
            diffuseColor 0.8509803921568627 0.8509803921568627 0.8509803921568627
            specularColor 0.4235294117647059 0.4235294117647059 0.4235294117647059
            ambientIntensity 0.851
            transparency 0.0
            shininess 0.5
        }
    }
    geometry IndexedFaceSet {
        ccw TRUE
        solid FALSE
        coord DEF co Coordinate {
            point [
                0.5908 -1.0805 1.4173, 0.5903 -1.0805 1.4173, 0.5921 -1.0872 1.4173, 0.5891 -1.0869 1.4173, 0.5933 -1.0917 1.4173, 0.5877 -1.0917 1.4173, 0.6175 -1.1582 1.4173, 0.5637 -1.1582 1.4173
            ]
        }
        coordIndex [
            0,1,2,-1,2,1,3,-1,2,3,4,-1,4,3,5,-1,4,5,6,-1,6,5,7,-1,
        ]
    }
}
Shape{
    appearance Appearance {
        material  Material 	{
            diffuseColor 0.0 0.0 0.0
            specularColor 0.0 0.0 0.0
            ambientIntensity 0.0
            transparency 0.0
            shininess 0.5
        }
    }
    geometry IndexedFaceSet {
        ccw TRUE
        solid FALSE
        coord DEF co Coordinate {
            point [
                0.1065 -1.4559 1.4177, 0.1065 -1.4742 1.4177, 0.1065 -1.4559 1.4173, 0.1065 -1.4742 1.4173, 0.041 -1.4559 1.4177, 0.041 -1.4559 1.4173, 0.041 -1.4021 1.4177, 0.041 -1.4021 1.4173, 0.0983 -1.4021 1.4177, 0.0983 -1.4021 1.4173, 0.0983 -1.3837 1.4177, 0.0983 -1.3837 1.4173, 0.041 -1.3837 1.4177, 0.041 -1.3837 1.4173, 0.041 -1.3325 1.4173, 0.041 -1.3325 1.4177, 0.041 -1.3356 1.4173, 0.1029 -1.3325 1.4177, 0.1029 -1.3325 1.4173, 0.1029 -1.314 1.4177, 0.1029 -1.314 1.4173, 0.0204 -1.314 1.4177, 0.0204 -1.314 1.4173, 0.0204 -1.4742 1.4173, 0.0204 -1.4742 1.4177, 0.0204 -1.3356 1.4173, 0.1975 -1.4742 1.4177, 0.2176 -1.4742 1.4177, 0.1975 -1.4565 1.4177, 0.2176 -1.4006 1.4177, 0.1975 -1.4015 1.4177, 0.154 -1.4254 1.4177, 0.1587 -1.4232 1.4177, 0.197 -1.4565 1.4177, 0.1864 -1.4536 1.4177, 0.1938 -1.4613 1.4177, 0.1808 -1.4574 1.4177, 0.1708 -1.4204 1.4177, 0.1975 -1.4168 1.4177, 0.1975 -1.4278 1.4177, 0.1975 -1.4291 1.4177, 0.1962 -1.438 1.4177, 0.1933 -1.4452 1.4177, 0.1889 -1.4511 1.4177, 0.1968 -1.3926 1.4177, 0.2159 -1.3848 1.4177, 0.1948 -1.3855 1.4177, 0.2127 -1.3758 1.4177, 0.1924 -1.3813 1.4177, 0.2086 -1.3695 1.4177, 0.1894 -1.3781 1.4177, 0.2032 -1.3644 1.4177, 0.1858 -1.3758 1.4177, 0.1964 -1.3607 1.4177, 0.1812 -1.3742 1.4177, 0.1878 -1.3582 1.4177, 0.1744 -1.3735 1.4177, 0.1763 -1.3572 1.4177, 0.1622 -1.3748 1.4177, 0.1561 -1.3596 1.4177, 0.1496 -1.3791 1.4177, 0.1411 -1.3654 1.4177, 0.1369 -1.3873 1.4177, 0.1369 -1.3678 1.4177, 0.1501 -1.4536 1.4177, 0.1355 -1.4679 1.4177, 0.1519 -1.4553 1.4177, 0.1423 -1.4726 1.4177, 0.1559 -1.458 1.4177, 0.15 -1.4755 1.4177, 0.1604 -1.4597 1.4177, 0.162 -1.4769 1.4177, 0.1672 -1.4604 1.4177, 0.1723 -1.4757 1.4177, 0.1747 -1.4596 1.4177, 0.1805 -1.4728 1.4177, 0.1875 -1.4681 1.4177, 0.1636 -1.4062 1.4177, 0.1481 -1.4101 1.4177, 0.1514 -1.4274 1.4177, 0.1397 -1.4145 1.4177, 0.149 -1.4304 1.4177, 0.1336 -1.4198 1.4177, 0.1472 -1.4341 1.4177, 0.1297 -1.4256 1.4177, 0.1462 -1.4387 1.4177, 0.127 -1.4327 1.4177, 0.146 -1.4419 1.4177, 0.1257 -1.4436 1.4177, 0.1466 -1.4465 1.4177, 0.1267 -1.4527 1.4177, 0.1479 -1.4502 1.4177, 0.1291 -1.4594 1.4177, 0.1333 -1.4656 1.4177, 0.1763 -1.3572 1.4173, 0.1561 -1.3596 1.4173, 0.1411 -1.3654 1.4173, 0.1369 -1.3678 1.4173, 0.1369 -1.3873 1.4173, 0.1496 -1.3791 1.4173, 0.1622 -1.3748 1.4173, 0.1744 -1.3735 1.4173, 0.1812 -1.3742 1.4173, 0.1858 -1.3758 1.4173, 0.1894 -1.3781 1.4173, 0.1924 -1.3813 1.4173, 0.1948 -1.3855 1.4173, 0.1968 -1.3926 1.4173, 0.1975 -1.4015 1.4173, 0.1636 -1.4062 1.4173, 0.1481 -1.4101 1.4173, 0.1397 -1.4145 1.4173, 0.1336 -1.4198 1.4173, 0.1297 -1.4256 1.4173, 0.127 -1.4327 1.4173, 0.1257 -1.4436 1.4173, 0.1267 -1.4527 1.4173, 0.1291 -1.4594 1.4173, 0.1333 -1.4656 1.4173, 0.1355 -1.4679 1.4173, 0.1423 -1.4726 1.4173, 0.15 -1.4755 1.4173, 0.162 -1.4769 1.4173, 0.1723 -1.4757 1.4173, 0.1805 -1.4728 1.4173, 0.1875 -1.4681 1.4173, 0.1938 -1.4613 1.4173, 0.197 -1.4565 1.4173, 0.1975 -1.4565 1.4173, 0.1975 -1.4742 1.4173, 0.2176 -1.4742 1.4173, 0.2176 -1.4006 1.4173, 0.2159 -1.3848 1.4173, 0.2127 -1.3758 1.4173, 0.2086 -1.3695 1.4173, 0.2032 -1.3644 1.4173, 0.1964 -1.3607 1.4173, 0.1878 -1.3582 1.4173, 0.1514 -1.4274 1.4173, 0.154 -1.4254 1.4173, 0.1587 -1.4232 1.4173, 0.1708 -1.4204 1.4173, 0.146 -1.4419 1.4173, 0.1462 -1.4387 1.4173, 0.1472 -1.4341 1.4173, 0.149 -1.4304 1.4173, 0.1519 -1.4553 1.4173, 0.1501 -1.4536 1.4173, 0.1479 -1.4502 1.4173, 0.1466 -1.4465 1.4173, 0.1672 -1.4604 1.4173, 0.1604 -1.4597 1.4173, 0.1559 -1.458 1.4173, 0.1889 -1.4511 1.4173, 0.1864 -1.4536 1.4173, 0.1808 -1.4574 1.4173, 0.1747 -1.4596 1.4173, 0.1975 -1.4278 1.4173, 0.1975 -1.4291 1.4173, 0.1962 -1.438 1.4173, 0.1933 -1.4452 1.4173, 0.1975 -1.4168 1.4173
            ]
        }
        coordIndex [
            0,1,2,-1,2,1,3,-1,4,0,5,-1,5,0,2,-1,6,4,7,-1,7,4,5,-1,8,6,9,-1,9,6,7,-1,10,8,11,-1,11,8,9,-1,12,10,13,-1,13,10,11,-1,14,15,16,-1,16,15,12,-1,16,12,13,-1,17,15,18,-1,18,15,14,-1,19,17,20,-1,20,17,18,-1,21,19,22,-1,22,19,20,-1,23,24,25,-1,25,24,21,-1,25,21,22,-1,1,24,3,-1,3,24,23,-1,24,1,0,-1,0,4,24,-1,24,4,6,-1,24,6,21,-1,17,19,15,-1,15,19,21,-1,15,21,12,-1,12,21,6,-1,12,6,10,-1,10,6,8,-1,26,27,28,-1,28,27,29,-1,30,31,32,-1,33,34,35,-1,35,34,36,-1,37,38,29,-1,29,38,39,-1,39,40,29,-1,29,40,41,-1,29,41,28,-1,28,41,42,-1,28,42,33,-1,33,42,43,-1,33,43,34,-1,32,37,30,-1,30,37,29,-1,30,29,44,-1,44,29,45,-1,44,45,46,-1,46,45,47,-1,46,47,48,-1,48,47,49,-1,48,49,50,-1,50,49,51,-1,50,51,52,-1,52,51,53,-1,52,53,54,-1,54,53,55,-1,54,55,56,-1,56,55,57,-1,56,57,58,-1,58,57,59,-1,58,59,60,-1,60,59,61,-1,60,61,62,-1,62,61,63,-1,64,65,66,-1,66,65,67,-1,66,67,68,-1,68,67,69,-1,68,69,70,-1,70,69,71,-1,70,71,72,-1,72,71,73,-1,72,73,74,-1,74,73,75,-1,74,75,36,-1,36,75,76,-1,36,76,35,-1,30,77,31,-1,31,77,78,-1,31,78,79,-1,79,78,80,-1,79,80,81,-1,81,80,82,-1,81,82,83,-1,83,82,84,-1,83,84,85,-1,85,84,86,-1,85,86,87,-1,87,86,88,-1,87,88,89,-1,89,88,90,-1,89,90,91,-1,91,90,92,-1,91,92,64,-1,64,92,93,-1,64,93,65,-1,57,94,95,-1,57,95,59,-1,59,95,96,-1,59,96,61,-1,61,96,97,-1,61,97,63,-1,62,63,98,-1,98,63,97,-1,62,98,99,-1,62,99,60,-1,60,99,100,-1,60,100,58,-1,58,100,101,-1,58,101,56,-1,56,101,102,-1,56,102,54,-1,54,102,103,-1,54,103,52,-1,52,103,104,-1,52,104,50,-1,50,104,105,-1,50,105,48,-1,48,105,106,-1,48,106,46,-1,46,106,107,-1,46,107,44,-1,44,107,108,-1,44,108,30,-1,77,30,109,-1,109,30,108,-1,77,109,110,-1,77,110,78,-1,78,110,111,-1,78,111,80,-1,80,111,112,-1,80,112,82,-1,82,112,113,-1,82,113,84,-1,84,113,114,-1,84,114,86,-1,86,114,115,-1,86,115,88,-1,88,115,116,-1,88,116,90,-1,90,116,117,-1,90,117,92,-1,92,117,118,-1,92,118,93,-1,93,118,119,-1,93,119,65,-1,65,119,120,-1,65,120,67,-1,67,120,121,-1,67,121,69,-1,69,121,122,-1,69,122,71,-1,71,122,123,-1,71,123,73,-1,73,123,124,-1,73,124,75,-1,75,124,125,-1,75,125,76,-1,76,125,126,-1,76,126,35,-1,35,126,127,-1,35,127,33,-1,28,33,128,-1,128,33,127,-1,26,28,129,-1,129,28,128,-1,27,26,130,-1,130,26,129,-1,29,27,131,-1,131,27,130,-1,29,131,132,-1,29,132,45,-1,45,132,133,-1,45,133,47,-1,47,133,134,-1,47,134,49,-1,49,134,135,-1,49,135,51,-1,51,135,136,-1,51,136,53,-1,53,136,137,-1,53,137,55,-1,55,137,94,-1,55,94,57,-1,79,138,139,-1,79,139,31,-1,31,139,140,-1,31,140,32,-1,32,140,141,-1,32,141,37,-1,87,142,143,-1,87,143,85,-1,85,143,144,-1,85,144,83,-1,83,144,145,-1,83,145,81,-1,81,145,138,-1,81,138,79,-1,66,146,147,-1,66,147,64,-1,64,147,148,-1,64,148,91,-1,91,148,149,-1,91,149,89,-1,89,149,142,-1,89,142,87,-1,72,150,151,-1,72,151,70,-1,70,151,152,-1,70,152,68,-1,68,152,146,-1,68,146,66,-1,43,153,154,-1,43,154,34,-1,34,154,155,-1,34,155,36,-1,36,155,156,-1,36,156,74,-1,74,156,150,-1,74,150,72,-1,39,157,158,-1,39,158,40,-1,40,158,159,-1,40,159,41,-1,41,159,160,-1,41,160,42,-1,42,160,153,-1,42,153,43,-1,39,38,157,-1,157,38,161,-1,38,37,161,-1,161,37,141,-1,
        ]
    }
}
Shape{
    appearance Appearance {
        material  Material 	{
            diffuseColor 0.8509803921568627 0.8509803921568627 0.8509803921568627
            specularColor 0.4235294117647059 0.4235294117647059 0.4235294117647059
            ambientIntensity 0.851
            transparency 0.0
            shininess 0.5
        }
    }
    geometry IndexedFaceSet {
        ccw TRUE
        solid FALSE
        coord DEF co Coordinate {
            point [
                0.1975 -1.4291 1.4173, 0.1975 -1.4278 1.4173, 0.1514 -1.4274 1.4173, 0.1975 -1.4168 1.4173, 0.1708 -1.4204 1.4173, 0.1587 -1.4232 1.4173, 0.154 -1.4254 1.4173, 0.1962 -1.438 1.4173, 0.149 -1.4304 1.4173, 0.1933 -1.4452 1.4173, 0.1501 -1.4536 1.4173, 0.1519 -1.4553 1.4173, 0.1864 -1.4536 1.4173, 0.1479 -1.4502 1.4173, 0.1808 -1.4574 1.4173, 0.1747 -1.4596 1.4173, 0.1672 -1.4604 1.4173, 0.1472 -1.4341 1.4173, 0.1462 -1.4387 1.4173, 0.1889 -1.4511 1.4173, 0.146 -1.4419 1.4173, 0.1466 -1.4465 1.4173, 0.1559 -1.458 1.4173, 0.1604 -1.4597 1.4173
            ]
        }
        coordIndex [
            0,1,2,-1,1,3,4,-1,4,5,1,-1,1,5,6,-1,1,6,2,-1,0,2,7,-1,7,2,8,-1,7,8,9,-1,10,11,12,-1,10,12,13,-1,14,12,15,-1,15,12,16,-1,8,17,9,-1,9,17,18,-1,9,18,19,-1,19,18,20,-1,19,20,12,-1,12,20,21,-1,12,21,13,-1,11,22,12,-1,12,22,23,-1,12,23,16,-1,
        ]
    }
}
Shape{
    appearance Appearance {
        material  Material 	{
            diffuseColor 0.0 0.0 0.0
            specularColor 0.0 0.0 0.0
            ambientIntensity 0.0
            transparency 0.0
            shininess 0.5
        }
    }
    geometry IndexedFaceSet {
        ccw TRUE
        solid FALSE
        coord DEF co Coordinate {
            point [
                0.2448 -1.4495 1.4173, 0.2448 -1.4495 1.4177, 0.2519 -1.4539 1.4177, 0.2778 -1.4605 1.4177, 0.2778 -1.4605 1.4173, 0.2645 -1.4589 1.4173, 0.2645 -1.4589 1.4177, 0.254 -1.4548 1.4173, 0.2519 -1.4539 1.4173, 0.2448 -1.4702 1.4177, 0.2448 -1.4702 1.4173, 0.2758 -1.4769 1.4173, 0.2758 -1.4769 1.4177, 0.258 -1.4749 1.4177, 0.254 -1.4735 1.4173, 0.258 -1.4749 1.4173, 0.2921 -1.4752 1.4173, 0.2921 -1.4752 1.4177, 0.3031 -1.4714 1.4173, 0.3031 -1.4714 1.4177, 0.3091 -1.4678 1.4173, 0.3091 -1.4678 1.4177, 0.3149 -1.4628 1.4173, 0.3149 -1.4628 1.4177, 0.3186 -1.4575 1.4173, 0.3186 -1.4575 1.4177, 0.3211 -1.4511 1.4173, 0.3211 -1.4511 1.4177, 0.322 -1.4431 1.4173, 0.322 -1.4431 1.4177, 0.3212 -1.4356 1.4173, 0.3212 -1.4356 1.4177, 0.3191 -1.4297 1.4173, 0.3191 -1.4297 1.4177, 0.3153 -1.4242 1.4173, 0.3153 -1.4242 1.4177, 0.3105 -1.4199 1.4173, 0.3105 -1.4199 1.4177, 0.2972 -1.4125 1.4173, 0.2972 -1.4125 1.4177, 0.2894 -1.4093 1.4173, 0.2894 -1.4093 1.4177, 0.277 -1.4039 1.4173, 0.277 -1.4039 1.4177, 0.27 -1.3995 1.4173, 0.27 -1.3995 1.4177, 0.268 -1.3974 1.4173, 0.268 -1.3974 1.4177, 0.2666 -1.3947 1.4173, 0.2666 -1.3947 1.4177, 0.2658 -1.3915 1.4173, 0.2658 -1.3915 1.4177, 0.2656 -1.3889 1.4173, 0.2656 -1.3889 1.4177, 0.2659 -1.3857 1.4173, 0.2659 -1.3857 1.4177, 0.2669 -1.383 1.4173, 0.2669 -1.383 1.4177, 0.2686 -1.3804 1.4173, 0.2686 -1.3804 1.4177, 0.2717 -1.3777 1.4173, 0.2717 -1.3777 1.4177, 0.2762 -1.3753 1.4173, 0.2762 -1.3753 1.4177, 0.2815 -1.3739 1.4173, 0.2815 -1.3739 1.4177, 0.2875 -1.3735 1.4173, 0.2875 -1.3735 1.4177, 0.3013 -1.3751 1.4173, 0.3013 -1.3751 1.4177, 0.3127 -1.3795 1.4173, 0.3127 -1.3795 1.4177, 0.3165 -1.3818 1.4173, 0.3165 -1.3818 1.4177, 0.3165 -1.3623 1.4177, 0.3165 -1.3623 1.4173, 0.3025 -1.3583 1.4173, 0.3025 -1.3583 1.4177, 0.2894 -1.3572 1.4173, 0.2894 -1.3572 1.4177, 0.2744 -1.3589 1.4173, 0.2744 -1.3589 1.4177, 0.2634 -1.3629 1.4173, 0.2634 -1.3629 1.4177, 0.2578 -1.3663 1.4173, 0.2578 -1.3663 1.4177, 0.2518 -1.3716 1.4177, 0.254 -1.3696 1.4173, 0.2518 -1.3716 1.4173, 0.2481 -1.377 1.4173, 0.2481 -1.377 1.4177, 0.2457 -1.3835 1.4173, 0.2457 -1.3835 1.4177, 0.2449 -1.3907 1.4173, 0.2449 -1.3907 1.4177, 0.2458 -1.3985 1.4173, 0.2458 -1.3985 1.4177, 0.248 -1.4046 1.4173, 0.248 -1.4046 1.4177, 0.2506 -1.4088 1.4173, 0.2506 -1.4088 1.4177, 0.2753 -1.4239 1.4173, 0.2753 -1.4239 1.4177, 0.2633 -1.4184 1.4177, 0.2539 -1.4122 1.4173, 0.2539 -1.4122 1.4177, 0.254 -1.4123 1.4173, 0.2633 -1.4184 1.4173, 0.2884 -1.4294 1.4173, 0.2884 -1.4294 1.4177, 0.2963 -1.4341 1.4173, 0.2963 -1.4341 1.4177, 0.2988 -1.4368 1.4173, 0.2988 -1.4368 1.4177, 0.3003 -1.4394 1.4173, 0.3003 -1.4394 1.4177, 0.3012 -1.4425 1.4173, 0.3012 -1.4425 1.4177, 0.3014 -1.445 1.4173, 0.3014 -1.445 1.4177, 0.301 -1.4489 1.4173, 0.301 -1.4489 1.4177, 0.3 -1.4517 1.4173, 0.3 -1.4517 1.4177, 0.2982 -1.4543 1.4173, 0.2982 -1.4543 1.4177, 0.2959 -1.4563 1.4173, 0.2959 -1.4563 1.4177, 0.2941 -1.4575 1.4173, 0.2941 -1.4575 1.4177, 0.2889 -1.4594 1.4173, 0.2889 -1.4594 1.4177, 0.2787 -1.4605 1.4173, 0.2787 -1.4605 1.4177, 0.4215 -1.3598 1.4177, 0.4422 -1.3598 1.4177, 0.4215 -1.3598 1.4173, 0.4422 -1.3598 1.4173, 0.3902 -1.4459 1.4177, 0.3902 -1.4459 1.4173, 0.3887 -1.4513 1.4173, 0.3887 -1.4513 1.4177, 0.3878 -1.4552 1.4173, 0.3878 -1.4552 1.4177, 0.3872 -1.4552 1.4177, 0.3872 -1.4552 1.4173, 0.3848 -1.4458 1.4177, 0.3848 -1.4458 1.4173, 0.3549 -1.3598 1.4173, 0.3549 -1.3598 1.4177, 0.3646 -1.3877 1.4173, 0.3325 -1.3598 1.4177, 0.3325 -1.3598 1.4173, 0.3773 -1.4739 1.4173, 0.3773 -1.4739 1.4177, 0.3646 -1.4415 1.4173, 0.3685 -1.4947 1.4177, 0.3685 -1.4947 1.4173, 0.3646 -1.5019 1.4173, 0.3646 -1.5019 1.4177, 0.3646 -1.502 1.4173, 0.3609 -1.5061 1.4177, 0.3609 -1.5061 1.4173, 0.3572 -1.5087 1.4173, 0.3572 -1.5087 1.4177, 0.3528 -1.5103 1.4173, 0.3528 -1.5103 1.4177, 0.348 -1.5109 1.4173, 0.348 -1.5109 1.4177, 0.3407 -1.5099 1.4173, 0.3407 -1.5099 1.4177, 0.3366 -1.5086 1.4173, 0.3366 -1.5086 1.4177, 0.3366 -1.5264 1.4177, 0.3366 -1.5264 1.4173, 0.3451 -1.5279 1.4173, 0.3451 -1.5279 1.4177, 0.3495 -1.5281 1.4173, 0.3495 -1.5281 1.4177, 0.3576 -1.5271 1.4173, 0.3646 -1.5245 1.4173, 0.3655 -1.5241 1.4177, 0.3576 -1.5271 1.4177, 0.3655 -1.5241 1.4173, 0.3726 -1.5192 1.4173, 0.3726 -1.5192 1.4177, 0.3739 -1.518 1.4173, 0.3739 -1.518 1.4177, 0.3813 -1.5091 1.4173, 0.3813 -1.5091 1.4177, 0.3903 -1.4915 1.4173, 0.3903 -1.4915 1.4177, 0.55 -1.4559 1.4177, 0.55 -1.4742 1.4177, 0.55 -1.4559 1.4173, 0.55 -1.4742 1.4173, 0.4845 -1.4559 1.4173, 0.4845 -1.4559 1.4177, 0.5145 -1.4559 1.4173, 0.4845 -1.4021 1.4177, 0.4845 -1.4021 1.4173, 0.5418 -1.4021 1.4173, 0.5418 -1.4021 1.4177, 0.5145 -1.4021 1.4173, 0.5418 -1.3837 1.4177, 0.5418 -1.3837 1.4173, 0.4845 -1.3837 1.4173, 0.4845 -1.3837 1.4177, 0.5145 -1.3837 1.4173, 0.4845 -1.3325 1.4173, 0.4845 -1.3325 1.4177, 0.4845 -1.3356 1.4173, 0.5463 -1.3325 1.4173, 0.5463 -1.3325 1.4177, 0.5145 -1.3325 1.4173, 0.5463 -1.314 1.4177, 0.5463 -1.314 1.4173, 0.4639 -1.314 1.4173, 0.4639 -1.314 1.4177, 0.5145 -1.314 1.4173, 0.4639 -1.4742 1.4173, 0.4639 -1.4742 1.4177, 0.4639 -1.3356 1.4173, 0.5145 -1.4742 1.4173, 0.6799 -1.4291 1.4177, 0.6718 -1.4392 1.4177, 0.6865 -1.4517 1.4177, 0.6698 -1.4411 1.4177, 0.6696 -1.4638 1.4177, 0.6594 -1.4482 1.4177, 0.6513 -1.4709 1.4177, 0.6461 -1.4533 1.4177, 0.6243 -1.4742 1.4177, 0.6242 -1.4559 1.4177, 0.5802 -1.4742 1.4177, 0.6009 -1.4559 1.4177, 0.5802 -1.314 1.4177, 0.6009 -1.3325 1.4177, 0.6259 -1.314 1.4177, 0.6251 -1.3325 1.4177, 0.6504 -1.3167 1.4177, 0.6461 -1.3348 1.4177, 0.6697 -1.3238 1.4177, 0.6599 -1.3399 1.4177, 0.6865 -1.3352 1.4177, 0.6713 -1.3475 1.4177, 0.6922 -1.3409 1.4177, 0.6772 -1.3536 1.4177, 0.7021 -1.3549 1.4177, 0.683 -1.363 1.4177, 0.708 -1.3702 1.4177, 0.6872 -1.3754 1.4177, 0.7106 -1.3921 1.4177, 0.6889 -1.3926 1.4177, 0.7098 -1.4051 1.4177, 0.6884 -1.4024 1.4177, 0.7054 -1.4234 1.4177, 0.6854 -1.4171 1.4177, 0.697 -1.4397 1.4177, 0.6243 -1.4742 1.4173, 0.5802 -1.4742 1.4173, 0.6513 -1.4709 1.4173, 0.6696 -1.4638 1.4173, 0.6865 -1.4517 1.4173, 0.697 -1.4397 1.4173, 0.7054 -1.4234 1.4173, 0.7098 -1.4051 1.4173, 0.7106 -1.3921 1.4173, 0.708 -1.3702 1.4173, 0.7021 -1.3549 1.4173, 0.6922 -1.3409 1.4173, 0.6868 -1.3356 1.4173, 0.6865 -1.3352 1.4173, 0.6697 -1.3238 1.4173, 0.6504 -1.3167 1.4173, 0.6259 -1.314 1.4173, 0.5802 -1.314 1.4173, 0.5802 -1.3356 1.4173, 0.6251 -1.3325 1.4173, 0.6009 -1.3325 1.4173, 0.6009 -1.4559 1.4173, 0.6242 -1.4559 1.4173, 0.6718 -1.4392 1.4173, 0.6698 -1.4411 1.4173, 0.6594 -1.4482 1.4173, 0.6461 -1.4533 1.4173, 0.6889 -1.3926 1.4173, 0.6884 -1.4024 1.4173, 0.6854 -1.4171 1.4173, 0.6799 -1.4291 1.4173, 0.6713 -1.3475 1.4173, 0.6772 -1.3536 1.4173, 0.683 -1.363 1.4173, 0.6872 -1.3754 1.4173, 0.6461 -1.3348 1.4173, 0.6599 -1.3399 1.4173
            ]
        }
        coordIndex [
            0,1,2,-1,3,4,5,-1,3,5,6,-1,6,5,7,-1,6,7,2,-1,2,7,8,-1,2,8,0,-1,9,1,10,-1,10,1,0,-1,11,12,13,-1,9,10,14,-1,9,14,13,-1,13,14,15,-1,13,15,11,-1,12,11,16,-1,12,16,17,-1,17,16,18,-1,17,18,19,-1,19,18,20,-1,19,20,21,-1,21,20,22,-1,21,22,23,-1,23,22,24,-1,23,24,25,-1,25,24,26,-1,25,26,27,-1,27,26,28,-1,27,28,29,-1,29,28,30,-1,29,30,31,-1,31,30,32,-1,31,32,33,-1,33,32,34,-1,33,34,35,-1,35,34,36,-1,35,36,37,-1,37,36,38,-1,37,38,39,-1,39,38,40,-1,39,40,41,-1,41,40,42,-1,41,42,43,-1,43,42,44,-1,43,44,45,-1,45,44,46,-1,45,46,47,-1,47,46,48,-1,47,48,49,-1,49,48,50,-1,49,50,51,-1,51,50,52,-1,51,52,53,-1,53,52,54,-1,53,54,55,-1,55,54,56,-1,55,56,57,-1,57,56,58,-1,57,58,59,-1,59,58,60,-1,59,60,61,-1,61,60,62,-1,61,62,63,-1,63,62,64,-1,63,64,65,-1,65,64,66,-1,65,66,67,-1,67,66,68,-1,67,68,69,-1,69,68,70,-1,69,70,71,-1,71,70,72,-1,71,72,73,-1,74,73,75,-1,75,73,72,-1,74,75,76,-1,74,76,77,-1,77,76,78,-1,77,78,79,-1,79,78,80,-1,79,80,81,-1,81,80,82,-1,81,82,83,-1,83,82,84,-1,83,84,85,-1,86,85,87,-1,87,85,84,-1,87,88,86,-1,86,88,89,-1,86,89,90,-1,90,89,91,-1,90,91,92,-1,92,91,93,-1,92,93,94,-1,94,93,95,-1,94,95,96,-1,96,95,97,-1,96,97,98,-1,98,97,99,-1,98,99,100,-1,101,102,103,-1,100,99,104,-1,100,104,105,-1,105,104,106,-1,105,106,103,-1,103,106,107,-1,103,107,101,-1,102,101,108,-1,102,108,109,-1,109,108,110,-1,109,110,111,-1,111,110,112,-1,111,112,113,-1,113,112,114,-1,113,114,115,-1,115,114,116,-1,115,116,117,-1,117,116,118,-1,117,118,119,-1,119,118,120,-1,119,120,121,-1,121,120,122,-1,121,122,123,-1,123,122,124,-1,123,124,125,-1,125,124,126,-1,125,126,127,-1,127,126,128,-1,127,128,129,-1,129,128,130,-1,129,130,131,-1,131,130,132,-1,131,132,133,-1,133,132,4,-1,133,4,3,-1,59,61,83,-1,83,61,81,-1,109,41,102,-1,102,41,43,-1,19,21,125,-1,125,21,23,-1,125,23,123,-1,123,23,25,-1,123,25,121,-1,121,25,27,-1,121,27,119,-1,119,27,29,-1,119,29,117,-1,117,29,31,-1,117,31,115,-1,115,31,33,-1,115,33,113,-1,113,33,35,-1,113,35,111,-1,111,35,37,-1,111,37,109,-1,109,37,39,-1,109,39,41,-1,12,3,13,-1,13,3,6,-1,13,6,9,-1,9,6,2,-1,9,2,1,-1,61,63,81,-1,81,63,65,-1,81,65,79,-1,79,65,67,-1,79,67,77,-1,77,67,69,-1,77,69,74,-1,74,69,71,-1,74,71,73,-1,125,127,19,-1,19,127,129,-1,19,129,17,-1,17,129,131,-1,17,131,12,-1,12,131,133,-1,12,133,3,-1,83,85,59,-1,59,85,86,-1,59,86,57,-1,57,86,90,-1,57,90,55,-1,55,90,92,-1,55,92,53,-1,53,92,94,-1,53,94,51,-1,51,94,96,-1,51,96,49,-1,49,96,98,-1,49,98,47,-1,47,98,100,-1,47,100,45,-1,45,100,105,-1,45,105,43,-1,43,105,103,-1,43,103,102,-1,134,135,136,-1,136,135,137,-1,138,134,139,-1,139,134,136,-1,138,139,140,-1,138,140,141,-1,141,140,142,-1,141,142,143,-1,144,143,145,-1,145,143,142,-1,146,144,147,-1,147,144,145,-1,148,149,150,-1,150,149,146,-1,150,146,147,-1,151,149,152,-1,152,149,148,-1,153,154,155,-1,155,154,151,-1,155,151,152,-1,156,154,157,-1,157,154,153,-1,156,157,158,-1,156,158,159,-1,159,158,160,-1,159,160,161,-1,160,162,161,-1,161,162,163,-1,161,163,164,-1,164,163,165,-1,164,165,166,-1,166,165,167,-1,166,167,168,-1,168,167,169,-1,168,169,170,-1,170,169,171,-1,170,171,172,-1,173,172,174,-1,174,172,171,-1,173,174,175,-1,173,175,176,-1,176,175,177,-1,176,177,178,-1,178,177,179,-1,180,181,179,-1,179,181,182,-1,179,182,178,-1,180,183,181,-1,181,183,184,-1,181,184,185,-1,185,184,186,-1,185,186,187,-1,187,186,188,-1,187,188,189,-1,189,188,190,-1,189,190,191,-1,135,191,137,-1,137,191,190,-1,141,143,191,-1,135,134,191,-1,191,134,138,-1,191,138,141,-1,149,151,146,-1,146,151,154,-1,146,154,144,-1,189,159,187,-1,187,159,161,-1,172,173,170,-1,170,173,176,-1,170,176,168,-1,168,176,178,-1,168,178,166,-1,166,178,182,-1,166,182,164,-1,164,182,181,-1,164,181,161,-1,161,181,185,-1,161,185,187,-1,143,144,191,-1,191,144,154,-1,191,154,189,-1,189,154,156,-1,189,156,159,-1,192,193,194,-1,194,193,195,-1,196,197,198,-1,198,197,192,-1,198,192,194,-1,199,197,200,-1,200,197,196,-1,201,202,203,-1,203,202,199,-1,203,199,200,-1,204,202,205,-1,205,202,201,-1,206,207,208,-1,208,207,204,-1,208,204,205,-1,209,210,211,-1,211,210,207,-1,211,207,206,-1,212,213,214,-1,214,213,210,-1,214,210,209,-1,215,213,216,-1,216,213,212,-1,217,218,219,-1,219,218,215,-1,219,215,216,-1,220,221,222,-1,222,221,218,-1,222,218,217,-1,195,193,223,-1,223,193,221,-1,223,221,220,-1,221,193,192,-1,192,197,221,-1,221,197,199,-1,221,199,218,-1,213,215,210,-1,210,215,218,-1,210,218,207,-1,207,218,199,-1,207,199,204,-1,204,199,202,-1,224,225,226,-1,226,225,227,-1,226,227,228,-1,228,227,229,-1,228,229,230,-1,230,229,231,-1,230,231,232,-1,232,231,233,-1,232,233,234,-1,234,233,235,-1,234,235,236,-1,236,235,237,-1,236,237,238,-1,238,237,239,-1,238,239,240,-1,240,239,241,-1,240,241,242,-1,242,241,243,-1,242,243,244,-1,244,243,245,-1,244,245,246,-1,246,245,247,-1,246,247,248,-1,248,247,249,-1,248,249,250,-1,250,249,251,-1,250,251,252,-1,252,251,253,-1,252,253,254,-1,254,253,255,-1,254,255,256,-1,256,255,257,-1,256,257,258,-1,258,257,224,-1,258,224,226,-1,232,234,259,-1,259,234,260,-1,232,259,261,-1,232,261,230,-1,230,261,262,-1,230,262,228,-1,228,262,263,-1,228,263,226,-1,226,263,264,-1,226,264,258,-1,258,264,265,-1,258,265,256,-1,256,265,266,-1,256,266,254,-1,254,266,267,-1,254,267,252,-1,252,267,268,-1,252,268,250,-1,250,268,269,-1,250,269,248,-1,248,269,270,-1,248,270,246,-1,246,270,244,-1,244,270,271,-1,244,271,272,-1,244,272,273,-1,244,273,242,-1,242,273,274,-1,242,274,240,-1,240,274,275,-1,240,275,238,-1,236,238,276,-1,276,238,275,-1,260,234,277,-1,277,234,236,-1,277,236,276,-1,239,237,278,-1,278,237,279,-1,237,235,279,-1,279,235,280,-1,235,233,280,-1,280,233,281,-1,225,282,283,-1,225,283,227,-1,227,283,284,-1,227,284,229,-1,229,284,285,-1,229,285,231,-1,231,285,281,-1,231,281,233,-1,253,286,287,-1,253,287,255,-1,255,287,288,-1,255,288,257,-1,257,288,289,-1,257,289,224,-1,224,289,282,-1,224,282,225,-1,245,290,291,-1,245,291,247,-1,247,291,292,-1,247,292,249,-1,249,292,293,-1,249,293,251,-1,251,293,286,-1,251,286,253,-1,239,278,294,-1,239,294,241,-1,241,294,295,-1,241,295,243,-1,243,295,290,-1,243,290,245,-1,
        ]
    }
}
Shape{
    appearance Appearance {
        material  Material 	{
            diffuseColor 0.8509803921568627 0.8509803921568627 0.8509803921568627
            specularColor 0.4235294117647059 0.4235294117647059 0.4235294117647059
            ambientIntensity 0.851
            transparency 0.0
            shininess 0.5
        }
    }
    geometry IndexedFaceSet {
        ccw TRUE
        solid FALSE
        coord DEF co Coordinate {
            point [
                0.6009 -1.3325 1.4173, 0.6009 -1.4559 1.4173, 0.6251 -1.3325 1.4173, 0.6242 -1.4559 1.4173, 0.6698 -1.4411 1.4173, 0.6718 -1.4392 1.4173, 0.6461 -1.4533 1.4173, 0.6594 -1.4482 1.4173, 0.6884 -1.4024 1.4173, 0.6889 -1.3926 1.4173, 0.6799 -1.4291 1.4173, 0.6854 -1.4171 1.4173, 0.6872 -1.3754 1.4173, 0.683 -1.363 1.4173, 0.6772 -1.3536 1.4173, 0.6713 -1.3475 1.4173, 0.6599 -1.3399 1.4173, 0.6461 -1.3348 1.4173
            ]
        }
        coordIndex [
            0,1,2,-1,2,1,3,-1,2,4,5,-1,3,6,2,-1,2,6,7,-1,2,7,4,-1,8,9,2,-1,5,10,2,-1,2,10,11,-1,2,11,8,-1,9,12,2,-1,2,12,13,-1,2,13,14,-1,14,15,2,-1,2,15,16,-1,2,16,17,-1,
        ]
    }
}
Shape{
    appearance Appearance {
        material  Material 	{
            diffuseColor 0.0 0.0 0.0
            specularColor 0.0 0.0 0.0
            ambientIntensity 0.0
            transparency 0.0
            shininess 0.5
        }
    }
    geometry IndexedFaceSet {
        ccw TRUE
        solid FALSE
        coord DEF co Coordinate {
            point [
                0.7643 -1.4123 1.4177, 0.7577 -1.4304 1.4177, 0.818 -1.4123 1.4177, 0.8244 -1.4304 1.4177, 0.7882 -1.3457 1.4177, 0.7805 -1.314 1.4177, 0.7195 -1.4742 1.4177, 0.7423 -1.4742 1.4177, 0.7896 -1.3409 1.4177, 0.7909 -1.3345 1.4177, 0.8026 -1.314 1.4177, 0.7913 -1.3345 1.4177, 0.7926 -1.3413 1.4177, 0.7938 -1.3457 1.4177, 0.8636 -1.4742 1.4177, 0.8408 -1.4742 1.4177, 0.8026 -1.314 1.4173, 0.8108 -1.3356 1.4173, 0.8636 -1.4742 1.4173, 0.7805 -1.314 1.4173, 0.7195 -1.4742 1.4173, 0.7723 -1.3356 1.4173, 0.7423 -1.4742 1.4173, 0.7577 -1.4304 1.4173, 0.8244 -1.4304 1.4173, 0.8408 -1.4742 1.4173, 0.7643 -1.4123 1.4173, 0.818 -1.4123 1.4173, 0.7938 -1.3457 1.4173, 0.7913 -1.3345 1.4173, 0.7926 -1.3413 1.4173, 0.7909 -1.3345 1.4173, 0.7882 -1.3457 1.4173, 0.7896 -1.3409 1.4173
            ]
        }
        coordIndex [
            0,1,2,-1,2,1,3,-1,4,5,0,-1,0,5,6,-1,0,6,1,-1,1,6,7,-1,4,8,5,-1,5,8,9,-1,5,9,10,-1,10,9,11,-1,10,11,12,-1,12,13,10,-1,10,13,2,-1,10,2,14,-1,14,2,3,-1,14,3,15,-1,16,10,17,-1,17,10,14,-1,17,14,18,-1,5,10,19,-1,19,10,16,-1,20,6,21,-1,21,6,5,-1,21,5,19,-1,7,6,22,-1,22,6,20,-1,1,7,23,-1,23,7,22,-1,3,1,24,-1,24,1,23,-1,15,3,25,-1,25,3,24,-1,14,15,18,-1,18,15,25,-1,0,2,26,-1,26,2,27,-1,2,13,27,-1,27,13,28,-1,11,29,30,-1,11,30,12,-1,12,30,28,-1,12,28,13,-1,11,9,29,-1,29,9,31,-1,4,32,33,-1,4,33,8,-1,8,33,31,-1,8,31,9,-1,4,0,32,-1,32,0,26,-1,
        ]
    }
}
Shape{
    appearance Appearance {
        material  Material 	{
            diffuseColor 0.8509803921568627 0.8509803921568627 0.8509803921568627
            specularColor 0.4235294117647059 0.4235294117647059 0.4235294117647059
            ambientIntensity 0.851
            transparency 0.0
            shininess 0.5
        }
    }
    geometry IndexedFaceSet {
        ccw TRUE
        solid FALSE
        coord DEF co Coordinate {
            point [
                0.7913 -1.3345 1.4173, 0.7909 -1.3345 1.4173, 0.7926 -1.3413 1.4173, 0.7896 -1.3409 1.4173, 0.7938 -1.3457 1.4173, 0.7882 -1.3457 1.4173, 0.818 -1.4123 1.4173, 0.7643 -1.4123 1.4173
            ]
        }
        coordIndex [
            0,1,2,-1,2,1,3,-1,2,3,4,-1,4,3,5,-1,4,5,6,-1,6,5,7,-1,
        ]
    }
}
Shape{
    appearance Appearance {
        material  Material 	{
            diffuseColor 0.0 0.0 0.0
            specularColor 0.0 0.0 0.0
            ambientIntensity 0.0
            transparency 0.0
            shininess 0.5
        }
    }
    geometry IndexedFaceSet {
        ccw TRUE
        solid FALSE
        coord DEF co Coordinate {
            point [
                -0.6868 -1.4969 1.4177, -0.6699 -1.5178 1.4177, -0.6971 -1.3962 1.4177, -0.717 -1.1984 1.4177, -0.6916 -1.1849 1.4177, -0.6976 -1.1148 1.4177, -0.6266 -1.1115 1.4177, -0.5913 -1.1946 1.4177, -0.5739 -1.1586 1.4177, -0.722 -1.3809 1.4177, -0.7127 -1.4681 1.4177, -0.6983 -1.4725 1.4177, -0.6527 -1.1093 1.4177, -0.5818 -1.3938 1.4177, -0.5712 -1.3976 1.4177, -0.4763 -1.4246 1.4177, -0.562 -1.4038 1.4177, -0.5547 -1.4119 1.4177, -0.3169 -1.3404 1.4177, -0.3522 -1.28 1.4177, -0.5047 -1.3597 1.4177, -0.5913 -1.3928 1.4177, -0.6024 -1.3942 1.4177, -0.6173 -1.3244 1.4177, -0.6123 -1.3981 1.4177, -0.6425 -1.334 1.4177, -0.6212 -1.4044 1.4177, -0.6658 -1.3502 1.4177, -0.6257 -1.4092 1.4177, -0.6846 -1.3717 1.4177, -0.6316 -1.4186 1.4177, -0.635 -1.4293 1.4177, -0.6355 -1.4404 1.4177, -0.5488 -1.3287 1.4177, -0.5763 -1.3218 1.4177, -0.5901 -1.321 1.4177, -0.5498 -1.4213 1.4177, -0.5472 -1.4318 1.4177, -0.4763 -1.436 1.4177, -0.5472 -1.4423 1.4177, -0.4769 -1.448 1.4177, -0.2793 -1.2277 1.4177, -0.2702 -1.2277 1.4177, -0.2235 -1.1662 1.4177, -0.2485 -1.2303 1.4177, -0.2179 -1.1681 1.4177, -0.2286 -1.238 1.4177, -0.1841 -1.1849 1.4177, -0.1532 -1.211 1.4177, -0.6032 -1.0843 1.4177, -0.5483 -1.1281 1.4177, -0.5765 -1.0614 1.4177, -0.5178 -1.1058 1.4177, -0.548 -1.0438 1.4177, -0.6635 -1.1782 1.4177, -0.6516 -1.1776 1.4177, -0.6396 -1.11 1.4177, -0.6248 -1.1809 1.4177, -0.5993 -1.1903 1.4177, -0.5246 -1.3416 1.4177, -0.1529 -1.4235 1.4177, -0.2059 -1.3783 1.4177, -0.1839 -1.4497 1.4177, -0.2228 -1.392 1.4177, -0.2186 -1.4667 1.4177, -0.2428 -1.4013 1.4177, -0.2565 -1.4747 1.4177, -0.2633 -1.4053 1.4177, -0.3237 -1.4747 1.4177, -0.3146 -1.4053 1.4177, -0.3301 -1.4737 1.4177, -0.6334 -1.4511 1.4177, -0.6289 -1.4607 1.4177, -0.211 -1.2503 1.4177, -0.1979 -1.2649 1.4177, -0.1299 -1.2434 1.4177, -0.1873 -1.2845 1.4177, -0.116 -1.2781 1.4177, -0.1819 -1.3064 1.4177, -0.1108 -1.3153 1.4177, -0.1814 -1.3165 1.4177, -0.116 -1.356 1.4177, -0.1841 -1.3387 1.4177, -0.1303 -1.392 1.4177, -0.192 -1.359 1.4177, -0.2045 -1.3767 1.4177, -0.285 -1.0762 1.4177, -0.3296 -1.1285 1.4177, -0.2471 -1.1201 1.4177, -0.3039 -1.1592 1.4177, -0.2863 -1.1959 1.4177, -0.7621 -1.2638 1.4177, -0.8369 -1.2828 1.4177, -0.7655 -1.2914 1.4177, -0.8372 -1.2937 1.4177, -0.7641 -1.3091 1.4177, -0.8317 -1.3383 1.4177, -0.7559 -1.3369 1.4177, -0.8154 -1.3807 1.4177, -0.7424 -1.3599 1.4177, -0.7894 -1.4178 1.4177, -0.7538 -1.4481 1.4177, -0.4836 -1.4761 1.4177, -0.5499 -1.4532 1.4177, -0.4971 -1.5014 1.4177, -0.5552 -1.463 1.4177, -0.5145 -1.5209 1.4177, -0.5613 -1.47 1.4177, -0.5371 -1.5367 1.4177, -0.57 -1.4762 1.4177, -0.5625 -1.5465 1.4177, -0.5799 -1.4801 1.4177, -0.5901 -1.5499 1.4177, -0.5913 -1.4816 1.4177, -0.5945 -1.5498 1.4177, -0.5932 -1.4815 1.4177, -0.6213 -1.5456 1.4177, -0.6034 -1.4799 1.4177, -0.6476 -1.5346 1.4177, -0.6137 -1.4754 1.4177, -0.6224 -1.4688 1.4177, -0.4954 -1.0238 1.4177, -0.4806 -1.0908 1.4177, -0.4398 -1.017 1.4177, -0.4387 -1.0853 1.4177, -0.3903 -1.0225 1.4177, -0.4001 -1.0901 1.4177, -0.3334 -1.0433 1.4177, -0.3644 -1.1038 1.4177, -0.3324 -1.126 1.4177, -0.7398 -1.1312 1.4177, -0.776 -1.1566 1.4177, -0.7365 -1.2158 1.4177, -0.7837 -1.1639 1.4177, -0.7523 -1.2384 1.4177, -0.8111 -1.199 1.4177, -0.8292 -1.24 1.4177, -0.3203 -1.4042 1.4177, -0.3477 -1.4628 1.4177, -0.345 -1.4655 1.4177, -0.3169 -1.405 1.4177, -0.3376 -1.4707 1.4177, -0.3567 -1.4394 1.4177, -0.3556 -1.4479 1.4177, -0.3526 -1.4556 1.4177, -0.3302 -1.4053 1.4177, -0.3381 -1.4084 1.4177, -0.3564 -1.4349 1.4177, -0.3451 -1.4133 1.4177, -0.3498 -1.4185 1.4177, -0.3541 -1.4263 1.4177, -0.3214 -1.4041 1.4177, -0.1108 -1.3153 1.4173, -0.116 -1.2781 1.4173, -0.1456 -1.2215 1.4173, -0.1199 -1.2684 1.4173, -0.1299 -1.2434 1.4173, -0.1532 -1.211 1.4173, -0.1841 -1.1849 1.4173, -0.2179 -1.1681 1.4173, -0.2235 -1.1662 1.4173, -0.2471 -1.1201 1.4173, -0.285 -1.0762 1.4173, -0.3334 -1.0433 1.4173, -0.3903 -1.0225 1.4173, -0.4398 -1.017 1.4173, -0.4954 -1.0238 1.4173, -0.548 -1.0438 1.4173, -0.5765 -1.0614 1.4173, -0.6032 -1.0843 1.4173, -0.6266 -1.1115 1.4173, -0.6396 -1.11 1.4173, -0.6527 -1.1093 1.4173, -0.6976 -1.1148 1.4173, -0.7398 -1.1312 1.4173, -0.776 -1.1566 1.4173, -0.7837 -1.1639 1.4173, -0.8372 -1.2937 1.4173, -0.8111 -1.199 1.4173, -0.821 -1.2215 1.4173, -0.8292 -1.24 1.4173, -0.8343 -1.2684 1.4173, -0.8369 -1.2828 1.4173, -0.832 -1.3356 1.4173, -0.8317 -1.3383 1.4173, -0.8154 -1.3807 1.4173, -0.7894 -1.4178 1.4173, -0.7538 -1.4481 1.4173, -0.7127 -1.4681 1.4173, -0.6983 -1.4725 1.4173, -0.6868 -1.4969 1.4173, -0.6699 -1.5178 1.4173, -0.6476 -1.5346 1.4173, -0.6213 -1.5456 1.4173, -0.5945 -1.5498 1.4173, -0.5901 -1.5499 1.4173, -0.5625 -1.5465 1.4173, -0.5371 -1.5367 1.4173, -0.5145 -1.5209 1.4173, -0.4971 -1.5014 1.4173, -0.4836 -1.4761 1.4173, -0.4769 -1.448 1.4173, -0.4763 -1.436 1.4173, -0.4763 -1.4246 1.4173, -0.3169 -1.3404 1.4173, -0.3522 -1.28 1.4173, -0.3197 -1.3356 1.4173, -0.5047 -1.3597 1.4173, -0.4585 -1.3356 1.4173, -0.5246 -1.3416 1.4173, -0.5358 -1.3356 1.4173, -0.5488 -1.3287 1.4173, -0.5763 -1.3218 1.4173, -0.5901 -1.321 1.4173, -0.6173 -1.3244 1.4173, -0.6425 -1.334 1.4173, -0.6448 -1.3356 1.4173, -0.6658 -1.3502 1.4173, -0.6846 -1.3717 1.4173, -0.6971 -1.3962 1.4173, -0.7655 -1.2914 1.4173, -0.722 -1.3809 1.4173, -0.7424 -1.3599 1.4173, -0.7559 -1.3369 1.4173, -0.7563 -1.3356 1.4173, -0.7641 -1.3091 1.4173, -0.7626 -1.2684 1.4173, -0.7621 -1.2638 1.4173, -0.7523 -1.2384 1.4173, -0.7405 -1.2215 1.4173, -0.7365 -1.2158 1.4173, -0.717 -1.1984 1.4173, -0.6916 -1.1849 1.4173, -0.6635 -1.1782 1.4173, -0.6516 -1.1776 1.4173, -0.6248 -1.1809 1.4173, -0.5993 -1.1903 1.4173, -0.5913 -1.1946 1.4173, -0.5739 -1.1586 1.4173, -0.5483 -1.1281 1.4173, -0.5178 -1.1058 1.4173, -0.4806 -1.0908 1.4173, -0.4387 -1.0853 1.4173, -0.2793 -1.2277 1.4173, -0.2807 -1.2215 1.4173, -0.2863 -1.1959 1.4173, -0.3039 -1.1592 1.4173, -0.3296 -1.1285 1.4173, -0.3324 -1.126 1.4173, -0.3644 -1.1038 1.4173, -0.4001 -1.0901 1.4173, -0.2702 -1.2277 1.4173, -0.2485 -1.2303 1.4173, -0.2286 -1.238 1.4173, -0.211 -1.2503 1.4173, -0.1979 -1.2649 1.4173, -0.196 -1.2684 1.4173, -0.1873 -1.2845 1.4173, -0.1819 -1.3064 1.4173, -0.1814 -1.3165 1.4173, -0.1837 -1.3356 1.4173, -0.1841 -1.3387 1.4173, -0.192 -1.359 1.4173, -0.2045 -1.3767 1.4173, -0.2059 -1.3783 1.4173, -0.2228 -1.392 1.4173, -0.2428 -1.4013 1.4173, -0.2633 -1.4053 1.4173, -0.3146 -1.4053 1.4173, -0.3169 -1.405 1.4173, -0.3203 -1.4042 1.4173, -0.3214 -1.4041 1.4173, -0.3302 -1.4053 1.4173, -0.3381 -1.4084 1.4173, -0.3451 -1.4133 1.4173, -0.3498 -1.4185 1.4173, -0.3541 -1.4263 1.4173, -0.3564 -1.4349 1.4173, -0.3567 -1.4394 1.4173, -0.3556 -1.4479 1.4173, -0.3526 -1.4556 1.4173, -0.3477 -1.4628 1.4173, -0.345 -1.4655 1.4173, -0.3376 -1.4707 1.4173, -0.3301 -1.4737 1.4173, -0.3237 -1.4747 1.4173, -0.2565 -1.4747 1.4173, -0.2186 -1.4667 1.4173, -0.1839 -1.4497 1.4173, -0.1529 -1.4235 1.4173, -0.1134 -1.3356 1.4173, -0.116 -1.356 1.4173, -0.1303 -1.392 1.4173, -0.5913 -1.3928 1.4173, -0.5818 -1.3938 1.4173, -0.5712 -1.3976 1.4173, -0.562 -1.4038 1.4173, -0.5547 -1.4119 1.4173, -0.5498 -1.4213 1.4173, -0.5472 -1.4318 1.4173, -0.5472 -1.4423 1.4173, -0.5499 -1.4532 1.4173, -0.5552 -1.463 1.4173, -0.5613 -1.47 1.4173, -0.57 -1.4762 1.4173, -0.5799 -1.4801 1.4173, -0.5913 -1.4816 1.4173, -0.5932 -1.4815 1.4173, -0.6034 -1.4799 1.4173, -0.6137 -1.4754 1.4173, -0.6224 -1.4688 1.4173, -0.6289 -1.4607 1.4173, -0.6334 -1.4511 1.4173, -0.6355 -1.4404 1.4173, -0.635 -1.4293 1.4173, -0.6316 -1.4186 1.4173, -0.6257 -1.4092 1.4173, -0.6212 -1.4044 1.4173, -0.6123 -1.3981 1.4173, -0.6024 -1.3942 1.4173
            ]
        }
        coordIndex [
            0,1,2,-1,3,4,5,-1,6,7,8,-1,9,10,2,-1,2,10,11,-1,2,11,0,-1,5,4,12,-1,13,14,15,-1,15,14,16,-1,15,16,17,-1,18,19,15,-1,15,19,20,-1,15,20,13,-1,13,20,21,-1,22,23,24,-1,24,23,25,-1,24,25,26,-1,26,25,27,-1,26,27,28,-1,28,27,29,-1,28,29,30,-1,30,29,2,-1,30,2,31,-1,31,2,32,-1,33,34,22,-1,22,34,35,-1,22,35,23,-1,17,36,15,-1,15,36,37,-1,15,37,38,-1,38,37,39,-1,38,39,40,-1,41,42,43,-1,43,42,44,-1,43,44,45,-1,45,44,46,-1,45,46,47,-1,47,46,48,-1,6,8,49,-1,49,8,50,-1,49,50,51,-1,51,50,52,-1,51,52,53,-1,4,54,12,-1,12,54,55,-1,12,55,56,-1,56,55,57,-1,56,57,6,-1,6,57,58,-1,6,58,7,-1,21,20,22,-1,22,20,59,-1,22,59,33,-1,60,61,62,-1,62,61,63,-1,62,63,64,-1,64,63,65,-1,64,65,66,-1,66,65,67,-1,66,67,68,-1,68,67,69,-1,68,69,70,-1,32,2,71,-1,71,2,1,-1,71,1,72,-1,46,73,48,-1,48,73,74,-1,48,74,75,-1,75,74,76,-1,75,76,77,-1,77,76,78,-1,77,78,79,-1,79,78,80,-1,79,80,81,-1,81,80,82,-1,81,82,83,-1,83,82,84,-1,83,84,60,-1,60,84,85,-1,60,85,61,-1,86,87,88,-1,88,87,89,-1,88,89,43,-1,43,89,90,-1,43,90,41,-1,91,92,93,-1,93,92,94,-1,93,94,95,-1,95,94,96,-1,95,96,97,-1,97,96,98,-1,97,98,99,-1,99,98,100,-1,99,100,9,-1,9,100,101,-1,9,101,10,-1,40,39,102,-1,102,39,103,-1,102,103,104,-1,104,103,105,-1,104,105,106,-1,106,105,107,-1,106,107,108,-1,108,107,109,-1,108,109,110,-1,110,109,111,-1,110,111,112,-1,112,111,113,-1,112,113,114,-1,114,113,115,-1,114,115,116,-1,116,115,117,-1,116,117,118,-1,118,117,119,-1,118,119,1,-1,1,119,120,-1,1,120,72,-1,53,52,121,-1,121,52,122,-1,121,122,123,-1,123,122,124,-1,123,124,125,-1,125,124,126,-1,125,126,127,-1,127,126,128,-1,127,128,86,-1,86,128,129,-1,86,129,87,-1,5,130,3,-1,3,130,131,-1,3,131,132,-1,132,131,133,-1,132,133,134,-1,134,133,135,-1,134,135,91,-1,91,135,136,-1,91,136,92,-1,137,138,139,-1,69,140,70,-1,70,140,137,-1,70,137,141,-1,141,137,139,-1,142,143,137,-1,137,143,144,-1,137,144,138,-1,145,146,147,-1,146,148,147,-1,147,148,149,-1,147,149,150,-1,142,137,147,-1,147,137,151,-1,147,151,145,-1,79,152,153,-1,154,48,75,-1,79,153,77,-1,77,153,155,-1,77,155,75,-1,75,155,156,-1,75,156,154,-1,154,157,48,-1,48,157,158,-1,48,158,47,-1,47,158,159,-1,47,159,45,-1,45,159,160,-1,45,160,43,-1,43,160,161,-1,43,161,88,-1,88,161,162,-1,88,162,86,-1,86,162,163,-1,86,163,127,-1,127,163,164,-1,127,164,125,-1,125,164,165,-1,125,165,123,-1,123,165,166,-1,123,166,121,-1,121,166,167,-1,121,167,53,-1,53,167,168,-1,53,168,51,-1,51,168,169,-1,51,169,49,-1,49,169,170,-1,49,170,6,-1,6,170,171,-1,6,171,56,-1,56,171,172,-1,56,172,12,-1,12,172,173,-1,12,173,5,-1,5,173,174,-1,5,174,130,-1,130,174,175,-1,130,175,131,-1,131,175,176,-1,131,176,133,-1,177,94,92,-1,133,176,178,-1,133,178,135,-1,135,178,179,-1,135,179,136,-1,179,180,136,-1,136,180,181,-1,136,181,92,-1,92,181,182,-1,92,182,177,-1,96,94,183,-1,183,94,177,-1,183,184,96,-1,96,184,185,-1,96,185,98,-1,98,185,186,-1,98,186,100,-1,100,186,187,-1,100,187,101,-1,101,187,188,-1,101,188,10,-1,10,188,189,-1,10,189,11,-1,11,189,190,-1,11,190,0,-1,0,190,191,-1,0,191,1,-1,1,191,192,-1,1,192,118,-1,118,192,193,-1,118,193,116,-1,116,193,194,-1,116,194,114,-1,114,194,195,-1,114,195,112,-1,112,195,196,-1,112,196,110,-1,110,196,197,-1,110,197,108,-1,108,197,198,-1,108,198,106,-1,106,198,199,-1,106,199,104,-1,104,199,200,-1,104,200,102,-1,102,200,201,-1,102,201,40,-1,40,201,202,-1,40,202,38,-1,15,38,203,-1,203,38,202,-1,18,15,204,-1,204,15,203,-1,205,19,206,-1,206,19,18,-1,206,18,204,-1,207,20,208,-1,208,20,19,-1,208,19,205,-1,20,207,209,-1,20,209,59,-1,59,209,210,-1,59,210,33,-1,210,211,33,-1,33,211,212,-1,33,212,34,-1,34,212,213,-1,34,213,35,-1,35,213,214,-1,35,214,23,-1,23,214,215,-1,23,215,25,-1,25,215,216,-1,25,216,27,-1,216,217,27,-1,27,217,218,-1,27,218,29,-1,29,218,219,-1,29,219,2,-1,220,93,95,-1,2,219,221,-1,2,221,9,-1,9,221,222,-1,9,222,99,-1,99,222,223,-1,99,223,97,-1,97,223,224,-1,97,224,95,-1,95,224,225,-1,95,225,220,-1,91,93,226,-1,226,93,220,-1,226,227,91,-1,91,227,228,-1,91,228,134,-1,134,228,229,-1,134,229,132,-1,229,230,132,-1,132,230,231,-1,132,231,3,-1,3,231,232,-1,3,232,4,-1,4,232,233,-1,4,233,54,-1,54,233,234,-1,54,234,55,-1,55,234,235,-1,55,235,57,-1,57,235,236,-1,57,236,58,-1,58,236,237,-1,58,237,7,-1,7,237,238,-1,7,238,8,-1,8,238,239,-1,8,239,50,-1,50,239,240,-1,50,240,52,-1,52,240,241,-1,52,241,122,-1,122,241,242,-1,122,242,124,-1,243,41,244,-1,244,41,90,-1,244,90,245,-1,245,90,89,-1,245,89,246,-1,246,89,87,-1,246,87,247,-1,247,87,129,-1,247,129,248,-1,248,129,128,-1,248,128,249,-1,249,128,126,-1,249,126,250,-1,250,126,124,-1,250,124,242,-1,42,41,251,-1,251,41,243,-1,42,251,252,-1,42,252,44,-1,44,252,253,-1,44,253,46,-1,46,253,254,-1,46,254,73,-1,73,254,255,-1,73,255,74,-1,74,255,256,-1,74,256,76,-1,256,257,76,-1,76,257,258,-1,76,258,78,-1,78,258,259,-1,78,259,80,-1,82,80,260,-1,260,80,259,-1,260,261,82,-1,82,261,262,-1,82,262,84,-1,84,262,263,-1,84,263,85,-1,85,263,264,-1,85,264,61,-1,61,264,265,-1,61,265,63,-1,63,265,266,-1,63,266,65,-1,65,266,267,-1,65,267,67,-1,69,67,268,-1,268,67,267,-1,69,268,269,-1,69,269,140,-1,140,269,270,-1,140,270,137,-1,137,270,271,-1,137,271,151,-1,151,271,272,-1,151,272,145,-1,145,272,273,-1,145,273,146,-1,146,273,274,-1,146,274,148,-1,148,274,275,-1,148,275,149,-1,149,275,276,-1,149,276,150,-1,150,276,277,-1,150,277,147,-1,147,277,278,-1,147,278,142,-1,142,278,279,-1,142,279,143,-1,143,279,280,-1,143,280,144,-1,144,280,281,-1,144,281,138,-1,138,281,282,-1,138,282,139,-1,139,282,283,-1,139,283,141,-1,141,283,284,-1,141,284,70,-1,70,284,285,-1,70,285,68,-1,66,68,286,-1,286,68,285,-1,66,286,287,-1,66,287,64,-1,64,287,288,-1,64,288,62,-1,62,288,289,-1,62,289,60,-1,152,79,290,-1,290,79,81,-1,290,81,291,-1,291,81,83,-1,291,83,292,-1,292,83,60,-1,292,60,289,-1,21,293,294,-1,21,294,13,-1,13,294,295,-1,13,295,14,-1,14,295,296,-1,14,296,16,-1,16,296,297,-1,16,297,17,-1,17,297,298,-1,17,298,36,-1,36,298,299,-1,36,299,37,-1,37,299,300,-1,37,300,39,-1,39,300,301,-1,39,301,103,-1,103,301,302,-1,103,302,105,-1,105,302,303,-1,105,303,107,-1,107,303,304,-1,107,304,109,-1,109,304,305,-1,109,305,111,-1,111,305,306,-1,111,306,113,-1,113,306,307,-1,113,307,115,-1,115,307,308,-1,115,308,117,-1,117,308,309,-1,117,309,119,-1,119,309,310,-1,119,310,120,-1,120,310,311,-1,120,311,72,-1,72,311,312,-1,72,312,71,-1,71,312,313,-1,71,313,32,-1,32,313,314,-1,32,314,31,-1,31,314,315,-1,31,315,30,-1,30,315,316,-1,30,316,28,-1,28,316,317,-1,28,317,26,-1,26,317,318,-1,26,318,24,-1,24,318,319,-1,24,319,22,-1,22,319,293,-1,22,293,21,-1,
        ]
    }
}
Shape{
    appearance Appearance {
        material  Material 	{
            diffuseColor 0.8509803921568627 0.8509803921568627 0.8509803921568627
            specularColor 0.4235294117647059 0.4235294117647059 0.4235294117647059
            ambientIntensity 0.851
            transparency 0.0
            shininess 0.5
        }
    }
    geometry IndexedFaceSet {
        ccw TRUE
        solid FALSE
        coord DEF co Coordinate {
            point [
                -0.5932 -1.4815 1.4173, -0.6212 -1.4044 1.4173, -0.6257 -1.4092 1.4173, -0.5799 -1.4801 1.4173, -0.57 -1.4762 1.4173, -0.5818 -1.3938 1.4173, -0.5913 -1.3928 1.4173, -0.6024 -1.3942 1.4173, -0.6123 -1.3981 1.4173, -0.6334 -1.4511 1.4173, -0.6289 -1.4607 1.4173, -0.6224 -1.4688 1.4173, -0.5913 -1.4816 1.4173, -0.6316 -1.4186 1.4173, -0.635 -1.4293 1.4173, -0.6355 -1.4404 1.4173, -0.6137 -1.4754 1.4173, -0.6034 -1.4799 1.4173, -0.5613 -1.47 1.4173, -0.5552 -1.463 1.4173, -0.5499 -1.4532 1.4173, -0.5472 -1.4423 1.4173, -0.5472 -1.4318 1.4173, -0.5498 -1.4213 1.4173, -0.5547 -1.4119 1.4173, -0.562 -1.4038 1.4173, -0.5712 -1.3976 1.4173
            ]
        }
        coordIndex [
            0,1,2,-1,3,4,5,-1,6,7,0,-1,0,7,8,-1,0,8,1,-1,9,10,2,-1,2,10,11,-1,6,0,5,-1,5,0,12,-1,5,12,3,-1,13,14,2,-1,2,14,15,-1,2,15,9,-1,11,16,2,-1,2,16,17,-1,2,17,0,-1,4,18,5,-1,5,18,19,-1,5,19,20,-1,20,21,5,-1,5,21,22,-1,5,22,23,-1,23,24,5,-1,5,24,25,-1,5,25,26,-1,
        ]
    }
}